_id,Nº/ANO,FATO,FATO AGRUPADO,DATA DO FATO,HORA DO FATO,UF,MUNICÍPIO,CÓDIGO IBGE,BAIRRO,SUBTIPO_FEMINICIDIO,TENTADO,ENVOLVE_VD,DESC_MEDIDA_PROTETIVA,ANO,MES
19,2765/2026 - 1DEAM,FEMINICIDIO,"CRIMES VIOLENTOS LETAIS INTENCIONAIS, FEMINICIDIO, PROJETO ACOLHIDA, FATOS TIPICOS",13/04/2026,08:35:00,MS,Campo Grande,5002704,JARDIM NOROESTE,FEMINICÍDIO,False,False,False,2026,4
20,212/2026 - DP-ELDORADO,"SUICIDIO, FEMINICIDIO","MORTE DECORRENTE DE FATO ATIPICO, CRIMES VIOLENTOS LETAIS INTENCIONAIS, FEMINICIDIO, PROJETO ACOLHIDA, FATOS TIPICOS",12/04/2026,23:50:00,MS,Eldorado,5003751,JARDIM NOVO ELDORADO,FEMINICÍDIO,False,False,False,2026,4
29,2561/2026 - 1DEAM,"PORTE ILEGAL DE ARMA DE FOGO DE USO PERMITIDO, ADQUIRIR, POSSUIR OU ARMAZENAR, POR QUALQUER MEIO, FOTOGRAFIA, VIDEO OU OUTRA FORMA DE REGISTRO QUE CONTENHA CENA DE SEXO EXPLICITO OU PORNOGRAFICA ENVOLVENDO CRIANCA OU ADOLESCENTE, FEMINICIDIO","FATOS TIPICOS, PORTE E POSSE DE ARMA DE FOGO, FATOS TIPICOS, PEDOFILIA, CRIMES VIOLENTOS LETAIS INTENCIONAIS, FEMINICIDIO, PROJETO ACOLHIDA, FATOS TIPICOS",06/04/2026,11:35:00,MS,Campo Grande,5002704,CONJUNTO HABITACIONAL ESTRELA D ALVA I,FEMINICÍDIO,False,False,False,2026,4
44,110/2026 - DP-SELVÍRIA,FEMINICIDIO,"CRIMES VIOLENTOS LETAIS INTENCIONAIS, FEMINICIDIO, PROJETO ACOLHIDA, FATOS TIPICOS",23/03/2026,08:35:00,MS,Selvíria,5007802,CENTRO,FEMINICÍDIO,False,False,False,2026,3
70,77/2026 - DP-PARANHOS,"FEMINICIDIO, NAS CIRCUNSTANCIAS PREVISTAS NOS INCISOS III, IV E VIII DO § 2º DO ART. 121 DESTE CODIGO","PROJETO ACOLHIDA, FATOS TIPICOS, CRIMES VIOLENTOS LETAIS INTENCIONAIS, FEMINICIDIO",08/03/2026,01:00:00,MS,Paranhos,5006358,,FEMINICÍDIO,False,False,False,2026,3
72,255/2026 - DP-ANASTACIO,FEMINICIDIO,"CRIMES VIOLENTOS LETAIS INTENCIONAIS, FEMINICIDIO, PROJETO ACOLHIDA, FATOS TIPICOS",06/03/2026,22:30:00,MS,Anastácio,5000708,,FEMINICÍDIO,False,False,False,2026,3
76,537/2026 - 1DP-PONTA PORÃ,"HOMICIDIO QUALIFICADO, PARA ASSEGURAR A EXECUCAO, A OCULTACAO, A IMPUNIDADE OU VANTAGEM DE OUTRO CRIME, NA FORMA TENTADA, FEMINICIDIO, VIOLENCIA DOMESTICA E FAMILIAR, NA FORMA TENTADA, FEMINICIDIO, NA PRESENÇA FISICA OU VIRTUAL DE DESCENDENTE OU DE ASCENDENTE DA VITIMA","FATOS TIPICOS, VIOLENCIA DOMESTICA, FEMINICIDIO NA FORMA TENTADA, FATOS TIPICOS, CRIMES VIOLENTOS LETAIS INTENCIONAIS, FEMINICIDIO, FATOS TIPICOS, PROJETO ACOLHIDA",03/03/2026,17:34:00,MS,Ponta Porã,5006606,VILA RENO,FEMINICÍDIO TENTADO,True,True,False,2026,3
83,902/2026 - DEPAC-TL,FEMINICIDIO,"CRIMES VIOLENTOS LETAIS INTENCIONAIS, FEMINICIDIO, PROJETO ACOLHIDA, FATOS TIPICOS",25/02/2026,02:27:00,MS,Três Lagoas,5008305,NOVO OESTE 2,FEMINICÍDIO,False,False,False,2026,2
87,331/2026 - 1DP-COXIM,"QUANDO SE TRATAR DE CAO OU GATO, A PENA PARA AS CONDUTAS DESCRITAS NO CAPUT DESTE ARTIGO SERA DE RECLUSAO, DE 2 (DOIS) A 5 (CINCO) ANOS, MULTA E PROIBIÇÃO DA GUARDA, FEMINICIDIO","FATOS TIPICOS, CRIMES VIOLENTOS LETAIS INTENCIONAIS, FEMINICIDIO, PROJETO ACOLHIDA, FATOS TIPICOS",22/02/2026,04:30:00,MS,Coxim,5003306,SENHOR DIVINO,FEMINICÍDIO,False,False,False,2026,2
120,390/2026 - 1DP-CORUMBA,"AMEACA, DESACATO, FEMINICIDIO","AMEAÇA, FATOS TIPICOS, FATOS TIPICOS, CRIMES VIOLENTOS LETAIS INTENCIONAIS, FEMINICIDIO, PROJETO ACOLHIDA, FATOS TIPICOS",24/01/2026,18:33:00,MS,Corumbá,5003207,VILA GUARANI,FEMINICÍDIO,False,False,False,2026,1
131,43/2026 - DP-BELA VISTA,"SUICIDIO, FEMINICIDIO","MORTE DECORRENTE DE FATO ATIPICO, CRIMES VIOLENTOS LETAIS INTENCIONAIS, FEMINICIDIO, PROJETO ACOLHIDA, FATOS TIPICOS",15/01/2026,20:00:00,MS,Bela Vista,5002100,,FEMINICÍDIO,False,False,False,2026,1
176,1586/2025 - DP-RIBAS RIO PARDO,"DESCUMPRIR DECISAO JUDICIAL QUE DEFERE MEDIDAS PROTETIVAS DE URGENCIA PREVISTAS NESTA LEI, FEMINICIDIO, VIOLENCIA DOMESTICA E FAMILIAR","FATOS TIPICOS, CRIMES VIOLENTOS LETAIS INTENCIONAIS, FEMINICIDIO, PROJETO ACOLHIDA, FATOS TIPICOS, VIOLENCIA DOMESTICA",14/12/2025,01:17:00,MS,Ribas Do Rio Pardo,5007109,,FEMINICÍDIO,False,True,True,2025,12
181,8564/2025 - 1DEAM,"VILIPENDIO A CADAVER, LESAO CORPORAL, SE A LESAO FOR PRATICADA CONTRA A MULHER, POR RAZOES DA CONDIÇAO DO SEXO FEMININO (VIOLENCIA DOMESTICA), FEMINICIDIO","FATOS TIPICOS, VIOLENCIA DOMESTICA, FATOS TIPICOS, DOS CRIMES CONTRA A PESSOA, CRIMES VIOLENTOS LETAIS INTENCIONAIS, FEMINICIDIO, PROJETO ACOLHIDA, FATOS TIPICOS",08/12/2025,08:00:00,MS,Campo Grande,5002704,VILA TAVEIROPOLIS,FEMINICÍDIO,False,True,False,2025,12
200,8963/2025 - DEPAC-DDOS,"DESCUMPRIR DECISAO JUDICIAL QUE DEFERE MEDIDAS PROTETIVAS DE URGENCIA PREVISTAS NESTA LEI, FEMINICIDIO","FATOS TIPICOS, CRIMES VIOLENTOS LETAIS INTENCIONAIS, FEMINICIDIO, PROJETO ACOLHIDA, FATOS TIPICOS",23/11/2025,23:26:00,MS,Dourados,5003702,VILA SULMAT,FEMINICÍDIO,False,False,True,2025,11
212,601/2025 - DP-SONORA,FEMINICIDIO,"CRIMES VIOLENTOS LETAIS INTENCIONAIS, FEMINICIDIO, PROJETO ACOLHIDA, FATOS TIPICOS",18/11/2025,07:25:00,MS,Sonora,5007935,CENTRO,FEMINICÍDIO,False,False,False,2025,11
221,388/2025 - DP-ROCHEDO,"INCENDIO, HOMICIDIO QUALIFICADO COM EMPREGO DE VENENO, FOGO, EXPLOSIVO, ASFIXIA, TORTURA OU OUTRO MEIO INSIDIOSO, FEMINICIDIO, NAS CIRCUNSTANCIAS PREVISTAS NOS INCISOS III, IV E VIII DO § 2º DO ART. 121 DESTE CODIGO","FATOS TIPICOS, INCENDIO, CRIMES VIOLENTOS LETAIS INTENCIONAIS, FATOS TIPICOS QUE RESULTAM EM MORTE, HOMICIDIO DOLOSO, PROJETO ACOLHIDA, FATOS TIPICOS, PROJETO ACOLHIDA, FATOS TIPICOS, CRIMES VIOLENTOS LETAIS INTENCIONAIS, FEMINICIDIO",10/11/2025,00:10:00,MS,Rochedo,5007505,PARQUE DOS DIAMANTES,FEMINICÍDIO,False,False,False,2025,11
229,1094/2025 - DP-APARECIDA,FEMINICIDIO,"CRIMES VIOLENTOS LETAIS INTENCIONAIS, FEMINICIDIO, PROJETO ACOLHIDA, FATOS TIPICOS",04/11/2025,22:55:00,MS,Aparecida Do Taboado,5001003,JARDIM REDENTORA,FEMINICÍDIO,False,False,False,2025,11
230,1258/2025 - 1DP-JARDIM,"FEMINICIDIO, VIOLENCIA DOMESTICA E FAMILIAR","CRIMES VIOLENTOS LETAIS INTENCIONAIS, FEMINICIDIO, PROJETO ACOLHIDA, FATOS TIPICOS, VIOLENCIA DOMESTICA",04/11/2025,20:00:00,MS,Jardim,5005004,SANTA LUZIA,FEMINICÍDIO,False,True,False,2025,11
239,7534/2025 - 1DEAM,"RESISTENCIA, DESOBEDIENCIA, OMISSAO DE SOCORRO, QUALIFICADA SE RESULTA MORTE, FEMINICIDIO, VIOLENCIA DOMESTICA E FAMILIAR","FATOS TIPICOS, FATOS TIPICOS, FATOS TIPICOS, CRIMES VIOLENTOS LETAIS INTENCIONAIS, FEMINICIDIO, PROJETO ACOLHIDA, FATOS TIPICOS, VIOLENCIA DOMESTICA",28/10/2025,20:21:00,MS,Campo Grande,5002704,JARDIM COLUMBIA,FEMINICÍDIO,False,True,False,2025,10
246,715/2025 - DAM-TRÊS LAGOAS,"FEMINICIDIO, EM DESCUMPRIMENTO DAS MEDIDAS PROTETIVAS DE URGENCIA PREVISTAS NOS INCISOS I, II E III DO CAPUT DO ART. 22 DA LEI Nº 11.340, DE 7 DE AGOSTO DE 2006 (LEI MARIA DA PENHA)","FEMINICIDIO, PROJETO ACOLHIDA, FATOS TIPICOS, CRIMES VIOLENTOS LETAIS INTENCIONAIS",21/10/2025,14:24:00,MS,Três Lagoas,5008305,,FEMINICÍDIO,False,True,True,2025,10
252,493/2025 - DP-BANDEIRANTES,"PORTE ILEGAL DE ARMA DE FOGO DE USO PERMITIDO, TRAFICO DE DROGAS, FEMINICIDIO","FATOS TIPICOS, PORTE E POSSE DE ARMA DE FOGO, DROGAS, FATOS TIPICOS, CRIMES VIOLENTOS LETAIS INTENCIONAIS, FEMINICIDIO, PROJETO ACOLHIDA, FATOS TIPICOS",12/10/2025,15:30:00,MS,Bandeirantes,5001508,SILVINO DE BARROS,FEMINICÍDIO,False,False,False,2025,10
256,2360/2025 - 1DP-PARANAIBA,FEMINICIDIO,"CRIMES VIOLENTOS LETAIS INTENCIONAIS, FEMINICIDIO, PROJETO ACOLHIDA, FATOS TIPICOS",09/10/2025,22:30:00,MS,Paranaíba,5006309,CENTRO,FEMINICÍDIO,False,False,False,2025,10
269,6840/2025 - 1DEAM,"SUICIDIO, FEMINICIDIO","MORTE DECORRENTE DE FATO ATIPICO, CRIMES VIOLENTOS LETAIS INTENCIONAIS, FEMINICIDIO, PROJETO ACOLHIDA, FATOS TIPICOS",02/10/2025,19:58:00,MS,Campo Grande,5002704,MONTE CASTELO,FEMINICÍDIO,False,False,False,2025,10
300,631/2025 - DP-BELA VISTA,"HOMICIDIO SIMPLES, FEMINICIDIO, NAS CIRCUNSTANCIAS PREVISTAS NOS INCISOS III, IV E VIII DO § 2º DO ART. 121 DESTE CODIGO","FATOS TIPICOS, CRIMES VIOLENTOS LETAIS INTENCIONAIS, HOMICIDIO DOLOSO, FATOS TIPICOS QUE RESULTAM EM MORTE, PROJETO ACOLHIDA, PROJETO ACOLHIDA, FATOS TIPICOS, CRIMES VIOLENTOS LETAIS INTENCIONAIS, FEMINICIDIO",13/09/2025,14:30:00,MS,Bela Vista,5002100,ESPIRITO SANTO,FEMINICÍDIO,False,False,False,2025,9
304,225/2025 - DP-DOIS IRMAOS,"FEMINICIDIO, VIOLENCIA DOMESTICA E FAMILIAR","CRIMES VIOLENTOS LETAIS INTENCIONAIS, FEMINICIDIO, PROJETO ACOLHIDA, FATOS TIPICOS, VIOLENCIA DOMESTICA",08/09/2025,02:00:00,MS,Dois Irmãos Do Buriti,5003488,CENTRO,FEMINICÍDIO,False,True,False,2025,9
333,1192/2025 - 1DP-BATAGUASSU,"SEQUESTRO E CARCERE PRIVADO, FEMINICIDIO, VIOLENCIA DOMESTICA E FAMILIAR","FATOS TIPICOS, SEQUESTRO E CARCERE PRIVADO, CRIMES VIOLENTOS LETAIS INTENCIONAIS, FEMINICIDIO, PROJETO ACOLHIDA, FATOS TIPICOS, VIOLENCIA DOMESTICA",22/08/2025,20:00:00,MS,Bataguassu,5001904,JARDIM REAL,FEMINICÍDIO,False,True,False,2025,8
350,552/2025 - DP-BELA VISTA,"DESTRUICAO, SUBTRACAO OU OCULTACAO DE CADAVER, ESTUPRO, FEMINICIDIO, VIOLENCIA DOMESTICA E FAMILIAR","FATOS TIPICOS, FATOS TIPICOS, ESTUPRO, CRIMES VIOLENTOS LETAIS INTENCIONAIS, FEMINICIDIO, PROJETO ACOLHIDA, FATOS TIPICOS, VIOLENCIA DOMESTICA",08/08/2025,19:00:00,MS,Bela Vista,5002100,,FEMINICÍDIO,False,True,False,2025,8
355,3259/2025 - 1DP-CORUMBA,"POSSE IRREGULAR DE ARMA DE FOGO DE USO PERMITIDO, FEMINICIDIO - REVOGADO","FATOS TIPICOS, PORTE E POSSE DE ARMA DE FOGO, FEMINICIDIO, CRIMES VIOLENTOS LETAIS INTENCIONAIS, PROJETO ACOLHIDA, FATOS TIPICOS",02/08/2025,20:20:00,MS,Corumbá,5003207,,FEMINICÍDIO (LEGISLAÇÃO REVOGADA),False,False,False,2025,8
356,976/2025 - DP-RIBAS RIO PARDO,"SUICIDIO, FEMINICIDIO, VIOLENCIA DOMESTICA E FAMILIAR REVOGADO","MORTE DECORRENTE DE FATO ATIPICO, FEMINICIDIO, VIOLENCIA DOMESTICA, FATOS TIPICOS, PROJETO ACOLHIDA, CRIMES VIOLENTOS LETAIS INTENCIONAIS",31/07/2025,15:40:00,MS,Ribas Do Rio Pardo,5007109,CENTRO,FEMINICÍDIO (LEGISLAÇÃO REVOGADA),False,True,False,2025,7
366,1615/2025 - 1DP-NAVIRAÍ,"LESAO CORPORAL DOLOSA, FEMINICIDIO, VIOLENCIA DOMESTICA E FAMILIAR REVOGADO, FEMINICIDIO","LESAO CORPORAL DOLOSA, FATOS TIPICOS, FEMINICIDIO, VIOLENCIA DOMESTICA, FATOS TIPICOS, PROJETO ACOLHIDA, CRIMES VIOLENTOS LETAIS INTENCIONAIS, CRIMES VIOLENTOS LETAIS INTENCIONAIS, FEMINICIDIO, PROJETO ACOLHIDA, FATOS TIPICOS",25/07/2025,22:31:00,MS,Navirai,5005707,RESIDENCIAL SOL NASCENTE,FEMINICÍDIO (LEGISLAÇÃO REVOGADA),False,True,False,2025,7
386,229/2025 - DP-GLÓRIA DOURADOS,"FEMINICIDIO, VIOLENCIA DOMESTICA E FAMILIAR REVOGADO","FEMINICIDIO, VIOLENCIA DOMESTICA, FATOS TIPICOS, PROJETO ACOLHIDA, CRIMES VIOLENTOS LETAIS INTENCIONAIS",03/07/2025,20:20:00,MS,Glória De Dourados,5004007,CENTRO,FEMINICÍDIO (LEGISLAÇÃO REVOGADA),False,True,False,2025,7
397,1075/2025 - DP-COSTA RICA,"FEMINICIDIO, VIOLENCIA DOMESTICA E FAMILIAR REVOGADO","FEMINICIDIO, VIOLENCIA DOMESTICA, FATOS TIPICOS, PROJETO ACOLHIDA, CRIMES VIOLENTOS LETAIS INTENCIONAIS",27/06/2025,19:00:00,MS,Costa Rica,5003256,CENTRO,FEMINICÍDIO (LEGISLAÇÃO REVOGADA),False,True,False,2025,6
405,964/2025 - DP-MARACAJU,"FEMINICIDIO, VIOLENCIA DOMESTICA E FAMILIAR REVOGADO","FEMINICIDIO, VIOLENCIA DOMESTICA, FATOS TIPICOS, PROJETO ACOLHIDA, CRIMES VIOLENTOS LETAIS INTENCIONAIS",20/06/2025,23:39:00,MS,Maracaju,5005400,VILA JUQUITA,FEMINICÍDIO (LEGISLAÇÃO REVOGADA),False,True,False,2025,6
406,741/2025 - DP-NOVA ALVORADA,"SUICIDIO, FEMINICIDIO, VIOLENCIA DOMESTICA E FAMILIAR REVOGADO, FEMINICIDIO, VIOLENCIA DOMESTICA E FAMILIAR, NA FORMA TENTADA REVOGADO","MORTE DECORRENTE DE FATO ATIPICO, FEMINICIDIO, VIOLENCIA DOMESTICA, FATOS TIPICOS, PROJETO ACOLHIDA, CRIMES VIOLENTOS LETAIS INTENCIONAIS, VIOLENCIA DOMESTICA, FATOS TIPICOS, FEMINICIDIO NA FORMA TENTADA",18/06/2025,21:50:00,MS,Nova Alvorada Do Sul,5006002,CENTRO,FEMINICÍDIO TENTADO,True,True,False,2025,6
417,2447/2025 - 1DP-CORUMBA,"AMEACA, FEMINICIDIO, MENOSPREZO OU DISCRIMINAÇAO DE MULHER - REVOGADO, VIOLENCIA PSICOLOGICA CONTRA A MULHER","AMEAÇA, FATOS TIPICOS, FATOS TIPICOS, PROJETO ACOLHIDA, FEMINICIDIO, CRIMES VIOLENTOS LETAIS INTENCIONAIS, FATOS TIPICOS",06/06/2025,15:00:00,MS,Corumbá,5003207,,FEMINICÍDIO (LEGISLAÇÃO REVOGADA),False,False,False,2025,6
427,4728/2025 - DEPAC-CEPOL-CG,"FEMINICIDIO - REVOGADO, FEMINICIDIO MAJORADO, SE PRATICADO CONTRA MENOR DE 14 ANOS","FEMINICIDIO, CRIMES VIOLENTOS LETAIS INTENCIONAIS, PROJETO ACOLHIDA, FATOS TIPICOS, FEMINICIDIO, PROJETO ACOLHIDA, FATOS TIPICOS, CRIMES VIOLENTOS LETAIS INTENCIONAIS",26/05/2025,18:00:00,MS,Campo Grande,5002704,,FEMINICÍDIO MAJORADO,False,False,False,2025,5
432,217/2025 - DP-CORONEL SAPUCAIA,"FEMINICIDIO, VIOLENCIA DOMESTICA E FAMILIAR REVOGADO","FEMINICIDIO, VIOLENCIA DOMESTICA, FATOS TIPICOS, PROJETO ACOLHIDA, CRIMES VIOLENTOS LETAIS INTENCIONAIS",23/05/2025,00:16:00,MS,Coronel Sapucaia,5003157,,FEMINICÍDIO (LEGISLAÇÃO REVOGADA),False,True,False,2025,5
434,190/2025 - DP-ANGELICA,"LESAO CORPORAL DOLOSA (VIOLENCIA DOMESTICA), FEMINICIDIO - REVOGADO","DOS CRIMES CONTRA A PESSOA, LESAO CORPORAL DOLOSA, VIOLENCIA DOMESTICA, FATOS TIPICOS, FEMINICIDIO, CRIMES VIOLENTOS LETAIS INTENCIONAIS, PROJETO ACOLHIDA, FATOS TIPICOS",21/05/2025,20:00:00,MS,Angélica,5000856,CENTRO,FEMINICÍDIO (LEGISLAÇÃO REVOGADA),False,True,False,2025,5
442,271/2025 - DP-ITAQUIRAI,"PORTE ILEGAL DE ARMA DE FOGO DE USO PERMITIDO, FEMINICIDIO MAJORADO, SE PRATICADO NA PRESENÇA DE DESCENDENTE OU DE ASCENDENTE DA VITIMA - REVOGADO","FATOS TIPICOS, PORTE E POSSE DE ARMA DE FOGO, CRIMES VIOLENTOS LETAIS INTENCIONAIS, FATOS TIPICOS, FEMINICIDIO, PROJETO ACOLHIDA",14/05/2025,06:00:00,MS,Itaquiraí,5004601,,FEMINICÍDIO MAJORADO,False,False,False,2025,5
445,570/2025 - DP-CASSILÂNDIA,FEMINICIDIO - REVOGADO,"FEMINICIDIO, CRIMES VIOLENTOS LETAIS INTENCIONAIS, PROJETO ACOLHIDA, FATOS TIPICOS",11/05/2025,03:00:00,MS,Cassilândia,5002902,CENTRO,FEMINICÍDIO (LEGISLAÇÃO REVOGADA),False,False,False,2025,5
472,634/2025 - DP-SIDROLANDIA,"LESAO CORPORAL DOLOSA, FEMINICIDIO - REVOGADO","LESAO CORPORAL DOLOSA, FATOS TIPICOS, FEMINICIDIO, CRIMES VIOLENTOS LETAIS INTENCIONAIS, PROJETO ACOLHIDA, FATOS TIPICOS",17/04/2025,22:00:00,MS,Sidrolândia,5007901,,FEMINICÍDIO (LEGISLAÇÃO REVOGADA),False,False,False,2025,4
493,118/2025 - DP-NIOAQUE,FEMINICIDIO - REVOGADO,"FEMINICIDIO, CRIMES VIOLENTOS LETAIS INTENCIONAIS, PROJETO ACOLHIDA, FATOS TIPICOS",29/03/2025,05:00:00,MS,Nioaque,5005806,SAO MIGUEL,FEMINICÍDIO (LEGISLAÇÃO REVOGADA),False,False,False,2025,3
533,1616/2025 - 1DEAM,"HOMICIDIO QUALIFICADO COM EMPREGO DE VENENO, FOGO, EXPLOSIVO, ASFIXIA, TORTURA OU OUTRO MEIO INSIDIOSO, NA FORMA TENTADA, FEMINICIDIO, VIOLENCIA DOMESTICA E FAMILIAR REVOGADO","FATOS TIPICOS, HOMICIDIO DOLOSO NA FORMA TENTADA, FEMINICIDIO, VIOLENCIA DOMESTICA, FATOS TIPICOS, PROJETO ACOLHIDA, CRIMES VIOLENTOS LETAIS INTENCIONAIS",01/03/2025,17:19:00,MS,Campo Grande,5002704,JARDIM AERO RANCHO,FEMINICÍDIO TENTADO,True,True,False,2025,3
538,47/2025 - DP-JUTI,"FEMINICIDIO MAJORADO, SE PRATICADO CONTRA PESSOA MAIOR DE 60 (SESSENTA) ANOS, COM DEFICIENCIA OU COM DOENÇAS DEGENERATIVAS QUE ACARRETEM CONDIÇAO LIMITANTE OU DE VULNERABILIDADE FISICA OU MENTAL - REVOGADO","FEMINICIDIO, PROJETO ACOLHIDA, FATOS TIPICOS, CRIMES VIOLENTOS LETAIS INTENCIONAIS",23/02/2025,20:00:00,MS,Juti,5005152,CENTRO,FEMINICÍDIO MAJORADO,False,False,False,2025,2
541,127/2025 - DP-AGUA CLARA,"AMEACA, POSSE IRREGULAR DE ARMA DE FOGO DE USO PERMITIDO, FEMINICIDIO - REVOGADO","AMEAÇA, FATOS TIPICOS, FATOS TIPICOS, PORTE E POSSE DE ARMA DE FOGO, FEMINICIDIO, CRIMES VIOLENTOS LETAIS INTENCIONAIS, PROJETO ACOLHIDA, FATOS TIPICOS",22/02/2025,04:30:00,MS,Água Clara,5000203,JARDIM PARAISO,FEMINICÍDIO (LEGISLAÇÃO REVOGADA),False,False,False,2025,2
543,1278/2025 - DEPAC-DDOS,"FEMINICIDIO - REVOGADO, FEMINICIDIO MAJORADO, SE PRATICADO NA PRESENÇA DE DESCENDENTE OU DE ASCENDENTE DA VITIMA - REVOGADO","FEMINICIDIO, CRIMES VIOLENTOS LETAIS INTENCIONAIS, PROJETO ACOLHIDA, FATOS TIPICOS, CRIMES VIOLENTOS LETAIS INTENCIONAIS, FATOS TIPICOS, FEMINICIDIO, PROJETO ACOLHIDA",18/02/2025,21:00:00,MS,Dourados,5003702,,FEMINICÍDIO MAJORADO,False,False,False,2025,2
546,1124/2025 - 1DEAM,"SEQUESTRO E CARCERE PRIVADO, HOMICIDIO SIMPLES NA FORMA TENTADA, FEMINICIDIO, VIOLENCIA DOMESTICA E FAMILIAR REVOGADO, VIOLENCIA PSICOLOGICA CONTRA A MULHER","FATOS TIPICOS, SEQUESTRO E CARCERE PRIVADO, HOMICIDIO DOLOSO NA FORMA TENTADA, FATOS TIPICOS, FEMINICIDIO, VIOLENCIA DOMESTICA, FATOS TIPICOS, PROJETO ACOLHIDA, CRIMES VIOLENTOS LETAIS INTENCIONAIS, FATOS TIPICOS",12/02/2025,17:33:00,MS,Campo Grande,5002704,MONTE CASTELO,FEMINICÍDIO TENTADO,True,True,False,2025,2
569,98/2025 - DP-CAARAPO,"SUICIDIO, HOMICIDIO QUALIFICADO PELA TRAICAO, DE EMBOSCADA, OU MEDIANTE DISSIMULACAO OU OUTRO RECURSO QUE DIFICULTE OU TORNE IMPOSSIVEL A DEFESA DO OFENDIDO, FEMINICIDIO, MENOSPREZO OU DISCRIMINAÇAO DE MULHER - REVOGADO","MORTE DECORRENTE DE FATO ATIPICO, HOMICIDIO DOLOSO, CRIMES VIOLENTOS LETAIS INTENCIONAIS, PROJETO ACOLHIDA, FATOS TIPICOS, FATOS TIPICOS QUE RESULTAM EM MORTE, FATOS TIPICOS, PROJETO ACOLHIDA, FEMINICIDIO, CRIMES VIOLENTOS LETAIS INTENCIONAIS",01/02/2025,09:00:00,MS,Caarapó,5002407,CENTRO,FEMINICÍDIO (LEGISLAÇÃO REVOGADA),False,False,False,2025,2
583,570/2025 - DEPAC-DDOS,"FEMINICIDIO, VIOLENCIA DOMESTICA E FAMILIAR, NA FORMA TENTADA REVOGADO, HOMICIDIO QUALIFICADO COM EMPREGO DE ARMA DE FOGO DE USO RESTRITO OU PROIBIDO","VIOLENCIA DOMESTICA, FATOS TIPICOS, FEMINICIDIO NA FORMA TENTADA, HOMICIDIO DOLOSO, CRIMES VIOLENTOS LETAIS INTENCIONAIS, PROJETO ACOLHIDA, FATOS TIPICOS",22/01/2025,20:00:00,MS,Dourados,5003702,VILA MATOS,FEMINICÍDIO TENTADO,True,True,False,2025,1
625,7950/2024 - 1DEAM,FEMINICIDIO - REVOGADO,"FEMINICIDIO, CRIMES VIOLENTOS LETAIS INTENCIONAIS, PROJETO ACOLHIDA, FATOS TIPICOS",27/12/2024,23:31:00,MS,Campo Grande,5002704,PARQUE RESIDENCIAL UNIAO,FEMINICÍDIO (LEGISLAÇÃO REVOGADA),False,False,False,2024,12
626,7949/2024 - 1DEAM,FEMINICIDIO - REVOGADO,"FEMINICIDIO, CRIMES VIOLENTOS LETAIS INTENCIONAIS, PROJETO ACOLHIDA, FATOS TIPICOS",27/12/2024,22:40:00,MS,Campo Grande,5002704,JARDIM LOS ANGELES,FEMINICÍDIO (LEGISLAÇÃO REVOGADA),False,False,False,2024,12
628,1120/2024 - DP-NOVA ALVORADA,"FEMINICIDIO MAJORADO, SE PRATICADO NA PRESENÇA DE DESCENDENTE OU DE ASCENDENTE DA VITIMA - REVOGADO, FEMINICIDIO, VIOLENCIA DOMESTICA E FAMILIAR, NA FORMA TENTADA REVOGADO","CRIMES VIOLENTOS LETAIS INTENCIONAIS, FATOS TIPICOS, FEMINICIDIO, PROJETO ACOLHIDA, VIOLENCIA DOMESTICA, FATOS TIPICOS, FEMINICIDIO NA FORMA TENTADA",25/12/2024,21:10:00,MS,Nova Alvorada Do Sul,5006002,VACILIO DIAS,FEMINICÍDIO TENTADO,True,True,False,2024,12
637,194/2024 - DP-JAPORA,FEMINICIDIO - REVOGADO,"FEMINICIDIO, CRIMES VIOLENTOS LETAIS INTENCIONAIS, PROJETO ACOLHIDA, FATOS TIPICOS",22/12/2024,02:00:00,MS,Japorã,5004809,ZONA RURAL,FEMINICÍDIO (LEGISLAÇÃO REVOGADA),False,False,False,2024,12
645,7638/2024 - 1DEAM,"HOMICIDIO QUALIFICADO PELA TRAICAO, DE EMBOSCADA, OU MEDIANTE DISSIMULACAO OU OUTRO RECURSO QUE DIFICULTE OU TORNE IMPOSSIVEL A DEFESA DO OFENDIDO, FEMINICIDIO, VIOLENCIA DOMESTICA E FAMILIAR, NA FORMA TENTADA REVOGADO","HOMICIDIO DOLOSO, CRIMES VIOLENTOS LETAIS INTENCIONAIS, PROJETO ACOLHIDA, FATOS TIPICOS, FATOS TIPICOS QUE RESULTAM EM MORTE, VIOLENCIA DOMESTICA, FATOS TIPICOS, FEMINICIDIO NA FORMA TENTADA",15/12/2024,21:30:00,MS,Campo Grande,5002704,CENTRO OESTE,FEMINICÍDIO TENTADO,True,True,False,2024,12
650,6006/2024 - 1DP-CORUMBA,"HOMICIDIO SIMPLES, FEMINICIDIO, VIOLENCIA DOMESTICA E FAMILIAR, NA FORMA TENTADA REVOGADO","FATOS TIPICOS, CRIMES VIOLENTOS LETAIS INTENCIONAIS, HOMICIDIO DOLOSO, FATOS TIPICOS QUE RESULTAM EM MORTE, PROJETO ACOLHIDA, VIOLENCIA DOMESTICA, FATOS TIPICOS, FEMINICIDIO NA FORMA TENTADA",13/12/2024,22:43:00,MS,Ladário,5005202,CEAC,FEMINICÍDIO TENTADO,True,True,False,2024,12
665,517/2024 - DP-ANGELICA,"HOMICIDIO SIMPLES NA FORMA TENTADA, HOMICIDIO QUALIFICADO PELA TRAICAO, DE EMBOSCADA, OU MEDIANTE DISSIMULACAO OU OUTRO RECURSO QUE DIFICULTE OU TORNE IMPOSSIVEL A DEFESA DO OFENDIDO, FEMINICIDIO, MENOSPREZO OU DISCRIMINAÇAO DE MULHER, NA FORMA TENTADA - REVOGADO","HOMICIDIO DOLOSO NA FORMA TENTADA, FATOS TIPICOS, HOMICIDIO DOLOSO, CRIMES VIOLENTOS LETAIS INTENCIONAIS, PROJETO ACOLHIDA, FATOS TIPICOS, FATOS TIPICOS QUE RESULTAM EM MORTE, FATOS TIPICOS, FEMINICIDIO NA FORMA TENTADA",01/12/2024,04:30:00,MS,Angélica,5000856,,FEMINICÍDIO TENTADO,True,False,False,2024,12
671,8004/2024 - DEPAC-DDOS,"TRAFICO DE DROGAS, FEMINICIDIO, VIOLENCIA DOMESTICA E FAMILIAR REVOGADO, HOMICIDIO, SE PRATICADO CONTRA A AUTORIDADE OU AGENTE DESCRITO NOS ARTS. 142 A 144 DA CONSTITUIÇAO FEDERAL, INTEGRANTES DO SISTEMA PRISIONAL E DA FORÇA NACIONAL DE SEGURANÇA PUBLICA, NO EXERCICIO DA FUNÇAO OU EM DECORRENCIA DELA, OU CONTRA SEU CONJUGE, COMPANHEIRO OU PARENTE CONSANGUINEO ATE TERCEIRO GRAU, EM RAZAO DESSA CONDICAO, NA FORMA TENTADA","DROGAS, FATOS TIPICOS, FEMINICIDIO, VIOLENCIA DOMESTICA, FATOS TIPICOS, PROJETO ACOLHIDA, CRIMES VIOLENTOS LETAIS INTENCIONAIS, FATOS TIPICOS",27/11/2024,22:00:00,MS,Dourados,5003702,ALDEIA JAGUAPIRU,FEMINICÍDIO TENTADO,True,True,False,2024,11
687,2392/2024 - 1DP-NAVIRAÍ,FEMINICIDIO - REVOGADO,"FEMINICIDIO, CRIMES VIOLENTOS LETAIS INTENCIONAIS, PROJETO ACOLHIDA, FATOS TIPICOS",17/11/2024,01:50:00,MS,Navirai,5005707,JARDIM PARAISO,FEMINICÍDIO (LEGISLAÇÃO REVOGADA),False,False,False,2024,11
693,6775/2024 - 1DEAM,"PORTE ILEGAL DE ARMA DE FOGO DE USO PERMITIDO, HOMICIDIO QUALIFICADO PELA TRAICAO, DE EMBOSCADA, OU MEDIANTE DISSIMULACAO OU OUTRO RECURSO QUE DIFICULTE OU TORNE IMPOSSIVEL A DEFESA DO OFENDIDO, FEMINICIDIO - REVOGADO","FATOS TIPICOS, PORTE E POSSE DE ARMA DE FOGO, HOMICIDIO DOLOSO, CRIMES VIOLENTOS LETAIS INTENCIONAIS, PROJETO ACOLHIDA, FATOS TIPICOS, FATOS TIPICOS QUE RESULTAM EM MORTE, FEMINICIDIO, CRIMES VIOLENTOS LETAIS INTENCIONAIS, PROJETO ACOLHIDA, FATOS TIPICOS",10/11/2024,23:30:00,MS,Campo Grande,5002704,COOPHATRABALHO,FEMINICÍDIO (LEGISLAÇÃO REVOGADA),False,False,False,2024,11
694,4708/2024 - DEPAC-TL,FEMINICIDIO - REVOGADO,"FEMINICIDIO, CRIMES VIOLENTOS LETAIS INTENCIONAIS, PROJETO ACOLHIDA, FATOS TIPICOS",10/11/2024,01:15:00,MS,Três Lagoas,5008305,JARDIM DAS OLIVEIRAS,FEMINICÍDIO (LEGISLAÇÃO REVOGADA),False,False,False,2024,11
705,657/2024 - DP-ITAPORÃ,"FURTO, FEMINICIDIO, VIOLENCIA DOMESTICA E FAMILIAR REVOGADO, DESCUMPRIR DECISAO JUDICIAL QUE DEFERE MEDIDAS PROTETIVAS DE URGENCIA PREVISTAS NESTA LEI","FURTO, FATOS TIPICOS, FURTO (SEM ART. 155, § 3° DO CP), FEMINICIDIO, VIOLENCIA DOMESTICA, FATOS TIPICOS, PROJETO ACOLHIDA, CRIMES VIOLENTOS LETAIS INTENCIONAIS, FATOS TIPICOS",05/11/2024,07:30:00,MS,Itaporã,5004502,,FEMINICÍDIO (LEGISLAÇÃO REVOGADA),False,True,True,2024,11
716,2479/2024 - 1DP-PONTA PORÃ,FEMINICIDIO - REVOGADO,"FEMINICIDIO, CRIMES VIOLENTOS LETAIS INTENCIONAIS, PROJETO ACOLHIDA, FATOS TIPICOS",27/10/2024,00:01:00,MS,Ponta Porã,5006606,JARDIM UNIVERSITARIO,FEMINICÍDIO (LEGISLAÇÃO REVOGADA),False,False,False,2024,10
730,6018/2024 - 1DEAM,"FAVORECIMENTO PESSOAL, POSSE IRREGULAR DE ARMA DE FOGO DE USO PERMITIDO, FEMINICIDIO - REVOGADO","FATOS TIPICOS, FATOS TIPICOS, PORTE E POSSE DE ARMA DE FOGO, FEMINICIDIO, CRIMES VIOLENTOS LETAIS INTENCIONAIS, PROJETO ACOLHIDA, FATOS TIPICOS",10/10/2024,21:15:00,MS,Campo Grande,5002704,JARDIM PRESIDENTE,FEMINICÍDIO (LEGISLAÇÃO REVOGADA),False,False,False,2024,10
741,7442/2024 - DEPAC-CEPOL-CG,FEMINICIDIO - REVOGADO,"FEMINICIDIO, CRIMES VIOLENTOS LETAIS INTENCIONAIS, PROJETO ACOLHIDA, FATOS TIPICOS",06/10/2024,06:00:00,MS,Campo Grande,5002704,JARDIM ZE PEREIRA,FEMINICÍDIO (LEGISLAÇÃO REVOGADA),False,False,False,2024,10
755,5649/2024 - 1DEAM,"FEMINICIDIO, VIOLENCIA DOMESTICA E FAMILIAR REVOGADO","FEMINICIDIO, VIOLENCIA DOMESTICA, FATOS TIPICOS, PROJETO ACOLHIDA, CRIMES VIOLENTOS LETAIS INTENCIONAIS",26/09/2024,14:00:00,MS,Campo Grande,5002704,,FEMINICÍDIO (LEGISLAÇÃO REVOGADA),False,True,False,2024,9
757,1308/2024 - DP-AMAMBAI,"FEMINICIDIO MAJORADO, SE PRATICADO NA PRESENÇA DE DESCENDENTE OU DE ASCENDENTE DA VITIMA - REVOGADO","CRIMES VIOLENTOS LETAIS INTENCIONAIS, FATOS TIPICOS, FEMINICIDIO, PROJETO ACOLHIDA",23/09/2024,20:30:00,MS,Amambai,5000609,FRACAO CHACARA,FEMINICÍDIO MAJORADO,False,False,False,2024,9
760,1147/2024 - DP-IVINHEMA,"DESTRUICAO, SUBTRACAO OU OCULTACAO DE CADAVER, HOMICIDIO QUALIFICADO POR MOTIVO FUTIL, HOMICIDIO QUALIFICADO COM EMPREGO DE VENENO, FOGO, EXPLOSIVO, ASFIXIA, TORTURA OU OUTRO MEIO INSIDIOSO, HOMICIDIO QUALIFICADO PELA TRAICAO, DE EMBOSCADA, OU MEDIANTE DISSIMULACAO OU OUTRO RECURSO QUE DIFICULTE OU TORNE IMPOSSIVEL A DEFESA DO OFENDIDO, FEMINICIDIO - REVOGADO, FEMINICIDIO MAJORADO, SE PRATICADO NA PRESENÇA DE DESCENDENTE OU DE ASCENDENTE DA VITIMA - REVOGADO","FATOS TIPICOS, HOMICIDIO DOLOSO, FATOS TIPICOS QUE RESULTAM EM MORTE, CRIMES VIOLENTOS LETAIS INTENCIONAIS, PROJETO ACOLHIDA, FATOS TIPICOS, CRIMES VIOLENTOS LETAIS INTENCIONAIS, FATOS TIPICOS QUE RESULTAM EM MORTE, HOMICIDIO DOLOSO, PROJETO ACOLHIDA, FATOS TIPICOS, HOMICIDIO DOLOSO, CRIMES VIOLENTOS LETAIS INTENCIONAIS, PROJETO ACOLHIDA, FATOS TIPICOS, FATOS TIPICOS QUE RESULTAM EM MORTE, FEMINICIDIO, CRIMES VIOLENTOS LETAIS INTENCIONAIS, PROJETO ACOLHIDA, FATOS TIPICOS, CRIMES VIOLENTOS LETAIS INTENCIONAIS, FATOS TIPICOS, FEMINICIDIO, PROJETO ACOLHIDA",22/09/2024,20:00:00,MS,Ivinhema,5004700,PIRAVEVE,FEMINICÍDIO MAJORADO,False,False,False,2024,9
805,3490/2024 - DEPAC-TL,FEMINICIDIO - REVOGADO,"FEMINICIDIO, CRIMES VIOLENTOS LETAIS INTENCIONAIS, PROJETO ACOLHIDA, FATOS TIPICOS",16/08/2024,08:00:00,MS,Três Lagoas,5008305,JARDIM ITAMARATI,FEMINICÍDIO (LEGISLAÇÃO REVOGADA),False,False,False,2024,8
856,324/2024 - DP-BATAYPORÃ,"HOMICIDIO QUALIFICADO COM EMPREGO DE VENENO, FOGO, EXPLOSIVO, ASFIXIA, TORTURA OU OUTRO MEIO INSIDIOSO, TRAFICO DE DROGAS, FEMINICIDIO - REVOGADO","CRIMES VIOLENTOS LETAIS INTENCIONAIS, FATOS TIPICOS QUE RESULTAM EM MORTE, HOMICIDIO DOLOSO, PROJETO ACOLHIDA, FATOS TIPICOS, DROGAS, FATOS TIPICOS, FEMINICIDIO, CRIMES VIOLENTOS LETAIS INTENCIONAIS, PROJETO ACOLHIDA, FATOS TIPICOS",30/06/2024,17:40:00,MS,Batayporã,5002001,CENTRO,FEMINICÍDIO (LEGISLAÇÃO REVOGADA),False,False,False,2024,6
866,1057/2024 - DP-SÃO GABRIEL,"DESTRUICAO, SUBTRACAO OU OCULTACAO DE CADAVER, FEMINICIDIO - REVOGADO, FEMINICIDIO, VIOLENCIA DOMESTICA E FAMILIAR, NA FORMA TENTADA REVOGADO, FRAUDE PROCESSUAL, SE A INOVAÇAO SE DESTINA A PRODUZIR EFEITO EM PROCESSO PENAL, AINDA QUE NAO INICIADO, AS PENAS APLICAM-SE EM DOBRO","FATOS TIPICOS, FEMINICIDIO, CRIMES VIOLENTOS LETAIS INTENCIONAIS, PROJETO ACOLHIDA, FATOS TIPICOS, VIOLENCIA DOMESTICA, FATOS TIPICOS, FEMINICIDIO NA FORMA TENTADA, FATOS TIPICOS",23/06/2024,11:00:00,MS,São Gabriel Do Oeste,5007695,,FEMINICÍDIO TENTADO,True,True,False,2024,6
870,213/2024 - DP-ANTONIO JOÃO,"HOMICIDIO QUALIFICADO COM EMPREGO DE VENENO, FOGO, EXPLOSIVO, ASFIXIA, TORTURA OU OUTRO MEIO INSIDIOSO, HOMICIDIO QUALIFICADO PELA TRAICAO, DE EMBOSCADA, OU MEDIANTE DISSIMULACAO OU OUTRO RECURSO QUE DIFICULTE OU TORNE IMPOSSIVEL A DEFESA DO OFENDIDO, FEMINICIDIO, MENOSPREZO OU DISCRIMINAÇAO DE MULHER - REVOGADO","CRIMES VIOLENTOS LETAIS INTENCIONAIS, FATOS TIPICOS QUE RESULTAM EM MORTE, HOMICIDIO DOLOSO, PROJETO ACOLHIDA, FATOS TIPICOS, HOMICIDIO DOLOSO, CRIMES VIOLENTOS LETAIS INTENCIONAIS, PROJETO ACOLHIDA, FATOS TIPICOS, FATOS TIPICOS QUE RESULTAM EM MORTE, FATOS TIPICOS, PROJETO ACOLHIDA, FEMINICIDIO, CRIMES VIOLENTOS LETAIS INTENCIONAIS",15/06/2024,17:00:00,MS,Antônio João,5000906,,FEMINICÍDIO (LEGISLAÇÃO REVOGADA),False,False,False,2024,6
914,244/2024 - DP-IGUATEMI,FEMINICIDIO - REVOGADO,"FEMINICIDIO, CRIMES VIOLENTOS LETAIS INTENCIONAIS, PROJETO ACOLHIDA, FATOS TIPICOS",29/04/2024,10:00:00,MS,Iguatemi,5004304,WALOSZEK KONRAD,FEMINICÍDIO (LEGISLAÇÃO REVOGADA),False,False,False,2024,4
926,2505/2024 - 1DEAM,"RESISTENCIA, FRAUDE PROCESSUAL, FEMINICIDIO, VIOLENCIA DOMESTICA E FAMILIAR REVOGADO","FATOS TIPICOS, FRAUDE, FATOS TIPICOS, FEMINICIDIO, VIOLENCIA DOMESTICA, FATOS TIPICOS, PROJETO ACOLHIDA, CRIMES VIOLENTOS LETAIS INTENCIONAIS",20/04/2024,22:30:00,MS,Campo Grande,5002704,NOVA CAMPO GRANDE,FEMINICÍDIO (LEGISLAÇÃO REVOGADA),False,True,False,2024,4
927,2538/2024 - 1DEAM,"DESTRUICAO, SUBTRACAO OU OCULTACAO DE CADAVER, FEMINICIDIO, MENOSPREZO OU DISCRIMINAÇAO DE MULHER - REVOGADO","FATOS TIPICOS, FATOS TIPICOS, PROJETO ACOLHIDA, FEMINICIDIO, CRIMES VIOLENTOS LETAIS INTENCIONAIS",20/04/2024,09:00:00,MS,Campo Grande,5002704,VILA DUQUE DE CAXIAS,FEMINICÍDIO (LEGISLAÇÃO REVOGADA),False,False,False,2024,4
947,217/2024 - DAM-TRÊS LAGOAS,FEMINICIDIO - REVOGADO,"FEMINICIDIO, CRIMES VIOLENTOS LETAIS INTENCIONAIS, PROJETO ACOLHIDA, FATOS TIPICOS",07/04/2024,16:00:00,MS,Três Lagoas,5008305,,FEMINICÍDIO (LEGISLAÇÃO REVOGADA),False,False,False,2024,4
950,302/2024 - 1DP-FATIMA DO SUL,"HOMICIDIO QUALIFICADO COM EMPREGO DE VENENO, FOGO, EXPLOSIVO, ASFIXIA, TORTURA OU OUTRO MEIO INSIDIOSO, FEMINICIDIO - REVOGADO","CRIMES VIOLENTOS LETAIS INTENCIONAIS, FATOS TIPICOS QUE RESULTAM EM MORTE, HOMICIDIO DOLOSO, PROJETO ACOLHIDA, FATOS TIPICOS, FEMINICIDIO, CRIMES VIOLENTOS LETAIS INTENCIONAIS, PROJETO ACOLHIDA, FATOS TIPICOS",03/04/2024,20:00:00,MS,Fátima Do Sul,5003801,CULTURAMA,FEMINICÍDIO (LEGISLAÇÃO REVOGADA),False,False,False,2024,4
959,1964/2024 - 1DEAM,"FEMINICIDIO, VIOLENCIA DOMESTICA E FAMILIAR REVOGADO","FEMINICIDIO, VIOLENCIA DOMESTICA, FATOS TIPICOS, PROJETO ACOLHIDA, CRIMES VIOLENTOS LETAIS INTENCIONAIS",22/03/2024,20:25:00,MS,Campo Grande,5002704,NOVA CAMPO GRANDE,FEMINICÍDIO (LEGISLAÇÃO REVOGADA),False,True,False,2024,3
960,1958/2024 - 1DEAM,"FEMINICIDIO, VIOLENCIA DOMESTICA E FAMILIAR REVOGADO","FEMINICIDIO, VIOLENCIA DOMESTICA, FATOS TIPICOS, PROJETO ACOLHIDA, CRIMES VIOLENTOS LETAIS INTENCIONAIS",22/03/2024,19:52:00,MS,Campo Grande,5002704,RESIDENCIAL VILA BELA,FEMINICÍDIO (LEGISLAÇÃO REVOGADA),False,True,False,2024,3
963,189/2024 - DAM-TRÊS LAGOAS,"HOMICIDIO QUALIFICADO PELA TRAICAO, DE EMBOSCADA, OU MEDIANTE DISSIMULACAO OU OUTRO RECURSO QUE DIFICULTE OU TORNE IMPOSSIVEL A DEFESA DO OFENDIDO, NA FORMA TENTADA, FEMINICIDIO - REVOGADO","HOMICIDIO DOLOSO NA FORMA TENTADA, FATOS TIPICOS, FEMINICIDIO, CRIMES VIOLENTOS LETAIS INTENCIONAIS, PROJETO ACOLHIDA, FATOS TIPICOS",21/03/2024,07:00:00,MS,Três Lagoas,5008305,,FEMINICÍDIO TENTADO,True,False,False,2024,3
1002,1304/2024 - DEPAC-DDOS,"FEMINICIDIO, VIOLENCIA DOMESTICA E FAMILIAR REVOGADO","FEMINICIDIO, VIOLENCIA DOMESTICA, FATOS TIPICOS, PROJETO ACOLHIDA, CRIMES VIOLENTOS LETAIS INTENCIONAIS",23/02/2024,21:47:00,MS,Dourados,5003702,JARDIM NOVO HORIZONTE,FEMINICÍDIO (LEGISLAÇÃO REVOGADA),False,True,False,2024,2
1003,64/2024 - DP-VICENTINA,"HOMICIDIO QUALIFICADO PELA TRAICAO, DE EMBOSCADA, OU MEDIANTE DISSIMULACAO OU OUTRO RECURSO QUE DIFICULTE OU TORNE IMPOSSIVEL A DEFESA DO OFENDIDO, HOMICIDIO QUALIFICADO PELA TRAICAO, DE EMBOSCADA, OU MEDIANTE DISSIMULACAO OU OUTRO RECURSO QUE DIFICULTE OU TORNE IMPOSSIVEL A DEFESA DO OFENDIDO, NA FORMA TENTADA, HOMICIDIO DOLOSO MAJORADO, SE O CRIME É PRATICADO CONTRA PESSOA MENOR DE 14 (QUATORZE) OU MAIOR DE 60 (SESSENTA), HOMICIDIO QUALIFICADO POR MOTIVO FUTIL NA FORMA TENTADA, FEMINICIDIO, VIOLENCIA DOMESTICA E FAMILIAR, NA FORMA TENTADA REVOGADO","HOMICIDIO DOLOSO, CRIMES VIOLENTOS LETAIS INTENCIONAIS, PROJETO ACOLHIDA, FATOS TIPICOS, FATOS TIPICOS QUE RESULTAM EM MORTE, HOMICIDIO DOLOSO NA FORMA TENTADA, FATOS TIPICOS, PROJETO ACOLHIDA, FATOS TIPICOS, HOMICIDIO DOLOSO, CRIMES VIOLENTOS LETAIS INTENCIONAIS, FATOS TIPICOS, VIOLENCIA DOMESTICA, FATOS TIPICOS, FEMINICIDIO NA FORMA TENTADA",23/02/2024,18:21:00,MS,Vicentina,5008404,SAO JOSE,FEMINICÍDIO TENTADO,True,True,False,2024,2
1005,55/2024 - DP-TACURU,"FEMINICIDIO, VIOLENCIA DOMESTICA E FAMILIAR REVOGADO","FEMINICIDIO, VIOLENCIA DOMESTICA, FATOS TIPICOS, PROJETO ACOLHIDA, CRIMES VIOLENTOS LETAIS INTENCIONAIS",23/02/2024,00:30:00,MS,Tacuru,5007950,,FEMINICÍDIO (LEGISLAÇÃO REVOGADA),False,True,False,2024,2
1006,1214/2024 - 1DEAM,"FEMINICIDIO, MENOSPREZO OU DISCRIMINAÇAO DE MULHER - REVOGADO","FATOS TIPICOS, PROJETO ACOLHIDA, FEMINICIDIO, CRIMES VIOLENTOS LETAIS INTENCIONAIS",21/02/2024,06:19:00,MS,Campo Grande,5002704,NUCLEO INDUSTRIAL,FEMINICÍDIO (LEGISLAÇÃO REVOGADA),False,False,False,2024,2
1008,56/2024 - DAM-PONTA PORÃ,"ABORTO PROVOCADO POR TERCEIRO SEM O CONSENTIMENTO DA GESTANTE, FEMINICIDIO - REVOGADO","FATOS TIPICOS QUE RESULTAM EM MORTE, FATOS TIPICOS, ABORTO, FEMINICIDIO, CRIMES VIOLENTOS LETAIS INTENCIONAIS, PROJETO ACOLHIDA, FATOS TIPICOS",18/02/2024,08:00:00,MS,Ponta Porã,5006606,JARDIM PRIMOR,FEMINICÍDIO (LEGISLAÇÃO REVOGADA),False,False,False,2024,2
1016,61/2024 - DP-NIOAQUE,"PORTE ILEGAL DE ARMA DE FOGO DE USO PERMITIDO, HOMICIDIO QUALIFICADO PELA TRAICAO, DE EMBOSCADA, OU MEDIANTE DISSIMULACAO OU OUTRO RECURSO QUE DIFICULTE OU TORNE IMPOSSIVEL A DEFESA DO OFENDIDO, FEMINICIDIO - REVOGADO, PERSEGUICAO, A PENA E AUMENTADA DE METADE SE O CRIME E COMETIDO CONTRA MULHER POR RAZOES DA CONDICAO DE SEXO FEMININO, NOS TERMOS DO § 2º-A DO ART. 121 DESTE CODIGO","FATOS TIPICOS, PORTE E POSSE DE ARMA DE FOGO, HOMICIDIO DOLOSO, CRIMES VIOLENTOS LETAIS INTENCIONAIS, PROJETO ACOLHIDA, FATOS TIPICOS, FATOS TIPICOS QUE RESULTAM EM MORTE, FEMINICIDIO, CRIMES VIOLENTOS LETAIS INTENCIONAIS, PROJETO ACOLHIDA, FATOS TIPICOS, PERSEGUIÇAO, FATOS TIPICOS",11/02/2024,04:30:00,MS,Nioaque,5005806,SAO MIGUEL,FEMINICÍDIO (LEGISLAÇÃO REVOGADA),False,False,False,2024,2
1037,115/2024 - 1DP-COXIM,FEMINICIDIO - REVOGADO,"FEMINICIDIO, CRIMES VIOLENTOS LETAIS INTENCIONAIS, PROJETO ACOLHIDA, FATOS TIPICOS",21/01/2024,19:30:00,MS,Coxim,5003306,SILVIOLANDIA,FEMINICÍDIO (LEGISLAÇÃO REVOGADA),False,False,False,2024,1
1049,97/2024 - 1DP-NAVIRAÍ,"HOMICIDIO SIMPLES, FEMINICIDIO, VIOLENCIA DOMESTICA E FAMILIAR, NA FORMA TENTADA REVOGADO","FATOS TIPICOS, CRIMES VIOLENTOS LETAIS INTENCIONAIS, HOMICIDIO DOLOSO, FATOS TIPICOS QUE RESULTAM EM MORTE, PROJETO ACOLHIDA, VIOLENCIA DOMESTICA, FATOS TIPICOS, FEMINICIDIO NA FORMA TENTADA",12/01/2024,21:00:00,MS,Navirai,5005707,CENTRO SETOR 3,FEMINICÍDIO TENTADO,True,True,False,2024,1
1050,73/2024 - DP-SÃO GABRIEL,"HOMICIDIO SIMPLES NA FORMA TENTADA, FEMINICIDIO, VIOLENCIA DOMESTICA E FAMILIAR REVOGADO","HOMICIDIO DOLOSO NA FORMA TENTADA, FATOS TIPICOS, FEMINICIDIO, VIOLENCIA DOMESTICA, FATOS TIPICOS, PROJETO ACOLHIDA, CRIMES VIOLENTOS LETAIS INTENCIONAIS",12/01/2024,20:15:00,MS,São Gabriel Do Oeste,5007695,CENTRO,FEMINICÍDIO TENTADO,True,True,False,2024,1
1062,22/2024 - DP-SIDROLANDIA,"FEMINICIDIO, VIOLENCIA DOMESTICA E FAMILIAR REVOGADO","FEMINICIDIO, VIOLENCIA DOMESTICA, FATOS TIPICOS, PROJETO ACOLHIDA, CRIMES VIOLENTOS LETAIS INTENCIONAIS",03/01/2024,05:44:00,MS,Sidrolândia,5007901,JARDIM PARAISO,FEMINICÍDIO (LEGISLAÇÃO REVOGADA),False,True,False,2024,1
1074,6068/2023 - 1DP-CORUMBA,FEMINICIDIO - REVOGADO,"FEMINICIDIO, CRIMES VIOLENTOS LETAIS INTENCIONAIS, PROJETO ACOLHIDA, FATOS TIPICOS",25/12/2023,02:16:00,MS,Corumbá,5003207,GUAICURUS,FEMINICÍDIO (LEGISLAÇÃO REVOGADA),False,False,False,2023,12
1095,8047/2023 - DEPAC-DDOS,"ESTUPRO, FEMINICIDIO, MENOSPREZO OU DISCRIMINAÇAO DE MULHER - REVOGADO","FATOS TIPICOS, ESTUPRO, FATOS TIPICOS, PROJETO ACOLHIDA, FEMINICIDIO, CRIMES VIOLENTOS LETAIS INTENCIONAIS",09/12/2023,07:00:00,MS,Dourados,5003702,,FEMINICÍDIO (LEGISLAÇÃO REVOGADA),False,False,False,2023,12
1102,7705/2023 - 1DEAM,FEMINICIDIO - REVOGADO,"FEMINICIDIO, CRIMES VIOLENTOS LETAIS INTENCIONAIS, PROJETO ACOLHIDA, FATOS TIPICOS",04/12/2023,16:30:00,MS,Campo Grande,5002704,VILA MORENINHA III,FEMINICÍDIO (LEGISLAÇÃO REVOGADA),False,False,False,2023,12
1105,1150/2023 - DP-NOVA ALVORADA,"FEMINICIDIO - REVOGADO, MORTE DECORRENTE DE INTERVENCAO LEGAL DE AGENTE DO ESTADO","FEMINICIDIO, CRIMES VIOLENTOS LETAIS INTENCIONAIS, PROJETO ACOLHIDA, FATOS TIPICOS, FATOS TIPICOS",02/12/2023,00:30:00,MS,Nova Alvorada Do Sul,5006002,CENTRO,FEMINICÍDIO (LEGISLAÇÃO REVOGADA),False,False,False,2023,12
1125,309/2023 - DP-ALCINOPOLIS,"POSSE IRREGULAR DE ARMA DE FOGO DE USO PERMITIDO, FEMINICIDIO - REVOGADO","FATOS TIPICOS, PORTE E POSSE DE ARMA DE FOGO, FEMINICIDIO, CRIMES VIOLENTOS LETAIS INTENCIONAIS, PROJETO ACOLHIDA, FATOS TIPICOS",19/11/2023,15:53:00,MS,Alcinópolis,5000252,,FEMINICÍDIO (LEGISLAÇÃO REVOGADA),False,False,False,2023,11
1137,7144/2023 - 1DEAM,"FEMINICIDIO, VIOLENCIA DOMESTICA E FAMILIAR REVOGADO","FEMINICIDIO, VIOLENCIA DOMESTICA, FATOS TIPICOS, PROJETO ACOLHIDA, CRIMES VIOLENTOS LETAIS INTENCIONAIS",10/11/2023,19:08:00,MS,Campo Grande,5002704,JARDIM BOTANICO,FEMINICÍDIO (LEGISLAÇÃO REVOGADA),False,True,False,2023,11
1144,1040/2023 - DP-NOVA ALVORADA,"FAVORECIMENTO PESSOAL, HOMICIDIO SIMPLES NA FORMA TENTADA, FEMINICIDIO - REVOGADO, DANO (VIOLENCIA DOMESTICA), DESCUMPRIR DECISAO JUDICIAL QUE DEFERE MEDIDA PROTETIVA DE URGENCIA PREVISTA NESTA LEI","FATOS TIPICOS, HOMICIDIO DOLOSO NA FORMA TENTADA, FATOS TIPICOS, FEMINICIDIO, CRIMES VIOLENTOS LETAIS INTENCIONAIS, PROJETO ACOLHIDA, FATOS TIPICOS, FATOS TIPICOS, FATOS TIPICOS",04/11/2023,03:50:00,MS,Nova Alvorada Do Sul,5006002,CENTRO,FEMINICÍDIO TENTADO,True,True,True,2023,11
1146,509/2023 - DP-ELDORADO,"FEMINICIDIO, VIOLENCIA DOMESTICA E FAMILIAR REVOGADO","FEMINICIDIO, VIOLENCIA DOMESTICA, FATOS TIPICOS, PROJETO ACOLHIDA, CRIMES VIOLENTOS LETAIS INTENCIONAIS",03/11/2023,21:00:00,MS,Eldorado,5003751,ZONA RURAL,FEMINICÍDIO (LEGISLAÇÃO REVOGADA),False,True,False,2023,11
1162,6901/2023 - DEPAC-DDOS,"HOMICIDIO QUALIFICADO MEDIANTE PAGA OU PROMESSA DE RECOMPENSA, OU POR OUTRO MOTIVO TORPE, FEMINICIDIO, VIOLENCIA DOMESTICA E FAMILIAR, NA FORMA TENTADA REVOGADO","FATOS TIPICOS QUE RESULTAM EM MORTE, PROJETO ACOLHIDA, FATOS TIPICOS, CRIMES VIOLENTOS LETAIS INTENCIONAIS, HOMICIDIO DOLOSO, VIOLENCIA DOMESTICA, FATOS TIPICOS, FEMINICIDIO NA FORMA TENTADA",22/10/2023,01:30:00,MS,Laguna Carapã,5005251,CENTRO,FEMINICÍDIO TENTADO,True,True,False,2023,10
1169,760/2023 - DP-AGUA CLARA,"HOMICIDIO QUALIFICADO COM EMPREGO DE VENENO, FOGO, EXPLOSIVO, ASFIXIA, TORTURA OU OUTRO MEIO INSIDIOSO, FEMINICIDIO, VIOLENCIA DOMESTICA E FAMILIAR, NA FORMA TENTADA REVOGADO","CRIMES VIOLENTOS LETAIS INTENCIONAIS, FATOS TIPICOS QUE RESULTAM EM MORTE, HOMICIDIO DOLOSO, PROJETO ACOLHIDA, FATOS TIPICOS, VIOLENCIA DOMESTICA, FATOS TIPICOS, FEMINICIDIO NA FORMA TENTADA",19/10/2023,19:00:00,MS,Água Clara,5000203,,FEMINICÍDIO TENTADO,True,True,False,2023,10
1197,906/2023 - DP-APARECIDA,FEMINICIDIO - REVOGADO,"FEMINICIDIO, CRIMES VIOLENTOS LETAIS INTENCIONAIS, PROJETO ACOLHIDA, FATOS TIPICOS",23/09/2023,18:35:00,MS,Aparecida Do Taboado,5001003,,FEMINICÍDIO (LEGISLAÇÃO REVOGADA),False,False,False,2023,9
1210,5889/2023 - DEPAC-DDOS,"FEMINICIDIO MAJORADO, SE PRATICADO NA PRESENÇA DE DESCENDENTE OU DE ASCENDENTE DA VITIMA - REVOGADO","CRIMES VIOLENTOS LETAIS INTENCIONAIS, FATOS TIPICOS, FEMINICIDIO, PROJETO ACOLHIDA",11/09/2023,18:00:00,MS,Dourados,5003702,CANAA I,FEMINICÍDIO MAJORADO,False,False,False,2023,9
1215,916/2023 - DP-ANASTACIO,"FEMINICIDIO, VIOLENCIA DOMESTICA E FAMILIAR REVOGADO","FEMINICIDIO, VIOLENCIA DOMESTICA, FATOS TIPICOS, PROJETO ACOLHIDA, CRIMES VIOLENTOS LETAIS INTENCIONAIS",08/09/2023,08:30:00,MS,Anastácio,5000708,JARDIM PROGRESSO,FEMINICÍDIO (LEGISLAÇÃO REVOGADA),False,True,False,2023,9
1217,315/2023 - DAM-PARANAÍBA,"HOMICIDIO QUALIFICADO MEDIANTE PAGA OU PROMESSA DE RECOMPENSA, OU POR OUTRO MOTIVO TORPE, HOMICIDIO QUALIFICADO PELA TRAICAO, DE EMBOSCADA, OU MEDIANTE DISSIMULACAO OU OUTRO RECURSO QUE DIFICULTE OU TORNE IMPOSSIVEL A DEFESA DO OFENDIDO, FEMINICIDIO, VIOLENCIA DOMESTICA E FAMILIAR REVOGADO, FURTO (VIOLENCIA DOMESTICA)","FATOS TIPICOS QUE RESULTAM EM MORTE, PROJETO ACOLHIDA, FATOS TIPICOS, CRIMES VIOLENTOS LETAIS INTENCIONAIS, HOMICIDIO DOLOSO, HOMICIDIO DOLOSO, CRIMES VIOLENTOS LETAIS INTENCIONAIS, PROJETO ACOLHIDA, FATOS TIPICOS, FATOS TIPICOS QUE RESULTAM EM MORTE, FEMINICIDIO, VIOLENCIA DOMESTICA, FATOS TIPICOS, PROJETO ACOLHIDA, CRIMES VIOLENTOS LETAIS INTENCIONAIS, FATOS TIPICOS, VIOLENCIA DOMESTICA",29/08/2023,10:35:00,MS,Paranaíba,5006309,SANTO ANTONIO,FEMINICÍDIO (LEGISLAÇÃO REVOGADA),False,True,False,2023,8
1245,5132/2023 - DEPAC-DDOS,"FEMINICIDIO, VIOLENCIA DOMESTICA E FAMILIAR REVOGADO","FEMINICIDIO, VIOLENCIA DOMESTICA, FATOS TIPICOS, PROJETO ACOLHIDA, CRIMES VIOLENTOS LETAIS INTENCIONAIS",09/08/2023,21:00:00,MS,Dourados,5003702,VILA ALMEIDA,FEMINICÍDIO (LEGISLAÇÃO REVOGADA),False,True,False,2023,8
1248,5061/2023 - 1DEAM,"POSSE IRREGULAR DE ARMA DE FOGO DE USO PERMITIDO, SUICIDIO, PORTAR DROGAS, PARA CONSUMO PESSOAL, FEMINICIDIO, VIOLENCIA DOMESTICA E FAMILIAR REVOGADO","FATOS TIPICOS, PORTE E POSSE DE ARMA DE FOGO, MORTE DECORRENTE DE FATO ATIPICO, FATOS TIPICOS, FEMINICIDIO, VIOLENCIA DOMESTICA, FATOS TIPICOS, PROJETO ACOLHIDA, CRIMES VIOLENTOS LETAIS INTENCIONAIS",08/08/2023,06:45:00,MS,Campo Grande,5002704,JARDIM LOS ANGELES,FEMINICÍDIO (LEGISLAÇÃO REVOGADA),False,True,False,2023,8
1260,4840/2023 - DEPAC-DDOS,"LESAO CORPORAL DOLOSA, AMEACA, HOMICIDIO QUALIFICADO POR MOTIVO FUTIL, HOMICIDIO QUALIFICADO COM EMPREGO DE VENENO, FOGO, EXPLOSIVO, ASFIXIA, TORTURA OU OUTRO MEIO INSIDIOSO, HOMICIDIO QUALIFICADO PELA TRAICAO, DE EMBOSCADA, OU MEDIANTE DISSIMULACAO OU OUTRO RECURSO QUE DIFICULTE OU TORNE IMPOSSIVEL A DEFESA DO OFENDIDO, FEMINICIDIO, VIOLENCIA DOMESTICA E FAMILIAR REVOGADO, DESCUMPRIR DECISAO JUDICIAL QUE DEFERE MEDIDAS PROTETIVAS DE URGENCIA PREVISTAS NESTA LEI","LESAO CORPORAL DOLOSA, FATOS TIPICOS, AMEAÇA, FATOS TIPICOS, HOMICIDIO DOLOSO, FATOS TIPICOS QUE RESULTAM EM MORTE, CRIMES VIOLENTOS LETAIS INTENCIONAIS, PROJETO ACOLHIDA, FATOS TIPICOS, CRIMES VIOLENTOS LETAIS INTENCIONAIS, FATOS TIPICOS QUE RESULTAM EM MORTE, HOMICIDIO DOLOSO, PROJETO ACOLHIDA, FATOS TIPICOS, HOMICIDIO DOLOSO, CRIMES VIOLENTOS LETAIS INTENCIONAIS, PROJETO ACOLHIDA, FATOS TIPICOS, FATOS TIPICOS QUE RESULTAM EM MORTE, FEMINICIDIO, VIOLENCIA DOMESTICA, FATOS TIPICOS, PROJETO ACOLHIDA, CRIMES VIOLENTOS LETAIS INTENCIONAIS, FATOS TIPICOS",30/07/2023,00:28:00,MS,Dourados,5003702,RESIDENCIAL ESPLANADA,FEMINICÍDIO (LEGISLAÇÃO REVOGADA),False,True,True,2023,7
1272,742/2023 - DP-ANASTACIO,"FEMINICIDIO MAJORADO, SE PRATICADO NA PRESENÇA DE DESCENDENTE OU DE ASCENDENTE DA VITIMA - REVOGADO","CRIMES VIOLENTOS LETAIS INTENCIONAIS, FATOS TIPICOS, FEMINICIDIO, PROJETO ACOLHIDA",23/07/2023,14:30:00,MS,Anastácio,5000708,VILA UMBELINA,FEMINICÍDIO MAJORADO,False,False,False,2023,7
1274,964/2023 - DP-AMAMBAI,"HOMICIDIO QUALIFICADO PELA TRAICAO, DE EMBOSCADA, OU MEDIANTE DISSIMULACAO OU OUTRO RECURSO QUE DIFICULTE OU TORNE IMPOSSIVEL A DEFESA DO OFENDIDO, FEMINICIDIO - REVOGADO","HOMICIDIO DOLOSO, CRIMES VIOLENTOS LETAIS INTENCIONAIS, PROJETO ACOLHIDA, FATOS TIPICOS, FATOS TIPICOS QUE RESULTAM EM MORTE, FEMINICIDIO, CRIMES VIOLENTOS LETAIS INTENCIONAIS, PROJETO ACOLHIDA, FATOS TIPICOS",22/07/2023,02:36:00,MS,Amambai,5000609,,FEMINICÍDIO (LEGISLAÇÃO REVOGADA),False,False,False,2023,7
1286,231/2023 - DAM-NOVA ANDRADINA,"FEMINICIDIO, VIOLENCIA DOMESTICA E FAMILIAR REVOGADO","FEMINICIDIO, VIOLENCIA DOMESTICA, FATOS TIPICOS, PROJETO ACOLHIDA, CRIMES VIOLENTOS LETAIS INTENCIONAIS",12/07/2023,13:30:00,MS,Nova Andradina,5006200,CONJUNTO HABITACIONAL DURVAL ANDRADE FILHO,FEMINICÍDIO (LEGISLAÇÃO REVOGADA),False,True,False,2023,7
1290,1369/2023 - 1DP-NAVIRAÍ,"HOMICIDIO QUALIFICADO COM EMPREGO DE VENENO, FOGO, EXPLOSIVO, ASFIXIA, TORTURA OU OUTRO MEIO INSIDIOSO, FEMINICIDIO - REVOGADO","CRIMES VIOLENTOS LETAIS INTENCIONAIS, FATOS TIPICOS QUE RESULTAM EM MORTE, HOMICIDIO DOLOSO, PROJETO ACOLHIDA, FATOS TIPICOS, FEMINICIDIO, CRIMES VIOLENTOS LETAIS INTENCIONAIS, PROJETO ACOLHIDA, FATOS TIPICOS",09/07/2023,02:30:00,MS,Navirai,5005707,CENTRO SETOR 3,FEMINICÍDIO (LEGISLAÇÃO REVOGADA),False,False,False,2023,7
1302,4198/2023 - 1DEAM,"FEMINICIDIO, VIOLENCIA DOMESTICA E FAMILIAR REVOGADO","FEMINICIDIO, VIOLENCIA DOMESTICA, FATOS TIPICOS, PROJETO ACOLHIDA, CRIMES VIOLENTOS LETAIS INTENCIONAIS",01/07/2023,05:00:00,MS,Campo Grande,5002704,PARQUE DO LAGEADO,FEMINICÍDIO (LEGISLAÇÃO REVOGADA),False,True,False,2023,7
1307,4174/2023 - 1DEAM,"FEMINICIDIO MAJORADO, SE PRATICADO NA PRESENÇA DE DESCENDENTE OU DE ASCENDENTE DA VITIMA - REVOGADO","CRIMES VIOLENTOS LETAIS INTENCIONAIS, FATOS TIPICOS, FEMINICIDIO, PROJETO ACOLHIDA",29/06/2023,23:30:00,MS,Campo Grande,5002704,VILA NATHALIA,FEMINICÍDIO MAJORADO,False,False,False,2023,6
1342,2466/2023 - 1DP-CORUMBA,"SUICIDIO (TENTATIVA), FEMINICIDIO, VIOLENCIA DOMESTICA E FAMILIAR REVOGADO","FEMINICIDIO, VIOLENCIA DOMESTICA, FATOS TIPICOS, PROJETO ACOLHIDA, CRIMES VIOLENTOS LETAIS INTENCIONAIS",26/05/2023,12:00:00,MS,Corumbá,5003207,,FEMINICÍDIO TENTADO,True,True,False,2023,5
1376,2933/2023 - 1DEAM,"HOMICIDIO QUALIFICADO POR MOTIVO FUTIL, FEMINICIDIO, VIOLENCIA DOMESTICA E FAMILIAR REVOGADO","HOMICIDIO DOLOSO, FATOS TIPICOS QUE RESULTAM EM MORTE, CRIMES VIOLENTOS LETAIS INTENCIONAIS, PROJETO ACOLHIDA, FATOS TIPICOS, FEMINICIDIO, VIOLENCIA DOMESTICA, FATOS TIPICOS, PROJETO ACOLHIDA, CRIMES VIOLENTOS LETAIS INTENCIONAIS",30/04/2023,02:50:00,MS,Campo Grande,5002704,JARDIM COLIBRI DOIS,FEMINICÍDIO (LEGISLAÇÃO REVOGADA),False,True,False,2023,4
1407,481/2023 - DP-IVINHEMA,"HOMICIDIO QUALIFICADO PELA TRAICAO, DE EMBOSCADA, OU MEDIANTE DISSIMULACAO OU OUTRO RECURSO QUE DIFICULTE OU TORNE IMPOSSIVEL A DEFESA DO OFENDIDO, FEMINICIDIO - REVOGADO","HOMICIDIO DOLOSO, CRIMES VIOLENTOS LETAIS INTENCIONAIS, PROJETO ACOLHIDA, FATOS TIPICOS, FATOS TIPICOS QUE RESULTAM EM MORTE, FEMINICIDIO, CRIMES VIOLENTOS LETAIS INTENCIONAIS, PROJETO ACOLHIDA, FATOS TIPICOS",08/04/2023,03:30:00,MS,Novo Horizonte Do Sul,5006259,,FEMINICÍDIO (LEGISLAÇÃO REVOGADA),False,False,False,2023,4
1417,321/2023 - DP-RIO BRILHANTE,"SUICIDIO, FEMINICIDIO MAJORADO, SE PRATICADO NA PRESENÇA DE DESCENDENTE OU DE ASCENDENTE DA VITIMA - REVOGADO","MORTE DECORRENTE DE FATO ATIPICO, CRIMES VIOLENTOS LETAIS INTENCIONAIS, FATOS TIPICOS, FEMINICIDIO, PROJETO ACOLHIDA",30/03/2023,09:30:00,MS,Rio Brilhante,5007208,CENTRO,FEMINICÍDIO MAJORADO,False,False,False,2023,3
1429,388/2023 - DP-RIBAS RIO PARDO,FEMINICIDIO - REVOGADO,"FEMINICIDIO, CRIMES VIOLENTOS LETAIS INTENCIONAIS, PROJETO ACOLHIDA, FATOS TIPICOS",19/03/2023,12:35:00,MS,Ribas Do Rio Pardo,5007109,VILA JABOUR,FEMINICÍDIO (LEGISLAÇÃO REVOGADA),False,False,False,2023,3
1457,1376/2023 - 1DEAM,"HOMICIDIO QUALIFICADO POR MOTIVO FUTIL, FEMINICIDIO - REVOGADO","HOMICIDIO DOLOSO, FATOS TIPICOS QUE RESULTAM EM MORTE, CRIMES VIOLENTOS LETAIS INTENCIONAIS, PROJETO ACOLHIDA, FATOS TIPICOS, FEMINICIDIO, CRIMES VIOLENTOS LETAIS INTENCIONAIS, PROJETO ACOLHIDA, FATOS TIPICOS",28/02/2023,11:58:00,MS,Campo Grande,5002704,NOVA LIMA,FEMINICÍDIO (LEGISLAÇÃO REVOGADA),False,False,False,2023,2
1460,181/2023 - 1DP-FATIMA DO SUL,"HOMICIDIO QUALIFICADO POR MOTIVO FUTIL, FEMINICIDIO, VIOLENCIA DOMESTICA E FAMILIAR, NA FORMA TENTADA REVOGADO","HOMICIDIO DOLOSO, FATOS TIPICOS QUE RESULTAM EM MORTE, CRIMES VIOLENTOS LETAIS INTENCIONAIS, PROJETO ACOLHIDA, FATOS TIPICOS, VIOLENCIA DOMESTICA, FATOS TIPICOS, FEMINICIDIO NA FORMA TENTADA",25/02/2023,22:40:00,MS,Fátima Do Sul,5003801,CENTRO,FEMINICÍDIO TENTADO,True,True,False,2023,2
1489,158/2023 - DP-IVINHEMA,"FEMINICIDIO, VIOLENCIA DOMESTICA E FAMILIAR REVOGADO","FEMINICIDIO, VIOLENCIA DOMESTICA, FATOS TIPICOS, PROJETO ACOLHIDA, CRIMES VIOLENTOS LETAIS INTENCIONAIS",04/02/2023,19:00:00,MS,Ivinhema,5004700,VITORIA,FEMINICÍDIO (LEGISLAÇÃO REVOGADA),False,True,False,2023,2
1501,208/2023 - DP-SIDROLANDIA,FEMINICIDIO - REVOGADO,"FEMINICIDIO, CRIMES VIOLENTOS LETAIS INTENCIONAIS, PROJETO ACOLHIDA, FATOS TIPICOS",24/01/2023,12:27:00,MS,Sidrolândia,5007901,SAO BENTO,FEMINICÍDIO (LEGISLAÇÃO REVOGADA),False,False,False,2023,1
1518,276/2023 - 1DEAM,"FEMINICIDIO, VIOLENCIA DOMESTICA E FAMILIAR REVOGADO","FEMINICIDIO, VIOLENCIA DOMESTICA, FATOS TIPICOS, PROJETO ACOLHIDA, CRIMES VIOLENTOS LETAIS INTENCIONAIS",13/01/2023,16:40:00,MS,Campo Grande,5002704,SAO FRANCISCO,FEMINICÍDIO (LEGISLAÇÃO REVOGADA),False,True,False,2023,1
1534,5729/2022 - 1DP-CORUMBA,"FALSIFICACAO DE DOCUMENTO PUBLICO, PORTE ILEGAL DE ARMA DE FOGO DE USO PERMITIDO, HOMICIDIO QUALIFICADO POR MOTIVO FUTIL, HOMICIDIO QUALIFICADO PELA TRAICAO, DE EMBOSCADA, OU MEDIANTE DISSIMULACAO OU OUTRO RECURSO QUE DIFICULTE OU TORNE IMPOSSIVEL A DEFESA DO OFENDIDO, FEMINICIDIO - REVOGADO","FATOS TIPICOS, FATOS TIPICOS, PORTE E POSSE DE ARMA DE FOGO, HOMICIDIO DOLOSO, FATOS TIPICOS QUE RESULTAM EM MORTE, CRIMES VIOLENTOS LETAIS INTENCIONAIS, PROJETO ACOLHIDA, FATOS TIPICOS, HOMICIDIO DOLOSO, CRIMES VIOLENTOS LETAIS INTENCIONAIS, PROJETO ACOLHIDA, FATOS TIPICOS, FATOS TIPICOS QUE RESULTAM EM MORTE, FEMINICIDIO, CRIMES VIOLENTOS LETAIS INTENCIONAIS, PROJETO ACOLHIDA, FATOS TIPICOS",31/12/2022,17:20:00,MS,Corumbá,5003207,AEROPORTO,FEMINICÍDIO (LEGISLAÇÃO REVOGADA),False,False,False,2022,12
1548,8334/2022 - 1DEAM,"FEMINICIDIO, VIOLENCIA DOMESTICA E FAMILIAR REVOGADO","FEMINICIDIO, VIOLENCIA DOMESTICA, FATOS TIPICOS, PROJETO ACOLHIDA, CRIMES VIOLENTOS LETAIS INTENCIONAIS",21/12/2022,06:00:00,MS,Campo Grande,5002704,JARDIM COLUMBIA,FEMINICÍDIO (LEGISLAÇÃO REVOGADA),False,True,False,2022,12
1554,225/2022 - DP-JAPORA,"FEMINICIDIO - REVOGADO, FEMINICIDIO MAJORADO, SE PRATICADO NA PRESENÇA DE DESCENDENTE OU DE ASCENDENTE DA VITIMA - REVOGADO","FEMINICIDIO, CRIMES VIOLENTOS LETAIS INTENCIONAIS, PROJETO ACOLHIDA, FATOS TIPICOS, CRIMES VIOLENTOS LETAIS INTENCIONAIS, FATOS TIPICOS, FEMINICIDIO, PROJETO ACOLHIDA",15/12/2022,15:30:00,MS,Japorã,5004809,ZONA RURAL,FEMINICÍDIO MAJORADO,False,False,False,2022,12
1555,3191/2022 - 6DP-CG,"FEMINICIDIO, MENOSPREZO OU DISCRIMINAÇAO DE MULHER - REVOGADO","FATOS TIPICOS, PROJETO ACOLHIDA, FEMINICIDIO, CRIMES VIOLENTOS LETAIS INTENCIONAIS",15/12/2022,06:10:00,MS,Campo Grande,5002704,LEBLON,FEMINICÍDIO (LEGISLAÇÃO REVOGADA),False,False,False,2022,12
1570,3892/2022 - DEPAC-TL,"FEMINICIDIO, MENOSPREZO OU DISCRIMINAÇAO DE MULHER - REVOGADO","FATOS TIPICOS, PROJETO ACOLHIDA, FEMINICIDIO, CRIMES VIOLENTOS LETAIS INTENCIONAIS",09/12/2022,19:00:00,MS,Três Lagoas,5008305,INTERLAGOS,FEMINICÍDIO (LEGISLAÇÃO REVOGADA),False,False,False,2022,12
1583,7758/2022 - 1DEAM,"FEMINICIDIO, VIOLENCIA DOMESTICA E FAMILIAR REVOGADO","FEMINICIDIO, VIOLENCIA DOMESTICA, FATOS TIPICOS, PROJETO ACOLHIDA, CRIMES VIOLENTOS LETAIS INTENCIONAIS",27/11/2022,20:30:00,MS,Campo Grande,5002704,CENTRO,FEMINICÍDIO (LEGISLAÇÃO REVOGADA),False,True,False,2022,11
1593,7582/2022 - 1DEAM,FEMINICIDIO - REVOGADO,"FEMINICIDIO, CRIMES VIOLENTOS LETAIS INTENCIONAIS, PROJETO ACOLHIDA, FATOS TIPICOS",20/11/2022,09:00:00,MS,Campo Grande,5002704,JARDIM NOROESTE,FEMINICÍDIO (LEGISLAÇÃO REVOGADA),False,False,False,2022,11
1604,7406/2022 - 1DEAM,"ESTUPRO (VIOLENCIA DOMESTICA), FEMINICIDIO - REVOGADO","ESTUPRO, FATOS TIPICOS, VIOLENCIA DOMESTICA, FEMINICIDIO, CRIMES VIOLENTOS LETAIS INTENCIONAIS, PROJETO ACOLHIDA, FATOS TIPICOS",13/11/2022,03:00:00,MS,Campo Grande,5002704,JARDIM CENTRO OESTE,FEMINICÍDIO (LEGISLAÇÃO REVOGADA),False,True,False,2022,11
1620,617/2022 - DP-TERENOS,"SUICIDIO, FEMINICIDIO - REVOGADO","MORTE DECORRENTE DE FATO ATIPICO, FEMINICIDIO, CRIMES VIOLENTOS LETAIS INTENCIONAIS, PROJETO ACOLHIDA, FATOS TIPICOS",30/10/2022,07:00:00,MS,Terenos,5008008,,FEMINICÍDIO (LEGISLAÇÃO REVOGADA),False,False,False,2022,10
1644,2186/2022 - 1DP-PONTA PORÃ,FEMINICIDIO - REVOGADO,"FEMINICIDIO, CRIMES VIOLENTOS LETAIS INTENCIONAIS, PROJETO ACOLHIDA, FATOS TIPICOS",18/10/2022,23:00:00,MS,Ponta Porã,5006606,ZONA RURAL,FEMINICÍDIO (LEGISLAÇÃO REVOGADA),False,False,False,2022,10
1684,6266/2022 - 1DEAM,"HOMICIDIO SIMPLES NA FORMA TENTADA, HOMICIDIO SIMPLES NA FORMA TENTADA (VIOLENCIA DOMESTICA), FEMINICIDIO, VIOLENCIA DOMESTICA E FAMILIAR REVOGADO, ABORTO PROVOCADO POR TERCEIRO SEM O CONSENTIMENTO DA GESTANTE, NA FORMA TENTADA","HOMICIDIO DOLOSO NA FORMA TENTADA, FATOS TIPICOS, HOMICIDIO DOLOSO NA FORMA TENTADA, FATOS TIPICOS, VIOLENCIA DOMESTICA, FEMINICIDIO, VIOLENCIA DOMESTICA, FATOS TIPICOS, PROJETO ACOLHIDA, CRIMES VIOLENTOS LETAIS INTENCIONAIS, FATOS TIPICOS",23/09/2022,18:40:00,MS,Campo Grande,5002704,JARDIM CORCOVADO,FEMINICÍDIO TENTADO,True,True,False,2022,9
1687,2027/2022 - 1DP-NAVIRAÍ,"HOMICIDIO SIMPLES, FEMINICIDIO, VIOLENCIA DOMESTICA E FAMILIAR, NA FORMA TENTADA REVOGADO","FATOS TIPICOS, CRIMES VIOLENTOS LETAIS INTENCIONAIS, HOMICIDIO DOLOSO, FATOS TIPICOS QUE RESULTAM EM MORTE, PROJETO ACOLHIDA, VIOLENCIA DOMESTICA, FATOS TIPICOS, FEMINICIDIO NA FORMA TENTADA",19/09/2022,01:45:00,MS,Navirai,5005707,VILA PRIMAVERA,FEMINICÍDIO TENTADO,True,True,False,2022,9
1698,5643/2022 - DEPAC-DDOS,"DESTRUICAO, SUBTRACAO OU OCULTACAO DE CADAVER, FEMINICIDIO, MENOSPREZO OU DISCRIMINAÇAO DE MULHER - REVOGADO","FATOS TIPICOS, FATOS TIPICOS, PROJETO ACOLHIDA, FEMINICIDIO, CRIMES VIOLENTOS LETAIS INTENCIONAIS",11/09/2022,17:36:00,MS,Dourados,5003702,,FEMINICÍDIO (LEGISLAÇÃO REVOGADA),False,False,False,2022,9
1705,978/2022 - DP-SÃO GABRIEL,FEMINICIDIO - REVOGADO,"FEMINICIDIO, CRIMES VIOLENTOS LETAIS INTENCIONAIS, PROJETO ACOLHIDA, FATOS TIPICOS",07/09/2022,10:00:00,MS,São Gabriel Do Oeste,5007695,CENTRO,FEMINICÍDIO (LEGISLAÇÃO REVOGADA),False,False,False,2022,9
1708,1111/2022 - DP-AMAMBAI,"FEMINICIDIO, VIOLENCIA DOMESTICA E FAMILIAR REVOGADO","FEMINICIDIO, VIOLENCIA DOMESTICA, FATOS TIPICOS, PROJETO ACOLHIDA, CRIMES VIOLENTOS LETAIS INTENCIONAIS",05/09/2022,17:00:00,MS,Amambai,5000609,,FEMINICÍDIO (LEGISLAÇÃO REVOGADA),False,True,False,2022,9
1733,930/2022 - DP-AMAMBAI,"FEMINICIDIO, VIOLENCIA DOMESTICA E FAMILIAR REVOGADO","FEMINICIDIO, VIOLENCIA DOMESTICA, FATOS TIPICOS, PROJETO ACOLHIDA, CRIMES VIOLENTOS LETAIS INTENCIONAIS",02/08/2022,16:30:00,MS,Amambai,5000609,,FEMINICÍDIO (LEGISLAÇÃO REVOGADA),False,True,False,2022,8
1734,834/2022 - 2DP-DOURADOS,"HOMICIDIO QUALIFICADO COM EMPREGO DE VENENO, FOGO, EXPLOSIVO, ASFIXIA, TORTURA OU OUTRO MEIO INSIDIOSO, FEMINICIDIO - REVOGADO","CRIMES VIOLENTOS LETAIS INTENCIONAIS, FATOS TIPICOS QUE RESULTAM EM MORTE, HOMICIDIO DOLOSO, PROJETO ACOLHIDA, FATOS TIPICOS, FEMINICIDIO, CRIMES VIOLENTOS LETAIS INTENCIONAIS, PROJETO ACOLHIDA, FATOS TIPICOS",01/08/2022,09:38:00,MS,Dourados,5003702,,FEMINICÍDIO (LEGISLAÇÃO REVOGADA),False,False,False,2022,8
1736,159/2022 - DP-PARANHOS,"HOMICIDIO SIMPLES, HOMICIDIO QUALIFICADO MEDIANTE PAGA OU PROMESSA DE RECOMPENSA, OU POR OUTRO MOTIVO TORPE, FEMINICIDIO, VIOLENCIA DOMESTICA E FAMILIAR, NA FORMA TENTADA REVOGADO","FATOS TIPICOS, CRIMES VIOLENTOS LETAIS INTENCIONAIS, HOMICIDIO DOLOSO, FATOS TIPICOS QUE RESULTAM EM MORTE, PROJETO ACOLHIDA, FATOS TIPICOS QUE RESULTAM EM MORTE, PROJETO ACOLHIDA, FATOS TIPICOS, CRIMES VIOLENTOS LETAIS INTENCIONAIS, HOMICIDIO DOLOSO, VIOLENCIA DOMESTICA, FATOS TIPICOS, FEMINICIDIO NA FORMA TENTADA",30/07/2022,23:40:00,MS,Paranhos,5006358,ZONA RURAL,FEMINICÍDIO TENTADO,True,True,False,2022,7
1743,5020/2022 - 1DEAM,"DESTRUICAO, SUBTRACAO OU OCULTACAO DE CADAVER, FEMINICIDIO, VIOLENCIA DOMESTICA E FAMILIAR REVOGADO","FATOS TIPICOS, FEMINICIDIO, VIOLENCIA DOMESTICA, FATOS TIPICOS, PROJETO ACOLHIDA, CRIMES VIOLENTOS LETAIS INTENCIONAIS",28/07/2022,07:00:00,MS,Campo Grande,5002704,VILA SILVIA REGINA,FEMINICÍDIO (LEGISLAÇÃO REVOGADA),False,True,False,2022,7
1752,4880/2022 - 1DEAM,"FEMINICIDIO, VIOLENCIA DOMESTICA E FAMILIAR REVOGADO, FEMINICIDIO, VIOLENCIA DOMESTICA E FAMILIAR, NA FORMA TENTADA REVOGADO","FEMINICIDIO, VIOLENCIA DOMESTICA, FATOS TIPICOS, PROJETO ACOLHIDA, CRIMES VIOLENTOS LETAIS INTENCIONAIS, VIOLENCIA DOMESTICA, FATOS TIPICOS, FEMINICIDIO NA FORMA TENTADA",21/07/2022,14:00:00,MS,Rochedo,5007505,CENTRO,FEMINICÍDIO TENTADO,True,True,False,2022,7
1788,2693/2022 - 1DP-CORUMBA,"FAVORECIMENTO PESSOAL, SUICIDIO, FEMINICIDIO, VIOLENCIA DOMESTICA E FAMILIAR REVOGADO","FATOS TIPICOS, MORTE DECORRENTE DE FATO ATIPICO, FEMINICIDIO, VIOLENCIA DOMESTICA, FATOS TIPICOS, PROJETO ACOLHIDA, CRIMES VIOLENTOS LETAIS INTENCIONAIS",22/06/2022,00:35:00,MS,Corumbá,5003207,POPULAR NOVA,FEMINICÍDIO (LEGISLAÇÃO REVOGADA),False,True,False,2022,6
1794,3649/2022 - DEPAC-DDOS,FEMINICIDIO - REVOGADO,"FEMINICIDIO, CRIMES VIOLENTOS LETAIS INTENCIONAIS, PROJETO ACOLHIDA, FATOS TIPICOS",16/06/2022,02:30:00,MS,Dourados,5003702,,FEMINICÍDIO (LEGISLAÇÃO REVOGADA),False,False,False,2022,6
1799,760/2022 - DP-COSTA RICA,FEMINICIDIO - REVOGADO,"FEMINICIDIO, CRIMES VIOLENTOS LETAIS INTENCIONAIS, PROJETO ACOLHIDA, FATOS TIPICOS",14/06/2022,00:00:00,MS,Costa Rica,5003256,,FEMINICÍDIO (LEGISLAÇÃO REVOGADA),False,False,False,2022,6
1808,208/2022 - DAM-PONTA PORÃ,"LESAO CORPORAL DOLOSA, FEMINICIDIO - REVOGADO","LESAO CORPORAL DOLOSA, FATOS TIPICOS, FEMINICIDIO, CRIMES VIOLENTOS LETAIS INTENCIONAIS, PROJETO ACOLHIDA, FATOS TIPICOS",08/06/2022,04:00:00,MS,Ponta Porã,5006606,RESIDENCIAL PONTA PORA HUM,FEMINICÍDIO (LEGISLAÇÃO REVOGADA),False,False,False,2022,6
1812,742/2022 - 4DP-CG,"ESTUPRO, SE DA CONDUTA RESULTA LESAO CORPORAL DE NATUREZA GRAVE OU SE A VITIMA É MENOR DE 18 (DEZOITO) OU MAIOR DE 14 (CATORZE) ANOS, FEMINICIDIO - REVOGADO","PEDOFILIA, FATOS TIPICOS, ESTUPRO, FEMINICIDIO, CRIMES VIOLENTOS LETAIS INTENCIONAIS, PROJETO ACOLHIDA, FATOS TIPICOS",06/06/2022,14:00:00,MS,Campo Grande,5002704,TIRADENTES,FEMINICÍDIO (LEGISLAÇÃO REVOGADA),False,False,False,2022,6
1817,788/2022 - DP-RIBAS RIO PARDO,"HOMICIDIO QUALIFICADO MEDIANTE PAGA OU PROMESSA DE RECOMPENSA, OU POR OUTRO MOTIVO TORPE, HOMICIDIO QUALIFICADO MEDIANTE PAGA OU PROMESSA DE RECOMPENSA, OU POR OUTRO MOTIVO TORPE, NA FORMA TENTADA, FEMINICIDIO MAJORADO, SE PRATICADO NA PRESENÇA DE DESCENDENTE OU DE ASCENDENTE DA VITIMA - REVOGADO, MORTE DECORRENTE DE INTERVENCAO LEGAL DE AGENTE DO ESTADO","FATOS TIPICOS QUE RESULTAM EM MORTE, PROJETO ACOLHIDA, FATOS TIPICOS, CRIMES VIOLENTOS LETAIS INTENCIONAIS, HOMICIDIO DOLOSO, FATOS TIPICOS, CRIMES VIOLENTOS LETAIS INTENCIONAIS, FATOS TIPICOS, FEMINICIDIO, PROJETO ACOLHIDA, FATOS TIPICOS",01/06/2022,23:30:00,MS,Ribas Do Rio Pardo,5007109,SAO SEBASTIAO,FEMINICÍDIO TENTADO,True,False,False,2022,6
1824,3583/2022 - 1DEAM,"DESTRUICAO, SUBTRACAO OU OCULTACAO DE CADAVER, FEMINICIDIO, VIOLENCIA DOMESTICA E FAMILIAR REVOGADO","FATOS TIPICOS, FEMINICIDIO, VIOLENCIA DOMESTICA, FATOS TIPICOS, PROJETO ACOLHIDA, CRIMES VIOLENTOS LETAIS INTENCIONAIS",27/05/2022,01:00:00,MS,Campo Grande,5002704,TIRADENTES,FEMINICÍDIO (LEGISLAÇÃO REVOGADA),False,True,False,2022,5
1828,310/2022 - DP-TERENOS,"HOMICIDIO QUALIFICADO POR MOTIVO FUTIL, HOMICIDIO QUALIFICADO PELA TRAICAO, DE EMBOSCADA, OU MEDIANTE DISSIMULACAO OU OUTRO RECURSO QUE DIFICULTE OU TORNE IMPOSSIVEL A DEFESA DO OFENDIDO, FEMINICIDIO, VIOLENCIA DOMESTICA E FAMILIAR REVOGADO, FEMINICIDIO MAJORADO, SE PRATICADO NA PRESENÇA DE DESCENDENTE OU DE ASCENDENTE DA VITIMA - REVOGADO","HOMICIDIO DOLOSO, FATOS TIPICOS QUE RESULTAM EM MORTE, CRIMES VIOLENTOS LETAIS INTENCIONAIS, PROJETO ACOLHIDA, FATOS TIPICOS, HOMICIDIO DOLOSO, CRIMES VIOLENTOS LETAIS INTENCIONAIS, PROJETO ACOLHIDA, FATOS TIPICOS, FATOS TIPICOS QUE RESULTAM EM MORTE, FEMINICIDIO, VIOLENCIA DOMESTICA, FATOS TIPICOS, PROJETO ACOLHIDA, CRIMES VIOLENTOS LETAIS INTENCIONAIS, CRIMES VIOLENTOS LETAIS INTENCIONAIS, FATOS TIPICOS, FEMINICIDIO, PROJETO ACOLHIDA",22/05/2022,23:00:00,MS,Terenos,5008008,,FEMINICÍDIO MAJORADO,False,True,False,2022,5
1842,3297/2022 - 1DEAM,"FEMINICIDIO, VIOLENCIA DOMESTICA E FAMILIAR REVOGADO","FEMINICIDIO, VIOLENCIA DOMESTICA, FATOS TIPICOS, PROJETO ACOLHIDA, CRIMES VIOLENTOS LETAIS INTENCIONAIS",13/05/2022,21:30:00,MS,Campo Grande,5002704,VILA NEUSA,FEMINICÍDIO (LEGISLAÇÃO REVOGADA),False,True,False,2022,5
1873,626/2022 - DP-CHAPADÃO,"DESTRUICAO, SUBTRACAO OU OCULTACAO DE CADAVER, DESAPARECIMENTO DE PESSOA, FEMINICIDIO - REVOGADO","FATOS TIPICOS, FATOS ATIPICOS, FEMINICIDIO, CRIMES VIOLENTOS LETAIS INTENCIONAIS, PROJETO ACOLHIDA, FATOS TIPICOS",21/04/2022,12:00:00,MS,Chapadão Do Sul,5002951,CENTRO,FEMINICÍDIO (LEGISLAÇÃO REVOGADA),False,False,False,2022,4
1875,482/2022 - DP-IVINHEMA,"HOMICIDIO QUALIFICADO PELA TRAICAO, DE EMBOSCADA, OU MEDIANTE DISSIMULACAO OU OUTRO RECURSO QUE DIFICULTE OU TORNE IMPOSSIVEL A DEFESA DO OFENDIDO, FEMINICIDIO - REVOGADO","HOMICIDIO DOLOSO, CRIMES VIOLENTOS LETAIS INTENCIONAIS, PROJETO ACOLHIDA, FATOS TIPICOS, FATOS TIPICOS QUE RESULTAM EM MORTE, FEMINICIDIO, CRIMES VIOLENTOS LETAIS INTENCIONAIS, PROJETO ACOLHIDA, FATOS TIPICOS",20/04/2022,03:55:00,MS,Ivinhema,5004700,TRIGUINA,FEMINICÍDIO (LEGISLAÇÃO REVOGADA),False,False,False,2022,4
1879,2618/2022 - 1DEAM,"HOMICIDIO SIMPLES, FEMINICIDIO, VIOLENCIA DOMESTICA E FAMILIAR, NA FORMA TENTADA REVOGADO","FATOS TIPICOS, CRIMES VIOLENTOS LETAIS INTENCIONAIS, HOMICIDIO DOLOSO, FATOS TIPICOS QUE RESULTAM EM MORTE, PROJETO ACOLHIDA, VIOLENCIA DOMESTICA, FATOS TIPICOS, FEMINICIDIO NA FORMA TENTADA",16/04/2022,03:43:00,MS,Campo Grande,5002704,CENTRO OESTE,FEMINICÍDIO TENTADO,True,True,False,2022,4
1892,214/2022 - DAM-TRÊS LAGOAS,"FURTO, ESTUPRO, FEMINICIDIO, MENOSPREZO OU DISCRIMINAÇAO DE MULHER - REVOGADO","FURTO, FATOS TIPICOS, FURTO (SEM ART. 155, § 3° DO CP), FATOS TIPICOS, ESTUPRO, FATOS TIPICOS, PROJETO ACOLHIDA, FEMINICIDIO, CRIMES VIOLENTOS LETAIS INTENCIONAIS",07/04/2022,08:00:00,MS,Três Lagoas,5008305,,FEMINICÍDIO (LEGISLAÇÃO REVOGADA),False,False,False,2022,4
1898,136/2022 - DP-BATAYPORÃ,"SINISTRO DE TRANSITO COM VITIMA FATAL PROVOCADO PELA PROPRIA VITIMA, FEMINICIDIO MAJORADO, SE PRATICADO CONTRA PESSOA MAIOR DE 60 (SESSENTA) ANOS, COM DEFICIENCIA OU COM DOENÇAS DEGENERATIVAS QUE ACARRETEM CONDIÇAO LIMITANTE OU DE VULNERABILIDADE FISICA OU MENTAL - REVOGADO","MORTE DECORRENTE DE FATO ATIPICO, FEMINICIDIO, PROJETO ACOLHIDA, FATOS TIPICOS, CRIMES VIOLENTOS LETAIS INTENCIONAIS",01/04/2022,18:00:00,MS,Batayporã,5002001,JOSE MUSTAFA,FEMINICÍDIO MAJORADO,False,False,False,2022,4
1915,1859/2022 - 1DEAM,"FEMINICIDIO MAJORADO, SE PRATICADO NA PRESENÇA DE DESCENDENTE OU DE ASCENDENTE DA VITIMA - REVOGADO","CRIMES VIOLENTOS LETAIS INTENCIONAIS, FATOS TIPICOS, FEMINICIDIO, PROJETO ACOLHIDA",16/03/2022,20:19:00,MS,Campo Grande,5002704,PARQUE DO LAGEADO,FEMINICÍDIO MAJORADO,False,False,False,2022,3
1930,571/2022 - DEPAC-TL,"POSSE IRREGULAR DE ARMA DE FOGO DE USO PERMITIDO, FEMINICIDIO, VIOLENCIA DOMESTICA E FAMILIAR REVOGADO, FEMINICIDIO, VIOLENCIA DOMESTICA E FAMILIAR, NA FORMA TENTADA REVOGADO","FATOS TIPICOS, PORTE E POSSE DE ARMA DE FOGO, FEMINICIDIO, VIOLENCIA DOMESTICA, FATOS TIPICOS, PROJETO ACOLHIDA, CRIMES VIOLENTOS LETAIS INTENCIONAIS, VIOLENCIA DOMESTICA, FATOS TIPICOS, FEMINICIDIO NA FORMA TENTADA",06/03/2022,16:30:00,MS,Três Lagoas,5008305,SANTA LUZIA,FEMINICÍDIO TENTADO,True,True,False,2022,3
1968,176/2022 - DP-COSTA RICA,"SUICIDIO, FEMINICIDIO - REVOGADO","MORTE DECORRENTE DE FATO ATIPICO, FEMINICIDIO, CRIMES VIOLENTOS LETAIS INTENCIONAIS, PROJETO ACOLHIDA, FATOS TIPICOS",08/02/2022,06:00:00,MS,Costa Rica,5003256,CENTRO,FEMINICÍDIO (LEGISLAÇÃO REVOGADA),False,False,False,2022,2
1970,841/2022 - DEPAC-CEPOL-CG,"DESTRUICAO, SUBTRACAO OU OCULTACAO DE CADAVER, MORTE POR CAUSA INDETERMINADA (SEM INDICIO DE CRIME), FEMINICIDIO, VIOLENCIA DOMESTICA E FAMILIAR REVOGADO","FATOS TIPICOS, MORTE DECORRENTE DE FATO ATIPICO, FATOS ATIPICOS, FEMINICIDIO, VIOLENCIA DOMESTICA, FATOS TIPICOS, PROJETO ACOLHIDA, CRIMES VIOLENTOS LETAIS INTENCIONAIS",06/02/2022,10:00:00,MS,Campo Grande,5002704,ZONA RURAL AREA 2 - RU DO SEGREDO,FEMINICÍDIO (LEGISLAÇÃO REVOGADA),False,True,False,2022,2
1984,237/2022 - 6DP-CG,"FAVORECIMENTO PESSOAL, TORTURA, SE RESULTA EM MORTE, SEQUESTRO E CARCERE PRIVADO, SE RESULTA A VITIMA, EM RAZAO DE MAUS-TRATOS OU DA NATUREZA DA DETENÇAO, GRAVE SOFRIMENTO FISICO OU MORAL, FEMINICIDIO, VIOLENCIA DOMESTICA E FAMILIAR REVOGADO","FATOS TIPICOS, TORTURA, FATOS TIPICOS, SEQUESTRO E CARCERE PRIVADO, FATOS TIPICOS, FEMINICIDIO, VIOLENCIA DOMESTICA, FATOS TIPICOS, PROJETO ACOLHIDA, CRIMES VIOLENTOS LETAIS INTENCIONAIS",26/01/2022,00:51:00,MS,Campo Grande,5002704,PORTAL CAIOBA,FEMINICÍDIO (LEGISLAÇÃO REVOGADA),False,True,False,2022,1
1986,102/2022 - DP-IVINHEMA,"DESTRUICAO, SUBTRACAO OU OCULTACAO DE CADAVER, DESAPARECIMENTO DE PESSOA, FEMINICIDIO - REVOGADO","FATOS TIPICOS, FATOS ATIPICOS, FEMINICIDIO, CRIMES VIOLENTOS LETAIS INTENCIONAIS, PROJETO ACOLHIDA, FATOS TIPICOS",25/01/2022,19:00:00,MS,Ivinhema,5004700,TRIGUINA,FEMINICÍDIO (LEGISLAÇÃO REVOGADA),False,False,False,2022,1
1990,176/2022 - 1DP-NOVA ANDRADINA,"MORTE POR CAUSA INDETERMINADA (SEM INDICIO DE CRIME), FEMINICIDIO, VIOLENCIA DOMESTICA E FAMILIAR REVOGADO","MORTE DECORRENTE DE FATO ATIPICO, FATOS ATIPICOS, FEMINICIDIO, VIOLENCIA DOMESTICA, FATOS TIPICOS, PROJETO ACOLHIDA, CRIMES VIOLENTOS LETAIS INTENCIONAIS",23/01/2022,17:20:00,MS,Nova Andradina,5006200,,FEMINICÍDIO (LEGISLAÇÃO REVOGADA),False,True,False,2022,1
1993,25/2022 - DP-BANDEIRANTES,"DESTRUICAO, SUBTRACAO OU OCULTACAO DE CADAVER, ESTUPRO, FEMINICIDIO - REVOGADO","FATOS TIPICOS, FATOS TIPICOS, ESTUPRO, FEMINICIDIO, CRIMES VIOLENTOS LETAIS INTENCIONAIS, PROJETO ACOLHIDA, FATOS TIPICOS",22/01/2022,18:00:00,MS,Bandeirantes,5001508,JARDIM SANTA MADALENA,FEMINICÍDIO (LEGISLAÇÃO REVOGADA),False,False,False,2022,1
1999,9/2022 - DP-TACURU,"FEMINICIDIO MAJORADO, SE PRATICADO CONTRA PESSOA MAIOR DE 60 (SESSENTA) ANOS, COM DEFICIENCIA OU COM DOENÇAS DEGENERATIVAS QUE ACARRETEM CONDIÇAO LIMITANTE OU DE VULNERABILIDADE FISICA OU MENTAL - REVOGADO","FEMINICIDIO, PROJETO ACOLHIDA, FATOS TIPICOS, CRIMES VIOLENTOS LETAIS INTENCIONAIS",16/01/2022,00:00:00,MS,Tacuru,5007950,,FEMINICÍDIO MAJORADO,False,False,False,2022,1
2001,65/2022 - DP-ANASTACIO,"FEMINICIDIO, VIOLENCIA DOMESTICA E FAMILIAR REVOGADO","FEMINICIDIO, VIOLENCIA DOMESTICA, FATOS TIPICOS, PROJETO ACOLHIDA, CRIMES VIOLENTOS LETAIS INTENCIONAIS",15/01/2022,17:00:00,MS,Anastácio,5000708,CENTRO,FEMINICÍDIO (LEGISLAÇÃO REVOGADA),False,True,False,2022,1
2010,51/2022 - DP-RIBAS RIO PARDO,"AMEACA (VIOLENCIA DOMESTICA), FEMINICIDIO, VIOLENCIA DOMESTICA E FAMILIAR REVOGADO","VIOLENCIA DOMESTICA, FATOS TIPICOS, AMEAÇA, FEMINICIDIO, VIOLENCIA DOMESTICA, FATOS TIPICOS, PROJETO ACOLHIDA, CRIMES VIOLENTOS LETAIS INTENCIONAIS",09/01/2022,02:09:00,MS,Ribas Do Rio Pardo,5007109,SAO SEBASTIAO,FEMINICÍDIO (LEGISLAÇÃO REVOGADA),False,True,False,2022,1
2048,787/2021 - DAM-TRÊS LAGOAS,"SUICIDIO, FEMINICIDIO, VIOLENCIA DOMESTICA E FAMILIAR REVOGADO","MORTE DECORRENTE DE FATO ATIPICO, FEMINICIDIO, VIOLENCIA DOMESTICA, FATOS TIPICOS, PROJETO ACOLHIDA, CRIMES VIOLENTOS LETAIS INTENCIONAIS",21/12/2021,12:00:00,MS,Três Lagoas,5008305,,FEMINICÍDIO (LEGISLAÇÃO REVOGADA),False,True,False,2021,12
2063,931/2021 - DP-NOVA ALVORADA,"FEMINICIDIO, VIOLENCIA DOMESTICA E FAMILIAR REVOGADO","FEMINICIDIO, VIOLENCIA DOMESTICA, FATOS TIPICOS, PROJETO ACOLHIDA, CRIMES VIOLENTOS LETAIS INTENCIONAIS",12/12/2021,00:15:00,MS,Nova Alvorada Do Sul,5006002,CENTRO,FEMINICÍDIO (LEGISLAÇÃO REVOGADA),False,True,False,2021,12
2068,7489/2021 - 1DEAM,"HOMICIDIO SIMPLES NA FORMA TENTADA, FEMINICIDIO, VIOLENCIA DOMESTICA E FAMILIAR REVOGADO","HOMICIDIO DOLOSO NA FORMA TENTADA, FATOS TIPICOS, FEMINICIDIO, VIOLENCIA DOMESTICA, FATOS TIPICOS, PROJETO ACOLHIDA, CRIMES VIOLENTOS LETAIS INTENCIONAIS",07/12/2021,23:30:00,MS,Campo Grande,5002704,COOPHATRABALHO,FEMINICÍDIO TENTADO,True,True,False,2021,12
2071,2527/2021 - 1DP-PONTA PORÃ,"SUICIDIO, HOMICIDIO QUALIFICADO PELA TRAICAO, DE EMBOSCADA, OU MEDIANTE DISSIMULACAO OU OUTRO RECURSO QUE DIFICULTE OU TORNE IMPOSSIVEL A DEFESA DO OFENDIDO, FEMINICIDIO, VIOLENCIA DOMESTICA E FAMILIAR REVOGADO","MORTE DECORRENTE DE FATO ATIPICO, HOMICIDIO DOLOSO, CRIMES VIOLENTOS LETAIS INTENCIONAIS, PROJETO ACOLHIDA, FATOS TIPICOS, FATOS TIPICOS QUE RESULTAM EM MORTE, FEMINICIDIO, VIOLENCIA DOMESTICA, FATOS TIPICOS, PROJETO ACOLHIDA, CRIMES VIOLENTOS LETAIS INTENCIONAIS",05/12/2021,02:00:00,MS,Ponta Porã,5006606,RESIDENCIAL KAMEL SAAD,FEMINICÍDIO (LEGISLAÇÃO REVOGADA),False,True,False,2021,12
2128,5119/2021 - DEPAC-DDOS,"HOMICIDIO QUALIFICADO POR MOTIVO FUTIL, FEMINICIDIO - REVOGADO","HOMICIDIO DOLOSO, FATOS TIPICOS QUE RESULTAM EM MORTE, CRIMES VIOLENTOS LETAIS INTENCIONAIS, PROJETO ACOLHIDA, FATOS TIPICOS, FEMINICIDIO, CRIMES VIOLENTOS LETAIS INTENCIONAIS, PROJETO ACOLHIDA, FATOS TIPICOS",30/10/2021,10:38:00,MS,Dourados,5003702,VILA ROSA,FEMINICÍDIO (LEGISLAÇÃO REVOGADA),False,False,False,2021,10
2152,413/2021 - DP-ITAQUIRAI,"POSSE IRREGULAR DE ARMA DE FOGO DE USO PERMITIDO, HOMICIDIO QUALIFICADO PELA TRAICAO, DE EMBOSCADA, OU MEDIANTE DISSIMULACAO OU OUTRO RECURSO QUE DIFICULTE OU TORNE IMPOSSIVEL A DEFESA DO OFENDIDO, NA FORMA TENTADA, FEMINICIDIO, VIOLENCIA DOMESTICA E FAMILIAR REVOGADO","FATOS TIPICOS, PORTE E POSSE DE ARMA DE FOGO, HOMICIDIO DOLOSO NA FORMA TENTADA, FATOS TIPICOS, FEMINICIDIO, VIOLENCIA DOMESTICA, FATOS TIPICOS, PROJETO ACOLHIDA, CRIMES VIOLENTOS LETAIS INTENCIONAIS",07/10/2021,20:00:00,MS,Itaquiraí,5004601,,FEMINICÍDIO TENTADO,True,True,False,2021,10
2165,1023/2021 - DP-COSTA RICA,"FEMINICIDIO, VIOLENCIA DOMESTICA E FAMILIAR REVOGADO, FEMINICIDIO, VIOLENCIA DOMESTICA E FAMILIAR, NA FORMA TENTADA REVOGADO","FEMINICIDIO, VIOLENCIA DOMESTICA, FATOS TIPICOS, PROJETO ACOLHIDA, CRIMES VIOLENTOS LETAIS INTENCIONAIS, VIOLENCIA DOMESTICA, FATOS TIPICOS, FEMINICIDIO NA FORMA TENTADA",28/09/2021,23:30:00,MS,Costa Rica,5003256,CENTRO,FEMINICÍDIO TENTADO,True,True,False,2021,9
2200,5217/2021 - DEPAC-CEPOL-CG,"FEMINICIDIO, MENOSPREZO OU DISCRIMINAÇAO DE MULHER - REVOGADO","FATOS TIPICOS, PROJETO ACOLHIDA, FEMINICIDIO, CRIMES VIOLENTOS LETAIS INTENCIONAIS",01/09/2021,18:45:00,MS,Campo Grande,5002704,UNIVERSITARIO,FEMINICÍDIO (LEGISLAÇÃO REVOGADA),False,False,False,2021,9
2224,4649/2021 - 1DEAM,"FEMINICIDIO, MENOSPREZO OU DISCRIMINAÇAO DE MULHER - REVOGADO","FATOS TIPICOS, PROJETO ACOLHIDA, FEMINICIDIO, CRIMES VIOLENTOS LETAIS INTENCIONAIS",17/08/2021,16:55:00,MS,Campo Grande,5002704,JARDIM LOS ANGELES,FEMINICÍDIO (LEGISLAÇÃO REVOGADA),False,False,False,2021,8
2235,3297/2021 - DEPAC-DDOS,"HOMICIDIO QUALIFICADO PELA TRAICAO, DE EMBOSCADA, OU MEDIANTE DISSIMULACAO OU OUTRO RECURSO QUE DIFICULTE OU TORNE IMPOSSIVEL A DEFESA DO OFENDIDO, HOMICIDIO QUALIFICADO, PARA ASSEGURAR A EXECUCAO, A OCULTACAO, A IMPUNIDADE OU VANTAGEM DE OUTRO CRIME, ESTUPRO DE VULNERAVEL, FEMINICIDIO - REVOGADO","HOMICIDIO DOLOSO, CRIMES VIOLENTOS LETAIS INTENCIONAIS, PROJETO ACOLHIDA, FATOS TIPICOS, FATOS TIPICOS QUE RESULTAM EM MORTE, FATOS TIPICOS, PROJETO ACOLHIDA, CRIMES VIOLENTOS LETAIS INTENCIONAIS, HOMICIDIO DOLOSO, FATOS TIPICOS QUE RESULTAM EM MORTE, ESTUPRO DE VULNERÁVEL - ART. 217-A, FATOS TIPICOS, PEDOFILIA, ESTUPRO, FEMINICIDIO, CRIMES VIOLENTOS LETAIS INTENCIONAIS, PROJETO ACOLHIDA, FATOS TIPICOS",09/08/2021,08:40:00,MS,Dourados,5003702,,FEMINICÍDIO (LEGISLAÇÃO REVOGADA),False,False,False,2021,8
2236,391/2021 - DP-IGUATEMI,"FEMINICIDIO, VIOLENCIA DOMESTICA E FAMILIAR REVOGADO","FEMINICIDIO, VIOLENCIA DOMESTICA, FATOS TIPICOS, PROJETO ACOLHIDA, CRIMES VIOLENTOS LETAIS INTENCIONAIS",09/08/2021,06:30:00,MS,Iguatemi,5004304,,FEMINICÍDIO (LEGISLAÇÃO REVOGADA),False,True,False,2021,8
2249,397/2021 - DP-SONORA,"DESTRUICAO, SUBTRACAO OU OCULTACAO DE CADAVER, FEMINICIDIO, VIOLENCIA DOMESTICA E FAMILIAR REVOGADO, FRAUDE PROCESSUAL, SE A INOVAÇAO SE DESTINA A PRODUZIR EFEITO EM PROCESSO PENAL, AINDA QUE NAO INICIADO, AS PENAS APLICAM-SE EM DOBRO","FATOS TIPICOS, FEMINICIDIO, VIOLENCIA DOMESTICA, FATOS TIPICOS, PROJETO ACOLHIDA, CRIMES VIOLENTOS LETAIS INTENCIONAIS, FATOS TIPICOS",02/08/2021,11:30:00,MS,Sonora,5007935,CENTRO,FEMINICÍDIO (LEGISLAÇÃO REVOGADA),False,True,False,2021,8
2250,764/2021 - DP-CHAPADÃO,"DESTRUICAO, SUBTRACAO OU OCULTACAO DE CADAVER, FEMINICIDIO - REVOGADO","FATOS TIPICOS, FEMINICIDIO, CRIMES VIOLENTOS LETAIS INTENCIONAIS, PROJETO ACOLHIDA, FATOS TIPICOS",01/08/2021,19:00:00,MS,Chapadão Do Sul,5002951,,FEMINICÍDIO (LEGISLAÇÃO REVOGADA),False,False,False,2021,8
2272,1187/2021 - DEPAC-TL,"LESAO CORPORAL DOLOSA (VIOLENCIA DOMESTICA), FEMINICIDIO - REVOGADO","DOS CRIMES CONTRA A PESSOA, LESAO CORPORAL DOLOSA, VIOLENCIA DOMESTICA, FATOS TIPICOS, FEMINICIDIO, CRIMES VIOLENTOS LETAIS INTENCIONAIS, PROJETO ACOLHIDA, FATOS TIPICOS",10/07/2021,06:50:00,MS,Três Lagoas,5008305,JARDIM NOVA IPANEMA,FEMINICÍDIO (LEGISLAÇÃO REVOGADA),False,True,False,2021,7
2281,2714/2021 - DEPAC-DDOS,"SUICIDIO, FEMINICIDIO, VIOLENCIA DOMESTICA E FAMILIAR REVOGADO","MORTE DECORRENTE DE FATO ATIPICO, FEMINICIDIO, VIOLENCIA DOMESTICA, FATOS TIPICOS, PROJETO ACOLHIDA, CRIMES VIOLENTOS LETAIS INTENCIONAIS",04/07/2021,10:30:00,MS,Dourados,5003702,,FEMINICÍDIO (LEGISLAÇÃO REVOGADA),False,True,False,2021,7
2299,232/2021 - DP-GLÓRIA DOURADOS,"SUICIDIO, FEMINICIDIO, VIOLENCIA DOMESTICA E FAMILIAR REVOGADO","MORTE DECORRENTE DE FATO ATIPICO, FEMINICIDIO, VIOLENCIA DOMESTICA, FATOS TIPICOS, PROJETO ACOLHIDA, CRIMES VIOLENTOS LETAIS INTENCIONAIS",21/06/2021,01:20:00,MS,Glória De Dourados,5004007,CENTRO,FEMINICÍDIO (LEGISLAÇÃO REVOGADA),False,True,False,2021,6
2314,165/2021 - DP-ANTONIO JOÃO,FEMINICIDIO - REVOGADO,"FEMINICIDIO, CRIMES VIOLENTOS LETAIS INTENCIONAIS, PROJETO ACOLHIDA, FATOS TIPICOS",04/06/2021,19:40:00,MS,Antônio João,5000906,VILA PENZO,FEMINICÍDIO (LEGISLAÇÃO REVOGADA),False,False,False,2021,6
2334,2008/2021 - DEPAC-DDOS,FEMINICIDIO - REVOGADO,"FEMINICIDIO, CRIMES VIOLENTOS LETAIS INTENCIONAIS, PROJETO ACOLHIDA, FATOS TIPICOS",16/05/2021,22:30:00,MS,Dourados,5003702,VILA UBIRATAN,FEMINICÍDIO (LEGISLAÇÃO REVOGADA),False,False,False,2021,5
2335,212/2021 - DAM-PONTA PORÃ,"DESTRUICAO, SUBTRACAO OU OCULTACAO DE CADAVER, FEMINICIDIO - REVOGADO","FATOS TIPICOS, FEMINICIDIO, CRIMES VIOLENTOS LETAIS INTENCIONAIS, PROJETO ACOLHIDA, FATOS TIPICOS",16/05/2021,15:00:00,MS,Ponta Porã,5006606,JARDIM PRIMOR,FEMINICÍDIO (LEGISLAÇÃO REVOGADA),False,False,False,2021,5
2340,464/2021 - 1DP-BATAGUASSU,"PORTE ILEGAL DE ARMA DE FOGO DE USO PERMITIDO, FEMINICIDIO, VIOLENCIA DOMESTICA E FAMILIAR REVOGADO","FATOS TIPICOS, PORTE E POSSE DE ARMA DE FOGO, FEMINICIDIO, VIOLENCIA DOMESTICA, FATOS TIPICOS, PROJETO ACOLHIDA, CRIMES VIOLENTOS LETAIS INTENCIONAIS",14/05/2021,15:00:00,MS,Bataguassu,5001904,JARDIM SAO FRANCISCO DE ASSIS,FEMINICÍDIO (LEGISLAÇÃO REVOGADA),False,True,False,2021,5
2341,249/2021 - DP-PORTO MURTINHO,"SUICIDIO (TENTATIVA), FEMINICIDIO - REVOGADO","FEMINICIDIO, CRIMES VIOLENTOS LETAIS INTENCIONAIS, PROJETO ACOLHIDA, FATOS TIPICOS",13/05/2021,12:50:00,MS,Porto Murtinho,5006903,,FEMINICÍDIO TENTADO,True,False,False,2021,5
2349,909/2021 - 1DP-PONTA PORÃ,"FEMINICIDIO, VIOLENCIA DOMESTICA E FAMILIAR REVOGADO","FEMINICIDIO, VIOLENCIA DOMESTICA, FATOS TIPICOS, PROJETO ACOLHIDA, CRIMES VIOLENTOS LETAIS INTENCIONAIS",04/05/2021,07:10:00,MS,Ponta Porã,5006606,CENTRO,FEMINICÍDIO (LEGISLAÇÃO REVOGADA),False,True,False,2021,5
2355,197/2021 - DP-BATAYPORÃ,"FEMINICIDIO, VIOLENCIA DOMESTICA E FAMILIAR REVOGADO","FEMINICIDIO, VIOLENCIA DOMESTICA, FATOS TIPICOS, PROJETO ACOLHIDA, CRIMES VIOLENTOS LETAIS INTENCIONAIS",29/04/2021,00:00:00,MS,Batayporã,5002001,,FEMINICÍDIO (LEGISLAÇÃO REVOGADA),False,True,False,2021,4
2366,214/2021 - DP-SONORA,"FEMINICIDIO MAJORADO, SE PRATICADO NA PRESENÇA DE DESCENDENTE OU DE ASCENDENTE DA VITIMA - REVOGADO","CRIMES VIOLENTOS LETAIS INTENCIONAIS, FATOS TIPICOS, FEMINICIDIO, PROJETO ACOLHIDA",24/04/2021,15:00:00,MS,Sonora,5007935,CENTRO,FEMINICÍDIO MAJORADO,False,False,False,2021,4
2383,237/2021 - DP-RIO VERDE,"POSSE IRREGULAR DE ARMA DE FOGO DE USO PERMITIDO, HOMICIDIO QUALIFICADO MEDIANTE PAGA OU PROMESSA DE RECOMPENSA, OU POR OUTRO MOTIVO TORPE, HOMICIDIO QUALIFICADO MEDIANTE PAGA OU PROMESSA DE RECOMPENSA, OU POR OUTRO MOTIVO TORPE, NA FORMA TENTADA, FEMINICIDIO, VIOLENCIA DOMESTICA E FAMILIAR, NA FORMA TENTADA REVOGADO","FATOS TIPICOS, PORTE E POSSE DE ARMA DE FOGO, FATOS TIPICOS QUE RESULTAM EM MORTE, PROJETO ACOLHIDA, FATOS TIPICOS, CRIMES VIOLENTOS LETAIS INTENCIONAIS, HOMICIDIO DOLOSO, FATOS TIPICOS, VIOLENCIA DOMESTICA, FATOS TIPICOS, FEMINICIDIO NA FORMA TENTADA",13/04/2021,17:30:00,MS,Rio Verde De Mato Grosso,5007406,NOVA RIO VERDE,FEMINICÍDIO TENTADO,True,True,False,2021,4
2389,525/2021 - DP-SIDROLANDIA,FEMINICIDIO - REVOGADO,"FEMINICIDIO, CRIMES VIOLENTOS LETAIS INTENCIONAIS, PROJETO ACOLHIDA, FATOS TIPICOS",10/04/2021,19:30:00,MS,Sidrolândia,5007901,CENTRO,FEMINICÍDIO (LEGISLAÇÃO REVOGADA),False,False,False,2021,4
2394,192/2021 - DP-BELA VISTA,"SUICIDIO, FEMINICIDIO - REVOGADO","MORTE DECORRENTE DE FATO ATIPICO, FEMINICIDIO, CRIMES VIOLENTOS LETAIS INTENCIONAIS, PROJETO ACOLHIDA, FATOS TIPICOS",06/04/2021,08:40:00,MS,Bela Vista,5002100,,FEMINICÍDIO (LEGISLAÇÃO REVOGADA),False,False,False,2021,4
2407,315/2021 - 1DP-BATAGUASSU,"SUICIDIO, FEMINICIDIO - REVOGADO","MORTE DECORRENTE DE FATO ATIPICO, FEMINICIDIO, CRIMES VIOLENTOS LETAIS INTENCIONAIS, PROJETO ACOLHIDA, FATOS TIPICOS",30/03/2021,13:20:00,MS,Bataguassu,5001904,CENTRO,FEMINICÍDIO (LEGISLAÇÃO REVOGADA),False,False,False,2021,3
2449,728/2021 - 1DP-CORUMBA,"FEMINICIDIO - REVOGADO, FEMINICIDIO, VIOLENCIA DOMESTICA E FAMILIAR REVOGADO","FEMINICIDIO, CRIMES VIOLENTOS LETAIS INTENCIONAIS, PROJETO ACOLHIDA, FATOS TIPICOS, FEMINICIDIO, VIOLENCIA DOMESTICA, FATOS TIPICOS, PROJETO ACOLHIDA, CRIMES VIOLENTOS LETAIS INTENCIONAIS",21/02/2021,01:45:00,MS,Ladário,5005202,ALTA FLORESTA II,FEMINICÍDIO (LEGISLAÇÃO REVOGADA),False,True,False,2021,2
2466,98/2021 - DAM-TRÊS LAGOAS,"FEMINICIDIO, VIOLENCIA DOMESTICA E FAMILIAR REVOGADO","FEMINICIDIO, VIOLENCIA DOMESTICA, FATOS TIPICOS, PROJETO ACOLHIDA, CRIMES VIOLENTOS LETAIS INTENCIONAIS",05/02/2021,11:00:00,MS,Três Lagoas,5008305,COLINOS,FEMINICÍDIO (LEGISLAÇÃO REVOGADA),False,True,False,2021,2
2467,155/2021 - DP-MARACAJU,FEMINICIDIO - REVOGADO,"FEMINICIDIO, CRIMES VIOLENTOS LETAIS INTENCIONAIS, PROJETO ACOLHIDA, FATOS TIPICOS",05/02/2021,09:00:00,MS,Maracaju,5005400,LOTEAMENTO GIAZONI OLEGARIO DE LIMA,FEMINICÍDIO (LEGISLAÇÃO REVOGADA),False,False,False,2021,2
2473,87/2021 - DAM-TRÊS LAGOAS,"POSSE IRREGULAR DE ARMA DE FOGO DE USO PERMITIDO, FEMINICIDIO, VIOLENCIA DOMESTICA E FAMILIAR REVOGADO","FATOS TIPICOS, PORTE E POSSE DE ARMA DE FOGO, FEMINICIDIO, VIOLENCIA DOMESTICA, FATOS TIPICOS, PROJETO ACOLHIDA, CRIMES VIOLENTOS LETAIS INTENCIONAIS",03/02/2021,09:30:00,MS,Três Lagoas,5008305,,FEMINICÍDIO (LEGISLAÇÃO REVOGADA),False,True,False,2021,2
2481,194/2021 - 1DP-PONTA PORÃ,"SUICIDIO, FEMINICIDIO MAJORADO, SE PRATICADO NA PRESENÇA DE DESCENDENTE OU DE ASCENDENTE DA VITIMA - REVOGADO","MORTE DECORRENTE DE FATO ATIPICO, CRIMES VIOLENTOS LETAIS INTENCIONAIS, FATOS TIPICOS, FEMINICIDIO, PROJETO ACOLHIDA",24/01/2021,20:30:00,MS,Ponta Porã,5006606,ZONA RURAL,FEMINICÍDIO MAJORADO,False,False,False,2021,1
2499,6/2021 - DP-CORONEL SAPUCAIA,FEMINICIDIO - REVOGADO,"FEMINICIDIO, CRIMES VIOLENTOS LETAIS INTENCIONAIS, PROJETO ACOLHIDA, FATOS TIPICOS",08/01/2021,06:00:00,MS,Coronel Sapucaia,5003157,,FEMINICÍDIO (LEGISLAÇÃO REVOGADA),False,False,False,2021,1
2519,1510/2020 - DP-MUNDO NOVO,"FEMINICIDIO, VIOLENCIA DOMESTICA E FAMILIAR REVOGADO, FEMINICIDIO MAJORADO, SE PRATICADO CONTRA PESSOA MAIOR DE 60 (SESSENTA) ANOS, COM DEFICIENCIA OU COM DOENÇAS DEGENERATIVAS QUE ACARRETEM CONDIÇAO LIMITANTE OU DE VULNERABILIDADE FISICA OU MENTAL - REVOGADO","FEMINICIDIO, VIOLENCIA DOMESTICA, FATOS TIPICOS, PROJETO ACOLHIDA, CRIMES VIOLENTOS LETAIS INTENCIONAIS, FEMINICIDIO, PROJETO ACOLHIDA, FATOS TIPICOS, CRIMES VIOLENTOS LETAIS INTENCIONAIS",24/12/2020,18:00:00,MS,Japorã,5004809,,FEMINICÍDIO MAJORADO,False,True,False,2020,12
2527,7048/2020 - 1DEAM,"FEMINICIDIO, VIOLENCIA DOMESTICA E FAMILIAR REVOGADO","FEMINICIDIO, VIOLENCIA DOMESTICA, FATOS TIPICOS, PROJETO ACOLHIDA, CRIMES VIOLENTOS LETAIS INTENCIONAIS",19/12/2020,03:15:00,MS,Campo Grande,5002704,CONJUNTO RESIDENCIAL MATA DO JACINTO,FEMINICÍDIO (LEGISLAÇÃO REVOGADA),False,True,False,2020,12
2532,6316/2020 - DEPAC-DDOS,FEMINICIDIO - REVOGADO,"FEMINICIDIO, CRIMES VIOLENTOS LETAIS INTENCIONAIS, PROJETO ACOLHIDA, FATOS TIPICOS",15/12/2020,13:10:00,MS,Dourados,5003702,ZONA RURAL,FEMINICÍDIO (LEGISLAÇÃO REVOGADA),False,False,False,2020,12
2534,2309/2020 - 1DP-NOVA ANDRADINA,FEMINICIDIO - REVOGADO,"FEMINICIDIO, CRIMES VIOLENTOS LETAIS INTENCIONAIS, PROJETO ACOLHIDA, FATOS TIPICOS",13/12/2020,04:20:00,MS,Nova Andradina,5006200,ZONA RURAL,FEMINICÍDIO (LEGISLAÇÃO REVOGADA),False,False,False,2020,12
2536,4513/2020 - 1DP-CORUMBA,FEMINICIDIO - REVOGADO,"FEMINICIDIO, CRIMES VIOLENTOS LETAIS INTENCIONAIS, PROJETO ACOLHIDA, FATOS TIPICOS",12/12/2020,23:10:00,MS,Corumbá,5003207,CONJUNTO GUATOS,FEMINICÍDIO (LEGISLAÇÃO REVOGADA),False,False,False,2020,12
2551,6764/2020 - 1DEAM,"FEMINICIDIO, VIOLENCIA DOMESTICA E FAMILIAR REVOGADO","FEMINICIDIO, VIOLENCIA DOMESTICA, FATOS TIPICOS, PROJETO ACOLHIDA, CRIMES VIOLENTOS LETAIS INTENCIONAIS",04/12/2020,21:00:00,MS,Campo Grande,5002704,PARQUE DO LAGEADO,FEMINICÍDIO (LEGISLAÇÃO REVOGADA),False,True,False,2020,12
2560,6665/2020 - 1DEAM,"MORTE POR CAUSA INDETERMINADA (SEM INDICIO DE CRIME), INCENDIO QUALIFICADO (VIOLENCIA DOMESTICA), FEMINICIDIO - REVOGADO","MORTE DECORRENTE DE FATO ATIPICO, FATOS ATIPICOS, VIOLENCIA DOMESTICA, INCENDIO, FATOS TIPICOS, FEMINICIDIO, CRIMES VIOLENTOS LETAIS INTENCIONAIS, PROJETO ACOLHIDA, FATOS TIPICOS",30/11/2020,00:30:00,MS,Campo Grande,5002704,TARCILA DO AMARAL,FEMINICÍDIO (LEGISLAÇÃO REVOGADA),False,True,False,2020,11
2572,2587/2020 - DEPAC-TL,"FEMINICIDIO, VIOLENCIA DOMESTICA E FAMILIAR REVOGADO","FEMINICIDIO, VIOLENCIA DOMESTICA, FATOS TIPICOS, PROJETO ACOLHIDA, CRIMES VIOLENTOS LETAIS INTENCIONAIS",23/11/2020,02:45:00,MS,Três Lagoas,5008305,,FEMINICÍDIO (LEGISLAÇÃO REVOGADA),False,True,False,2020,11
2588,1189/2020 - DP-CASSILÂNDIA,"SUICIDIO, FEMINICIDIO - REVOGADO","MORTE DECORRENTE DE FATO ATIPICO, FEMINICIDIO, CRIMES VIOLENTOS LETAIS INTENCIONAIS, PROJETO ACOLHIDA, FATOS TIPICOS",14/11/2020,19:00:00,MS,Cassilândia,5002902,CENTRO,FEMINICÍDIO (LEGISLAÇÃO REVOGADA),False,False,False,2020,11
2593,1246/2020 - DP-AMAMBAI,"FEMINICIDIO, VIOLENCIA DOMESTICA E FAMILIAR REVOGADO","FEMINICIDIO, VIOLENCIA DOMESTICA, FATOS TIPICOS, PROJETO ACOLHIDA, CRIMES VIOLENTOS LETAIS INTENCIONAIS",08/11/2020,23:00:00,MS,Amambai,5000609,ZONA RURAL,FEMINICÍDIO (LEGISLAÇÃO REVOGADA),False,True,False,2020,11
2636,5405/2020 - DEPAC-DDOS,"FEMINICIDIO, VIOLENCIA DOMESTICA E FAMILIAR REVOGADO","FEMINICIDIO, VIOLENCIA DOMESTICA, FATOS TIPICOS, PROJETO ACOLHIDA, CRIMES VIOLENTOS LETAIS INTENCIONAIS",11/10/2020,13:30:00,MS,Dourados,5003702,,FEMINICÍDIO (LEGISLAÇÃO REVOGADA),False,True,False,2020,10
2647,773/2020 - DP-ANASTACIO,"SUICIDIO, FEMINICIDIO, VIOLENCIA DOMESTICA E FAMILIAR REVOGADO","MORTE DECORRENTE DE FATO ATIPICO, FEMINICIDIO, VIOLENCIA DOMESTICA, FATOS TIPICOS, PROJETO ACOLHIDA, CRIMES VIOLENTOS LETAIS INTENCIONAIS",04/10/2020,00:30:00,MS,Anastácio,5000708,CENTRO,FEMINICÍDIO (LEGISLAÇÃO REVOGADA),False,True,False,2020,10
2652,5342/2020 - DEPAC-CEPOL-CG,"FEMINICIDIO, VIOLENCIA DOMESTICA E FAMILIAR REVOGADO","FEMINICIDIO, VIOLENCIA DOMESTICA, FATOS TIPICOS, PROJETO ACOLHIDA, CRIMES VIOLENTOS LETAIS INTENCIONAIS",29/09/2020,00:45:00,MS,Campo Grande,5002704,JARDIM COLIBRI,FEMINICÍDIO (LEGISLAÇÃO REVOGADA),False,True,False,2020,9
2654,4959/2020 - DEPAC-DDOS,"FEMINICIDIO MAJORADO, SE PRATICADO NA PRESENÇA DE DESCENDENTE OU DE ASCENDENTE DA VITIMA - REVOGADO","CRIMES VIOLENTOS LETAIS INTENCIONAIS, FATOS TIPICOS, FEMINICIDIO, PROJETO ACOLHIDA",26/09/2020,23:00:00,MS,Laguna Carapã,5005251,,FEMINICÍDIO MAJORADO,False,False,False,2020,9
2676,627/2020 - DP-BONITO,"FEMINICIDIO, VIOLENCIA DOMESTICA E FAMILIAR REVOGADO","FEMINICIDIO, VIOLENCIA DOMESTICA, FATOS TIPICOS, PROJETO ACOLHIDA, CRIMES VIOLENTOS LETAIS INTENCIONAIS",08/09/2020,04:00:00,MS,Bonito,5002209,VILA MACHADO,FEMINICÍDIO (LEGISLAÇÃO REVOGADA),False,True,False,2020,9
2677,709/2020 - DP-NOVA ALVORADA,"FEMINICIDIO, VIOLENCIA DOMESTICA E FAMILIAR REVOGADO","FEMINICIDIO, VIOLENCIA DOMESTICA, FATOS TIPICOS, PROJETO ACOLHIDA, CRIMES VIOLENTOS LETAIS INTENCIONAIS",07/09/2020,13:00:00,MS,Nova Alvorada Do Sul,5006002,CENTRO,FEMINICÍDIO (LEGISLAÇÃO REVOGADA),False,True,False,2020,9
2690,1024/2020 - 1DP-COXIM,"HOMICIDIO SIMPLES NA FORMA TENTADA, FEMINICIDIO MAJORADO, SE PRATICADO NA PRESENÇA DE DESCENDENTE OU DE ASCENDENTE DA VITIMA - REVOGADO","HOMICIDIO DOLOSO NA FORMA TENTADA, FATOS TIPICOS, CRIMES VIOLENTOS LETAIS INTENCIONAIS, FATOS TIPICOS, FEMINICIDIO, PROJETO ACOLHIDA",27/08/2020,00:15:00,MS,Coxim,5003306,VILA BELA,FEMINICÍDIO TENTADO,True,False,False,2020,8
2697,4440/2020 - DEPAC-CEPOL-CG,"HOMICIDIO SIMPLES, HOMICIDIO SIMPLES NA FORMA TENTADA, FEMINICIDIO - REVOGADO","FATOS TIPICOS, CRIMES VIOLENTOS LETAIS INTENCIONAIS, HOMICIDIO DOLOSO, FATOS TIPICOS QUE RESULTAM EM MORTE, PROJETO ACOLHIDA, HOMICIDIO DOLOSO NA FORMA TENTADA, FATOS TIPICOS, FEMINICIDIO, CRIMES VIOLENTOS LETAIS INTENCIONAIS, PROJETO ACOLHIDA, FATOS TIPICOS",15/08/2020,03:00:00,MS,Campo Grande,5002704,LOTEAMENTO VESPASIANO MARTINS,FEMINICÍDIO TENTADO,True,False,False,2020,8
2711,1729/2020 - DEPAC-TL,"DESTRUICAO, SUBTRACAO OU OCULTACAO DE CADAVER, FEMINICIDIO - REVOGADO","FATOS TIPICOS, FEMINICIDIO, CRIMES VIOLENTOS LETAIS INTENCIONAIS, PROJETO ACOLHIDA, FATOS TIPICOS",07/08/2020,15:00:00,MS,Três Lagoas,5008305,SANTA RITA,FEMINICÍDIO (LEGISLAÇÃO REVOGADA),False,False,False,2020,8
2735,3730/2020 - DEPAC-DDOS,"DISPARO DE ARMA DE FOGO, HOMICIDIO SIMPLES NA FORMA TENTADA, SUICIDIO, FEMINICIDIO - REVOGADO","FATOS TIPICOS, HOMICIDIO DOLOSO NA FORMA TENTADA, FATOS TIPICOS, MORTE DECORRENTE DE FATO ATIPICO, FEMINICIDIO, CRIMES VIOLENTOS LETAIS INTENCIONAIS, PROJETO ACOLHIDA, FATOS TIPICOS",12/07/2020,18:00:00,MS,Dourados,5003702,SANTA BRIGIDA,FEMINICÍDIO TENTADO,True,False,False,2020,7
2752,3713/2020 - DEPAC-CEPOL-CG,"DESAPARECIMENTO DE PESSOA, HOMICIDIO QUALIFICADO PELA TRAICAO, DE EMBOSCADA, OU MEDIANTE DISSIMULACAO OU OUTRO RECURSO QUE DIFICULTE OU TORNE IMPOSSIVEL A DEFESA DO OFENDIDO, FEMINICIDIO - REVOGADO","FATOS ATIPICOS, HOMICIDIO DOLOSO, CRIMES VIOLENTOS LETAIS INTENCIONAIS, PROJETO ACOLHIDA, FATOS TIPICOS, FATOS TIPICOS QUE RESULTAM EM MORTE, FEMINICIDIO, CRIMES VIOLENTOS LETAIS INTENCIONAIS, PROJETO ACOLHIDA, FATOS TIPICOS",30/06/2020,19:00:00,MS,Campo Grande,5002704,TIRADENTES,FEMINICÍDIO (LEGISLAÇÃO REVOGADA),False,False,False,2020,6
2755,833/2020 - DP-CHAPADÃO,"FEMINICIDIO, VIOLENCIA DOMESTICA E FAMILIAR REVOGADO, FEMINICIDIO, VIOLENCIA DOMESTICA E FAMILIAR, NA FORMA TENTADA REVOGADO","FEMINICIDIO, VIOLENCIA DOMESTICA, FATOS TIPICOS, PROJETO ACOLHIDA, CRIMES VIOLENTOS LETAIS INTENCIONAIS, VIOLENCIA DOMESTICA, FATOS TIPICOS, FEMINICIDIO NA FORMA TENTADA",26/06/2020,19:00:00,MS,Chapadão Do Sul,5002951,,FEMINICÍDIO TENTADO,True,True,False,2020,6
2789,635/2020 - DP-COSTA RICA,"RESISTENCIA, HOMICIDIO QUALIFICADO MEDIANTE PAGA OU PROMESSA DE RECOMPENSA, OU POR OUTRO MOTIVO TORPE, HOMICIDIO QUALIFICADO PELA TRAICAO, DE EMBOSCADA, OU MEDIANTE DISSIMULACAO OU OUTRO RECURSO QUE DIFICULTE OU TORNE IMPOSSIVEL A DEFESA DO OFENDIDO, FEMINICIDIO MAJORADO, SE PRATICADO NA PRESENÇA DE DESCENDENTE OU DE ASCENDENTE DA VITIMA - REVOGADO, DESCUMPRIR DECISAO JUDICIAL QUE DEFERE MEDIDAS PROTETIVAS DE URGENCIA PREVISTAS NESTA LEI","FATOS TIPICOS, FATOS TIPICOS QUE RESULTAM EM MORTE, PROJETO ACOLHIDA, FATOS TIPICOS, CRIMES VIOLENTOS LETAIS INTENCIONAIS, HOMICIDIO DOLOSO, HOMICIDIO DOLOSO, CRIMES VIOLENTOS LETAIS INTENCIONAIS, PROJETO ACOLHIDA, FATOS TIPICOS, FATOS TIPICOS QUE RESULTAM EM MORTE, CRIMES VIOLENTOS LETAIS INTENCIONAIS, FATOS TIPICOS, FEMINICIDIO, PROJETO ACOLHIDA, FATOS TIPICOS",28/05/2020,00:00:00,MS,Costa Rica,5003256,CENTRO,FEMINICÍDIO MAJORADO,False,False,True,2020,5
2802,758/2020 - 1DP-PARANAIBA,"PORTE ILEGAL DE ARMA DE FOGO DE USO PERMITIDO, HOMICIDIO QUALIFICADO POR MOTIVO FUTIL, HOMICIDIO QUALIFICADO PELA TRAICAO, DE EMBOSCADA, OU MEDIANTE DISSIMULACAO OU OUTRO RECURSO QUE DIFICULTE OU TORNE IMPOSSIVEL A DEFESA DO OFENDIDO, AMEACA (VIOLENCIA DOMESTICA), VIOLACAO DE DOMICILIO, QUALIFICADO SE O CRIME E COMETIDO DURANTE A NOITE, OU EM LUGAR ERMO, OU COM O EMPREGO DE VIOLENCIA OU DE ARMA, OU POR DUAS OU MAIS PESSOAS, FEMINICIDIO, VIOLENCIA DOMESTICA E FAMILIAR REVOGADO, FEMINICIDIO MAJORADO, SE PRATICADO NA PRESENÇA DE DESCENDENTE OU DE ASCENDENTE DA VITIMA - REVOGADO","FATOS TIPICOS, PORTE E POSSE DE ARMA DE FOGO, HOMICIDIO DOLOSO, FATOS TIPICOS QUE RESULTAM EM MORTE, CRIMES VIOLENTOS LETAIS INTENCIONAIS, PROJETO ACOLHIDA, FATOS TIPICOS, HOMICIDIO DOLOSO, CRIMES VIOLENTOS LETAIS INTENCIONAIS, PROJETO ACOLHIDA, FATOS TIPICOS, FATOS TIPICOS QUE RESULTAM EM MORTE, VIOLENCIA DOMESTICA, FATOS TIPICOS, AMEAÇA, FATOS TIPICOS, VIOLAÇAO DE DOMICILIO, FEMINICIDIO, VIOLENCIA DOMESTICA, FATOS TIPICOS, PROJETO ACOLHIDA, CRIMES VIOLENTOS LETAIS INTENCIONAIS, CRIMES VIOLENTOS LETAIS INTENCIONAIS, FATOS TIPICOS, FEMINICIDIO, PROJETO ACOLHIDA",14/05/2020,17:45:00,MS,Paranaíba,5006309,CENTRO,FEMINICÍDIO MAJORADO,False,True,False,2020,5
2808,574/2020 - DP-COSTA RICA,"SUICIDIO, HOMICIDIO QUALIFICADO POR MOTIVO FUTIL, FEMINICIDIO, VIOLENCIA DOMESTICA E FAMILIAR, NA FORMA TENTADA REVOGADO","MORTE DECORRENTE DE FATO ATIPICO, HOMICIDIO DOLOSO, FATOS TIPICOS QUE RESULTAM EM MORTE, CRIMES VIOLENTOS LETAIS INTENCIONAIS, PROJETO ACOLHIDA, FATOS TIPICOS, VIOLENCIA DOMESTICA, FATOS TIPICOS, FEMINICIDIO NA FORMA TENTADA",11/05/2020,19:40:00,MS,Costa Rica,5003256,CENTRO,FEMINICÍDIO TENTADO,True,True,False,2020,5
2812,396/2020 - DP-ANASTACIO,"FEMINICIDIO, VIOLENCIA DOMESTICA E FAMILIAR REVOGADO","FEMINICIDIO, VIOLENCIA DOMESTICA, FATOS TIPICOS, PROJETO ACOLHIDA, CRIMES VIOLENTOS LETAIS INTENCIONAIS",09/05/2020,04:45:00,MS,Anastácio,5000708,CRISTO REI,FEMINICÍDIO (LEGISLAÇÃO REVOGADA),False,True,False,2020,5
2820,2502/2020 - 1DEAM,"DESTRUICAO, SUBTRACAO OU OCULTACAO DE CADAVER, FEMINICIDIO, VIOLENCIA DOMESTICA E FAMILIAR REVOGADO","FATOS TIPICOS, FEMINICIDIO, VIOLENCIA DOMESTICA, FATOS TIPICOS, PROJETO ACOLHIDA, CRIMES VIOLENTOS LETAIS INTENCIONAIS",01/05/2020,13:48:00,MS,Campo Grande,5002704,MORADA VERDE,FEMINICÍDIO (LEGISLAÇÃO REVOGADA),False,True,False,2020,5
2853,16067/2020 - DEVIR,"FEMINICIDIO, VIOLENCIA DOMESTICA E FAMILIAR REVOGADO","FEMINICIDIO, VIOLENCIA DOMESTICA, FATOS TIPICOS, PROJETO ACOLHIDA, CRIMES VIOLENTOS LETAIS INTENCIONAIS",14/04/2020,00:40:00,MS,Campo Grande,5002704,PARQUE DO LAGEADO,FEMINICÍDIO (LEGISLAÇÃO REVOGADA),False,True,False,2020,4
2857,2100/2020 - 1DEAM,"FEMINICIDIO, VIOLENCIA DOMESTICA E FAMILIAR REVOGADO","FEMINICIDIO, VIOLENCIA DOMESTICA, FATOS TIPICOS, PROJETO ACOLHIDA, CRIMES VIOLENTOS LETAIS INTENCIONAIS",09/04/2020,16:55:00,MS,Campo Grande,5002704,NUCLEO HABITACIONAL UNIVERSITARIAS,FEMINICÍDIO (LEGISLAÇÃO REVOGADA),False,True,False,2020,4
2862,310/2020 - DP-MIRANDA,"MORTE POR CAUSA INDETERMINADA (SEM INDICIO DE CRIME), MAUS TRATOS, SE DO FATO RESULTA A MORTE, FEMINICIDIO - REVOGADO","MORTE DECORRENTE DE FATO ATIPICO, FATOS ATIPICOS, CRIMES VIOLENTOS LETAIS INTENCIONAIS, FATOS TIPICOS, FATOS TIPICOS QUE RESULTAM EM MORTE, MAUS-TRATOS, FEMINICIDIO, CRIMES VIOLENTOS LETAIS INTENCIONAIS, PROJETO ACOLHIDA, FATOS TIPICOS",07/04/2020,08:40:00,MS,Miranda,5005608,,FEMINICÍDIO (LEGISLAÇÃO REVOGADA),False,False,False,2020,4
2869,14647/2020 - DEVIR,FEMINICIDIO - REVOGADO,"FEMINICIDIO, CRIMES VIOLENTOS LETAIS INTENCIONAIS, PROJETO ACOLHIDA, FATOS TIPICOS",04/04/2020,11:10:00,MS,Campo Grande,5002704,JARDIM JOQUEI CLUB,FEMINICÍDIO (LEGISLAÇÃO REVOGADA),False,False,False,2020,4
2871,141/2020 - DAM-AQUIDAUANA,"FAVORECIMENTO PESSOAL, FEMINICIDIO - REVOGADO","FATOS TIPICOS, FEMINICIDIO, CRIMES VIOLENTOS LETAIS INTENCIONAIS, PROJETO ACOLHIDA, FATOS TIPICOS",03/04/2020,14:20:00,MS,Aquidauana,5001102,NOVA AQUIDAUANA,FEMINICÍDIO (LEGISLAÇÃO REVOGADA),False,False,False,2020,4
2879,224/2020 - DP-AGUA CLARA,"FAVORECIMENTO PESSOAL, FEMINICIDIO - REVOGADO","FATOS TIPICOS, FEMINICIDIO, CRIMES VIOLENTOS LETAIS INTENCIONAIS, PROJETO ACOLHIDA, FATOS TIPICOS",25/03/2020,18:00:00,MS,Água Clara,5000203,JARDIM NOVA AGUA CLARA,FEMINICÍDIO (LEGISLAÇÃO REVOGADA),False,False,False,2020,3
2898,263/2020 - DP-RIO BRILHANTE,FEMINICIDIO - REVOGADO,"FEMINICIDIO, CRIMES VIOLENTOS LETAIS INTENCIONAIS, PROJETO ACOLHIDA, FATOS TIPICOS",09/03/2020,01:00:00,MS,Rio Brilhante,5007208,,FEMINICÍDIO (LEGISLAÇÃO REVOGADA),False,False,False,2020,3
2913,1345/2020 - 1DEAM,"HOMICIDIO QUALIFICADO MEDIANTE PAGA OU PROMESSA DE RECOMPENSA, OU POR OUTRO MOTIVO TORPE, HOMICIDIO QUALIFICADO PELA TRAICAO, DE EMBOSCADA, OU MEDIANTE DISSIMULACAO OU OUTRO RECURSO QUE DIFICULTE OU TORNE IMPOSSIVEL A DEFESA DO OFENDIDO, HOMICIDIO QUALIFICADO MEDIANTE PAGA OU PROMESSA DE RECOMPENSA, OU POR OUTRO MOTIVO TORPE, NA FORMA TENTADA, FEMINICIDIO, VIOLENCIA DOMESTICA E FAMILIAR REVOGADO","FATOS TIPICOS QUE RESULTAM EM MORTE, PROJETO ACOLHIDA, FATOS TIPICOS, CRIMES VIOLENTOS LETAIS INTENCIONAIS, HOMICIDIO DOLOSO, HOMICIDIO DOLOSO, CRIMES VIOLENTOS LETAIS INTENCIONAIS, PROJETO ACOLHIDA, FATOS TIPICOS, FATOS TIPICOS QUE RESULTAM EM MORTE, FATOS TIPICOS, FEMINICIDIO, VIOLENCIA DOMESTICA, FATOS TIPICOS, PROJETO ACOLHIDA, CRIMES VIOLENTOS LETAIS INTENCIONAIS",29/02/2020,23:50:00,MS,Campo Grande,5002704,LOTEAMENTO NOVA SERRANA,FEMINICÍDIO TENTADO,True,True,False,2020,2
2926,435/2020 - DP-SIDROLANDIA,FEMINICIDIO - REVOGADO,"FEMINICIDIO, CRIMES VIOLENTOS LETAIS INTENCIONAIS, PROJETO ACOLHIDA, FATOS TIPICOS",24/02/2020,08:00:00,MS,Sidrolândia,5007901,RESIDENCIAL OLENKA,FEMINICÍDIO (LEGISLAÇÃO REVOGADA),False,False,False,2020,2
2936,14/2020 - DAM-FATIMA DO SUL,"FEMINICIDIO, VIOLENCIA DOMESTICA E FAMILIAR REVOGADO","FEMINICIDIO, VIOLENCIA DOMESTICA, FATOS TIPICOS, PROJETO ACOLHIDA, CRIMES VIOLENTOS LETAIS INTENCIONAIS",20/02/2020,04:30:00,MS,Fátima Do Sul,5003801,CENTRO,FEMINICÍDIO (LEGISLAÇÃO REVOGADA),False,True,False,2020,2
2968,36/2020 - DP-SÃO GABRIEL,"FEMINICIDIO MAJORADO, SE PRATICADO DURANTE A GESTAÇAO OU NOS E (TRES) MESES POSTERIORES AO PARTO - REVOGADO","FATOS TIPICOS, CRIMES VIOLENTOS LETAIS INTENCIONAIS, FEMINICIDIO, PROJETO ACOLHIDA",19/01/2020,06:00:00,MS,São Gabriel Do Oeste,5007695,CENTRO,FEMINICÍDIO MAJORADO,False,False,False,2020,1
2970,394/2020 - 1DEAM,"PORTE ILEGAL DE ARMA DE FOGO DE USO PERMITIDO, SUICIDIO (TENTATIVA), FEMINICIDIO, VIOLENCIA DOMESTICA E FAMILIAR REVOGADO","FATOS TIPICOS, PORTE E POSSE DE ARMA DE FOGO, FEMINICIDIO, VIOLENCIA DOMESTICA, FATOS TIPICOS, PROJETO ACOLHIDA, CRIMES VIOLENTOS LETAIS INTENCIONAIS",18/01/2020,09:10:00,MS,Campo Grande,5002704,CARANDA BOSQUE,FEMINICÍDIO TENTADO,True,True,False,2020,1
2986,15/2020 - 1DP-JARDIM,"SUICIDIO, FEMINICIDIO, VIOLENCIA DOMESTICA E FAMILIAR REVOGADO","MORTE DECORRENTE DE FATO ATIPICO, FEMINICIDIO, VIOLENCIA DOMESTICA, FATOS TIPICOS, PROJETO ACOLHIDA, CRIMES VIOLENTOS LETAIS INTENCIONAIS",02/01/2020,15:00:00,MS,Jardim,5005004,VILA ANGELICA,FEMINICÍDIO (LEGISLAÇÃO REVOGADA),False,True,False,2020,1
3004,6862/2019 - DEPAC-DDOS,"HOMICIDIO SIMPLES, DESTRUICAO, SUBTRACAO OU OCULTACAO DE CADAVER, HOMICIDIO QUALIFICADO POR MOTIVO FUTIL, ESTUPRO, FEMINICIDIO - REVOGADO","FATOS TIPICOS, CRIMES VIOLENTOS LETAIS INTENCIONAIS, HOMICIDIO DOLOSO, FATOS TIPICOS QUE RESULTAM EM MORTE, PROJETO ACOLHIDA, FATOS TIPICOS, HOMICIDIO DOLOSO, FATOS TIPICOS QUE RESULTAM EM MORTE, CRIMES VIOLENTOS LETAIS INTENCIONAIS, PROJETO ACOLHIDA, FATOS TIPICOS, FATOS TIPICOS, ESTUPRO, FEMINICIDIO, CRIMES VIOLENTOS LETAIS INTENCIONAIS, PROJETO ACOLHIDA, FATOS TIPICOS",23/12/2019,17:25:00,MS,Dourados,5003702,PARQUE ALVORADA,FEMINICÍDIO (LEGISLAÇÃO REVOGADA),False,False,False,2019,12
3007,3928/2019 - 1DP-PONTA PORÃ,"FEMINICIDIO, VIOLENCIA DOMESTICA E FAMILIAR REVOGADO, FURTO (VIOLENCIA DOMESTICA)","FEMINICIDIO, VIOLENCIA DOMESTICA, FATOS TIPICOS, PROJETO ACOLHIDA, CRIMES VIOLENTOS LETAIS INTENCIONAIS, FATOS TIPICOS, VIOLENCIA DOMESTICA",23/12/2019,00:00:00,MS,Ponta Porã,5006606,ZONA RURAL,FEMINICÍDIO (LEGISLAÇÃO REVOGADA),False,True,False,2019,12
3018,425/2019 - DAM-NOVA ANDRADINA,"FEMINICIDIO, VIOLENCIA DOMESTICA E FAMILIAR REVOGADO, FEMINICIDIO, VIOLENCIA DOMESTICA E FAMILIAR, NA FORMA TENTADA REVOGADO","FEMINICIDIO, VIOLENCIA DOMESTICA, FATOS TIPICOS, PROJETO ACOLHIDA, CRIMES VIOLENTOS LETAIS INTENCIONAIS, VIOLENCIA DOMESTICA, FATOS TIPICOS, FEMINICIDIO NA FORMA TENTADA",14/12/2019,01:00:00,MS,Nova Andradina,5006200,SAO VICENTE DE PAULA,FEMINICÍDIO TENTADO,True,True,False,2019,12
3020,378/2019 - DAM-COXIM,"FEMINICIDIO, VIOLENCIA DOMESTICA E FAMILIAR REVOGADO, FEMINICIDIO, VIOLENCIA DOMESTICA E FAMILIAR, NA FORMA TENTADA REVOGADO","FEMINICIDIO, VIOLENCIA DOMESTICA, FATOS TIPICOS, PROJETO ACOLHIDA, CRIMES VIOLENTOS LETAIS INTENCIONAIS, VIOLENCIA DOMESTICA, FATOS TIPICOS, FEMINICIDIO NA FORMA TENTADA",12/12/2019,00:01:00,MS,Corumbá,5003207,,FEMINICÍDIO TENTADO,True,True,False,2019,12
3035,3109/2019 - DEPAC-TL,"FEMINICIDIO MAJORADO, SE PRATICADO CONTRA PESSOA MAIOR DE 60 (SESSENTA) ANOS, COM DEFICIENCIA OU COM DOENÇAS DEGENERATIVAS QUE ACARRETEM CONDIÇAO LIMITANTE OU DE VULNERABILIDADE FISICA OU MENTAL - REVOGADO","FEMINICIDIO, PROJETO ACOLHIDA, FATOS TIPICOS, CRIMES VIOLENTOS LETAIS INTENCIONAIS",29/11/2019,23:40:00,MS,Três Lagoas,5008305,CENTRO,FEMINICÍDIO MAJORADO,False,False,False,2019,11
3041,1040/2019 - DP-MIRANDA,"FAVORECIMENTO PESSOAL, FEMINICIDIO - REVOGADO","FATOS TIPICOS, FEMINICIDIO, CRIMES VIOLENTOS LETAIS INTENCIONAIS, PROJETO ACOLHIDA, FATOS TIPICOS",26/11/2019,20:00:00,MS,Miranda,5005608,ZONA RURAL,FEMINICÍDIO (LEGISLAÇÃO REVOGADA),False,False,False,2019,11
3083,1765/2019 - DP-MARACAJU,"FEMINICIDIO, VIOLENCIA DOMESTICA E FAMILIAR REVOGADO","FEMINICIDIO, VIOLENCIA DOMESTICA, FATOS TIPICOS, PROJETO ACOLHIDA, CRIMES VIOLENTOS LETAIS INTENCIONAIS",26/10/2019,03:30:00,MS,Maracaju,5005400,PARAGUAI,FEMINICÍDIO (LEGISLAÇÃO REVOGADA),False,True,False,2019,10
3101,2365/2019 - 1DP-PARANAIBA,"HOMICIDIO QUALIFICADO POR MOTIVO FUTIL, HOMICIDIO QUALIFICADO PELA TRAICAO, DE EMBOSCADA, OU MEDIANTE DISSIMULACAO OU OUTRO RECURSO QUE DIFICULTE OU TORNE IMPOSSIVEL A DEFESA DO OFENDIDO, FEMINICIDIO, VIOLENCIA DOMESTICA E FAMILIAR REVOGADO","HOMICIDIO DOLOSO, FATOS TIPICOS QUE RESULTAM EM MORTE, CRIMES VIOLENTOS LETAIS INTENCIONAIS, PROJETO ACOLHIDA, FATOS TIPICOS, HOMICIDIO DOLOSO, CRIMES VIOLENTOS LETAIS INTENCIONAIS, PROJETO ACOLHIDA, FATOS TIPICOS, FATOS TIPICOS QUE RESULTAM EM MORTE, FEMINICIDIO, VIOLENCIA DOMESTICA, FATOS TIPICOS, PROJETO ACOLHIDA, CRIMES VIOLENTOS LETAIS INTENCIONAIS",05/10/2019,20:20:00,MS,Paranaíba,5006309,CENTRO,FEMINICÍDIO (LEGISLAÇÃO REVOGADA),False,True,False,2019,10
3150,1726/2019 - 1DP-AQUIDAUANA,"SUICIDIO (TENTATIVA), FEMINICIDIO, VIOLENCIA DOMESTICA E FAMILIAR REVOGADO","FEMINICIDIO, VIOLENCIA DOMESTICA, FATOS TIPICOS, PROJETO ACOLHIDA, CRIMES VIOLENTOS LETAIS INTENCIONAIS",27/08/2019,19:30:00,MS,Aquidauana,5001102,NOVA AQUIDAUANA,FEMINICÍDIO TENTADO,True,True,False,2019,8
3178,1245/2019 - DP-AMAMBAI,FEMINICIDIO - REVOGADO,"FEMINICIDIO, CRIMES VIOLENTOS LETAIS INTENCIONAIS, PROJETO ACOLHIDA, FATOS TIPICOS",05/08/2019,04:00:00,MS,Amambai,5000609,,FEMINICÍDIO (LEGISLAÇÃO REVOGADA),False,False,False,2019,8
3221,955/2019 - DP-CASSILÂNDIA,"FEMINICIDIO, VIOLENCIA DOMESTICA E FAMILIAR REVOGADO","FEMINICIDIO, VIOLENCIA DOMESTICA, FATOS TIPICOS, PROJETO ACOLHIDA, CRIMES VIOLENTOS LETAIS INTENCIONAIS",24/06/2019,08:30:00,MS,Inocência,5004403,AREA RURAL,FEMINICÍDIO (LEGISLAÇÃO REVOGADA),False,True,False,2019,6
3224,1065/2019 - DP-COSTA RICA,FEMINICIDIO - REVOGADO,"FEMINICIDIO, CRIMES VIOLENTOS LETAIS INTENCIONAIS, PROJETO ACOLHIDA, FATOS TIPICOS",22/06/2019,23:00:00,MS,Costa Rica,5003256,,FEMINICÍDIO (LEGISLAÇÃO REVOGADA),False,False,False,2019,6
3233,162/2019 - DP-ARAL MOREIRA,"FEMINICIDIO, VIOLENCIA DOMESTICA E FAMILIAR REVOGADO","FEMINICIDIO, VIOLENCIA DOMESTICA, FATOS TIPICOS, PROJETO ACOLHIDA, CRIMES VIOLENTOS LETAIS INTENCIONAIS",18/06/2019,18:00:00,MS,Aral Moreira,5001243,,FEMINICÍDIO (LEGISLAÇÃO REVOGADA),False,True,False,2019,6
3243,3453/2019 - 1DEAM,"ESTUPRO (VIOLENCIA DOMESTICA), HOMICIDIO QUALIFICADO COM EMPREGO DE VENENO, FOGO, EXPLOSIVO, ASFIXIA, TORTURA OU OUTRO MEIO INSIDIOSO, NA FORMA TENTADA, FEMINICIDIO, VIOLENCIA DOMESTICA E FAMILIAR REVOGADO, FEMINICIDIO, VIOLENCIA DOMESTICA E FAMILIAR, NA FORMA TENTADA REVOGADO","ESTUPRO, FATOS TIPICOS, VIOLENCIA DOMESTICA, FATOS TIPICOS, HOMICIDIO DOLOSO NA FORMA TENTADA, FEMINICIDIO, VIOLENCIA DOMESTICA, FATOS TIPICOS, PROJETO ACOLHIDA, CRIMES VIOLENTOS LETAIS INTENCIONAIS, VIOLENCIA DOMESTICA, FATOS TIPICOS, FEMINICIDIO NA FORMA TENTADA",11/06/2019,03:30:00,MS,Campo Grande,5002704,JARDIM BALSAMO,FEMINICÍDIO TENTADO,True,True,False,2019,6
3257,465/2019 - DP-AGUA CLARA,FEMINICIDIO - REVOGADO,"FEMINICIDIO, CRIMES VIOLENTOS LETAIS INTENCIONAIS, PROJETO ACOLHIDA, FATOS TIPICOS",03/06/2019,01:00:00,MS,Água Clara,5000203,,FEMINICÍDIO (LEGISLAÇÃO REVOGADA),False,False,False,2019,6
3269,225/2019 - 2DP-CG,"INCENDIO CULPOSO, HOMICIDIO QUALIFICADO COM EMPREGO DE VENENO, FOGO, EXPLOSIVO, ASFIXIA, TORTURA OU OUTRO MEIO INSIDIOSO, NA FORMA TENTADA, FEMINICIDIO, VIOLENCIA DOMESTICA E FAMILIAR REVOGADO, FEMINICIDIO, VIOLENCIA DOMESTICA E FAMILIAR, NA FORMA TENTADA REVOGADO","INCENDIO, FATOS TIPICOS, FATOS TIPICOS, HOMICIDIO DOLOSO NA FORMA TENTADA, FEMINICIDIO, VIOLENCIA DOMESTICA, FATOS TIPICOS, PROJETO ACOLHIDA, CRIMES VIOLENTOS LETAIS INTENCIONAIS, VIOLENCIA DOMESTICA, FATOS TIPICOS, FEMINICIDIO NA FORMA TENTADA",21/05/2019,13:36:00,MS,Campo Grande,5002704,VILA MARLI,FEMINICÍDIO TENTADO,True,True,False,2019,5
3280,2801/2019 - 1DEAM,"SUICIDIO, FEMINICIDIO, VIOLENCIA DOMESTICA E FAMILIAR REVOGADO","MORTE DECORRENTE DE FATO ATIPICO, FEMINICIDIO, VIOLENCIA DOMESTICA, FATOS TIPICOS, PROJETO ACOLHIDA, CRIMES VIOLENTOS LETAIS INTENCIONAIS",11/05/2019,02:35:00,MS,Campo Grande,5002704,VILA CARVALHO,FEMINICÍDIO (LEGISLAÇÃO REVOGADA),False,True,False,2019,5
3285,59/2019 - DAM-JARDIM,"SUICIDIO, FEMINICIDIO, VIOLENCIA DOMESTICA E FAMILIAR REVOGADO","MORTE DECORRENTE DE FATO ATIPICO, FEMINICIDIO, VIOLENCIA DOMESTICA, FATOS TIPICOS, PROJETO ACOLHIDA, CRIMES VIOLENTOS LETAIS INTENCIONAIS",08/05/2019,14:02:00,MS,Jardim,5005004,VILA ANGELICA,FEMINICÍDIO (LEGISLAÇÃO REVOGADA),False,True,False,2019,5
3304,2319/2019 - 1DEAM,"FEMINICIDIO, VIOLENCIA DOMESTICA E FAMILIAR REVOGADO","FEMINICIDIO, VIOLENCIA DOMESTICA, FATOS TIPICOS, PROJETO ACOLHIDA, CRIMES VIOLENTOS LETAIS INTENCIONAIS",19/04/2019,14:00:00,MS,Campo Grande,5002704,VILA PALMIRA,FEMINICÍDIO (LEGISLAÇÃO REVOGADA),False,True,False,2019,4
3325,66/2019 - DAM-NAVIRAÍ,"POSSE OU PORTE ILEGAL DE ARMA DE FOGO DE USO RESTRITO, FEMINICIDIO, VIOLENCIA DOMESTICA E FAMILIAR REVOGADO","FATOS TIPICOS, PORTE E POSSE DE ARMA DE FOGO, FEMINICIDIO, VIOLENCIA DOMESTICA, FATOS TIPICOS, PROJETO ACOLHIDA, CRIMES VIOLENTOS LETAIS INTENCIONAIS",03/04/2019,07:25:00,MS,Navirai,5005707,RESIDENCIAL IPE,FEMINICÍDIO (LEGISLAÇÃO REVOGADA),False,True,False,2019,4
3328,697/2019 - DP-SIDROLANDIA,"DESTRUICAO, SUBTRACAO OU OCULTACAO DE CADAVER, FEMINICIDIO - REVOGADO","FATOS TIPICOS, FEMINICIDIO, CRIMES VIOLENTOS LETAIS INTENCIONAIS, PROJETO ACOLHIDA, FATOS TIPICOS",01/04/2019,11:20:00,MS,Sidrolândia,5007901,CENTRO,FEMINICÍDIO (LEGISLAÇÃO REVOGADA),False,False,False,2019,4
3329,529/2019 - DP-CHAPADÃO,"FEMINICIDIO, VIOLENCIA DOMESTICA E FAMILIAR REVOGADO","FEMINICIDIO, VIOLENCIA DOMESTICA, FATOS TIPICOS, PROJETO ACOLHIDA, CRIMES VIOLENTOS LETAIS INTENCIONAIS",31/03/2019,17:30:00,MS,Chapadão Do Sul,5002951,ESPLANADA II,FEMINICÍDIO (LEGISLAÇÃO REVOGADA),False,True,False,2019,3
3330,259/2019 - DP-TERENOS,"HOMICIDIO QUALIFICADO POR MOTIVO FUTIL, FEMINICIDIO - REVOGADO","HOMICIDIO DOLOSO, FATOS TIPICOS QUE RESULTAM EM MORTE, CRIMES VIOLENTOS LETAIS INTENCIONAIS, PROJETO ACOLHIDA, FATOS TIPICOS, FEMINICIDIO, CRIMES VIOLENTOS LETAIS INTENCIONAIS, PROJETO ACOLHIDA, FATOS TIPICOS",31/03/2019,00:30:00,MS,Terenos,5008008,,FEMINICÍDIO (LEGISLAÇÃO REVOGADA),False,False,False,2019,3
3345,449/2019 - DP-COSTA RICA,"FEMINICIDIO, VIOLENCIA DOMESTICA E FAMILIAR REVOGADO","FEMINICIDIO, VIOLENCIA DOMESTICA, FATOS TIPICOS, PROJETO ACOLHIDA, CRIMES VIOLENTOS LETAIS INTENCIONAIS",17/03/2019,00:20:00,MS,Costa Rica,5003256,CENTRO,FEMINICÍDIO (LEGISLAÇÃO REVOGADA),False,True,False,2019,3
3353,54/2019 - DP-ALCINOPOLIS,FEMINICIDIO - REVOGADO,"FEMINICIDIO, CRIMES VIOLENTOS LETAIS INTENCIONAIS, PROJETO ACOLHIDA, FATOS TIPICOS",11/03/2019,08:01:00,MS,Alcinópolis,5000252,COHABS,FEMINICÍDIO (LEGISLAÇÃO REVOGADA),False,False,False,2019,3
3355,276/2019 - DP-CAARAPO,FEMINICIDIO - REVOGADO,"FEMINICIDIO, CRIMES VIOLENTOS LETAIS INTENCIONAIS, PROJETO ACOLHIDA, FATOS TIPICOS",10/03/2019,19:15:00,MS,Caarapó,5002407,CENTRO,FEMINICÍDIO (LEGISLAÇÃO REVOGADA),False,False,False,2019,3
3356,1297/2019 - 1DP-CORUMBA,FEMINICIDIO - REVOGADO,"FEMINICIDIO, CRIMES VIOLENTOS LETAIS INTENCIONAIS, PROJETO ACOLHIDA, FATOS TIPICOS",10/03/2019,07:30:00,MS,Corumbá,5003207,VILA MAMONA,FEMINICÍDIO (LEGISLAÇÃO REVOGADA),False,False,False,2019,3
3375,284/2019 - DP-AMAMBAI,"FEMINICIDIO, VIOLENCIA DOMESTICA E FAMILIAR REVOGADO","FEMINICIDIO, VIOLENCIA DOMESTICA, FATOS TIPICOS, PROJETO ACOLHIDA, CRIMES VIOLENTOS LETAIS INTENCIONAIS",21/02/2019,06:00:00,MS,Amambai,5000609,ZONA RURAL,FEMINICÍDIO (LEGISLAÇÃO REVOGADA),False,True,False,2019,2
3376,148/2019 - DP-IGUATEMI,FEMINICIDIO - REVOGADO,"FEMINICIDIO, CRIMES VIOLENTOS LETAIS INTENCIONAIS, PROJETO ACOLHIDA, FATOS TIPICOS",21/02/2019,00:00:00,MS,Iguatemi,5004304,,FEMINICÍDIO (LEGISLAÇÃO REVOGADA),False,False,False,2019,2
3430,507/2019 - DEPAC-PIRATININGA-CG,"DESTRUICAO, SUBTRACAO OU OCULTACAO DE CADAVER, FEMINICIDIO, VIOLENCIA DOMESTICA E FAMILIAR REVOGADO","FATOS TIPICOS, FEMINICIDIO, VIOLENCIA DOMESTICA, FATOS TIPICOS, PROJETO ACOLHIDA, CRIMES VIOLENTOS LETAIS INTENCIONAIS",11/01/2019,18:30:00,MS,Campo Grande,5002704,PORTAL CAIOBA,FEMINICÍDIO (LEGISLAÇÃO REVOGADA),False,True,False,2019,1
3452,1826/2018 - DP-MUNDO NOVO,"FEMINICIDIO MAJORADO, SE PRATICADO NA PRESENÇA DE DESCENDENTE OU DE ASCENDENTE DA VITIMA - REVOGADO, FEMINICIDIO, VIOLENCIA DOMESTICA E FAMILIAR, NA FORMA TENTADA REVOGADO, DESCUMPRIR DECISAO JUDICIAL QUE DEFERE MEDIDAS PROTETIVAS DE URGENCIA PREVISTAS NESTA LEI","CRIMES VIOLENTOS LETAIS INTENCIONAIS, FATOS TIPICOS, FEMINICIDIO, PROJETO ACOLHIDA, VIOLENCIA DOMESTICA, FATOS TIPICOS, FEMINICIDIO NA FORMA TENTADA, FATOS TIPICOS",25/12/2018,10:30:00,MS,Mundo Novo,5005681,SAO JORGE,FEMINICÍDIO TENTADO,True,True,True,2018,12
3453,15693/2018 - DEPAC-PIRATININGA-CG,"HOMICIDIO QUALIFICADO MEDIANTE PAGA OU PROMESSA DE RECOMPENSA, OU POR OUTRO MOTIVO TORPE, HOMICIDIO QUALIFICADO COM EMPREGO DE VENENO, FOGO, EXPLOSIVO, ASFIXIA, TORTURA OU OUTRO MEIO INSIDIOSO, HOMICIDIO QUALIFICADO PELA TRAICAO, DE EMBOSCADA, OU MEDIANTE DISSIMULACAO OU OUTRO RECURSO QUE DIFICULTE OU TORNE IMPOSSIVEL A DEFESA DO OFENDIDO, FEMINICIDIO, VIOLENCIA DOMESTICA E FAMILIAR REVOGADO, DESCUMPRIR DECISAO JUDICIAL QUE DEFERE MEDIDAS PROTETIVAS DE URGENCIA PREVISTAS NESTA LEI","FATOS TIPICOS QUE RESULTAM EM MORTE, PROJETO ACOLHIDA, FATOS TIPICOS, CRIMES VIOLENTOS LETAIS INTENCIONAIS, HOMICIDIO DOLOSO, CRIMES VIOLENTOS LETAIS INTENCIONAIS, FATOS TIPICOS QUE RESULTAM EM MORTE, HOMICIDIO DOLOSO, PROJETO ACOLHIDA, FATOS TIPICOS, HOMICIDIO DOLOSO, CRIMES VIOLENTOS LETAIS INTENCIONAIS, PROJETO ACOLHIDA, FATOS TIPICOS, FATOS TIPICOS QUE RESULTAM EM MORTE, FEMINICIDIO, VIOLENCIA DOMESTICA, FATOS TIPICOS, PROJETO ACOLHIDA, CRIMES VIOLENTOS LETAIS INTENCIONAIS, FATOS TIPICOS",25/12/2018,08:10:00,MS,Campo Grande,5002704,VILA MORENINHA II,FEMINICÍDIO (LEGISLAÇÃO REVOGADA),False,True,True,2018,12
3455,1050/2018 - DP-RIBAS RIO PARDO,"HOMICIDIO QUALIFICADO MEDIANTE PAGA OU PROMESSA DE RECOMPENSA, OU POR OUTRO MOTIVO TORPE, FEMINICIDIO, VIOLENCIA DOMESTICA E FAMILIAR, NA FORMA TENTADA REVOGADO","FATOS TIPICOS QUE RESULTAM EM MORTE, PROJETO ACOLHIDA, FATOS TIPICOS, CRIMES VIOLENTOS LETAIS INTENCIONAIS, HOMICIDIO DOLOSO, VIOLENCIA DOMESTICA, FATOS TIPICOS, FEMINICIDIO NA FORMA TENTADA",23/12/2018,04:30:00,MS,Ribas Do Rio Pardo,5007109,SANTOS DUMONT,FEMINICÍDIO TENTADO,True,True,False,2018,12
3459,1001/2018 - DP-RIO VERDE,"HOMICIDIO SIMPLES NA FORMA TENTADA, FEMINICIDIO MAJORADO, SE PRATICADO DURANTE A GESTAÇAO OU NOS E (TRES) MESES POSTERIORES AO PARTO - REVOGADO","HOMICIDIO DOLOSO NA FORMA TENTADA, FATOS TIPICOS, FATOS TIPICOS, CRIMES VIOLENTOS LETAIS INTENCIONAIS, FEMINICIDIO, PROJETO ACOLHIDA",22/12/2018,22:20:00,MS,Rio Verde De Mato Grosso,5007406,JARDIM DOS ESTADOS,FEMINICÍDIO TENTADO,True,False,False,2018,12
3474,1471/2018 - DP-APARECIDA,"FEMINICIDIO, VIOLENCIA DOMESTICA E FAMILIAR REVOGADO","FEMINICIDIO, VIOLENCIA DOMESTICA, FATOS TIPICOS, PROJETO ACOLHIDA, CRIMES VIOLENTOS LETAIS INTENCIONAIS",15/12/2018,02:00:00,MS,Aparecida Do Taboado,5001003,JARDIM SANTO ANTONIO,FEMINICÍDIO (LEGISLAÇÃO REVOGADA),False,True,False,2018,12
3487,215/2018 - DP-DOURADINA,"FEMINICIDIO, VIOLENCIA DOMESTICA E FAMILIAR REVOGADO","FEMINICIDIO, VIOLENCIA DOMESTICA, FATOS TIPICOS, PROJETO ACOLHIDA, CRIMES VIOLENTOS LETAIS INTENCIONAIS",01/12/2018,09:00:00,MS,Douradina,5003504,,FEMINICÍDIO (LEGISLAÇÃO REVOGADA),False,True,False,2018,12
3493,6695/2018 - 1DEAM,"HOMICIDIO QUALIFICADO COM EMPREGO DE VENENO, FOGO, EXPLOSIVO, ASFIXIA, TORTURA OU OUTRO MEIO INSIDIOSO, FEMINICIDIO, VIOLENCIA DOMESTICA E FAMILIAR, NA FORMA TENTADA REVOGADO","CRIMES VIOLENTOS LETAIS INTENCIONAIS, FATOS TIPICOS QUE RESULTAM EM MORTE, HOMICIDIO DOLOSO, PROJETO ACOLHIDA, FATOS TIPICOS, VIOLENCIA DOMESTICA, FATOS TIPICOS, FEMINICIDIO NA FORMA TENTADA",27/11/2018,00:30:00,MS,Campo Grande,5002704,JARDIM AERO RANCHO,FEMINICÍDIO TENTADO,True,True,False,2018,11
3494,807/2018 - DAM-DOURADOS,"FEMINICIDIO, VIOLENCIA DOMESTICA E FAMILIAR REVOGADO, FEMINICIDIO MAJORADO, SE PRATICADO CONTRA PESSOA MAIOR DE 60 (SESSENTA) ANOS, COM DEFICIENCIA OU COM DOENÇAS DEGENERATIVAS QUE ACARRETEM CONDIÇAO LIMITANTE OU DE VULNERABILIDADE FISICA OU MENTAL - REVOGADO","FEMINICIDIO, VIOLENCIA DOMESTICA, FATOS TIPICOS, PROJETO ACOLHIDA, CRIMES VIOLENTOS LETAIS INTENCIONAIS, FEMINICIDIO, PROJETO ACOLHIDA, FATOS TIPICOS, CRIMES VIOLENTOS LETAIS INTENCIONAIS",25/11/2018,22:30:00,MS,Dourados,5003702,JARDIM SAO PEDRO,FEMINICÍDIO MAJORADO,False,True,False,2018,11
3514,6276/2018 - 1DEAM,"FEMINICIDIO, VIOLENCIA DOMESTICA E FAMILIAR REVOGADO, FEMINICIDIO MAJORADO, SE PRATICADO CONTRA PESSOA MAIOR DE 60 (SESSENTA) ANOS, COM DEFICIENCIA OU COM DOENÇAS DEGENERATIVAS QUE ACARRETEM CONDIÇAO LIMITANTE OU DE VULNERABILIDADE FISICA OU MENTAL - REVOGADO","FEMINICIDIO, VIOLENCIA DOMESTICA, FATOS TIPICOS, PROJETO ACOLHIDA, CRIMES VIOLENTOS LETAIS INTENCIONAIS, FEMINICIDIO, PROJETO ACOLHIDA, FATOS TIPICOS, CRIMES VIOLENTOS LETAIS INTENCIONAIS",07/11/2018,11:00:00,MS,Campo Grande,5002704,JARDIM SAO CONRADO,FEMINICÍDIO MAJORADO,False,True,False,2018,11
3560,1748/2018 - DP-COSTA RICA,"SUICIDIO, FEMINICIDIO, VIOLENCIA DOMESTICA E FAMILIAR REVOGADO","MORTE DECORRENTE DE FATO ATIPICO, FEMINICIDIO, VIOLENCIA DOMESTICA, FATOS TIPICOS, PROJETO ACOLHIDA, CRIMES VIOLENTOS LETAIS INTENCIONAIS",30/09/2018,02:50:00,MS,Costa Rica,5003256,CENTRO,FEMINICÍDIO (LEGISLAÇÃO REVOGADA),False,True,False,2018,9
3572,1047/2018 - DP-BELA VISTA,"SUICIDIO, FEMINICIDIO, VIOLENCIA DOMESTICA E FAMILIAR REVOGADO","MORTE DECORRENTE DE FATO ATIPICO, FEMINICIDIO, VIOLENCIA DOMESTICA, FATOS TIPICOS, PROJETO ACOLHIDA, CRIMES VIOLENTOS LETAIS INTENCIONAIS",21/09/2018,17:15:00,MS,Bela Vista,5002100,COSTA E SILVA,FEMINICÍDIO (LEGISLAÇÃO REVOGADA),False,True,False,2018,9
3583,5016/2018 - 1DEAM,"LESAO CORPORAL DOLOSA (VIOLENCIA DOMESTICA), HOMICIDIO QUALIFICADO COM EMPREGO DE VENENO, FOGO, EXPLOSIVO, ASFIXIA, TORTURA OU OUTRO MEIO INSIDIOSO, FEMINICIDIO MAJORADO, SE PRATICADO CONTRA PESSOA MAIOR DE 60 (SESSENTA) ANOS, COM DEFICIENCIA OU COM DOENÇAS DEGENERATIVAS QUE ACARRETEM CONDIÇAO LIMITANTE OU DE VULNERABILIDADE FISICA OU MENTAL - REVOGADO, FEMINICIDIO, VIOLENCIA DOMESTICA E FAMILIAR, NA FORMA TENTADA REVOGADO","DOS CRIMES CONTRA A PESSOA, LESAO CORPORAL DOLOSA, VIOLENCIA DOMESTICA, FATOS TIPICOS, CRIMES VIOLENTOS LETAIS INTENCIONAIS, FATOS TIPICOS QUE RESULTAM EM MORTE, HOMICIDIO DOLOSO, PROJETO ACOLHIDA, FATOS TIPICOS, FEMINICIDIO, PROJETO ACOLHIDA, FATOS TIPICOS, CRIMES VIOLENTOS LETAIS INTENCIONAIS, VIOLENCIA DOMESTICA, FATOS TIPICOS, FEMINICIDIO NA FORMA TENTADA",10/09/2018,05:00:00,MS,Campo Grande,5002704,PAULO COELHO MACHADO,FEMINICÍDIO TENTADO,True,True,False,2018,9
3594,10735/2018 - DEPAC-PIRATININGA-CG,"HOMICIDIO SIMPLES, HOMICIDIO QUALIFICADO MEDIANTE PAGA OU PROMESSA DE RECOMPENSA, OU POR OUTRO MOTIVO TORPE, HOMICIDIO QUALIFICADO PELA TRAICAO, DE EMBOSCADA, OU MEDIANTE DISSIMULACAO OU OUTRO RECURSO QUE DIFICULTE OU TORNE IMPOSSIVEL A DEFESA DO OFENDIDO, FEMINICIDIO, VIOLENCIA DOMESTICA E FAMILIAR REVOGADO, FEMINICIDIO MAJORADO, SE PRATICADO CONTRA PESSOA MAIOR DE 60 (SESSENTA) ANOS, COM DEFICIENCIA OU COM DOENÇAS DEGENERATIVAS QUE ACARRETEM CONDIÇAO LIMITANTE OU DE VULNERABILIDADE FISICA OU MENTAL - REVOGADO","FATOS TIPICOS, CRIMES VIOLENTOS LETAIS INTENCIONAIS, HOMICIDIO DOLOSO, FATOS TIPICOS QUE RESULTAM EM MORTE, PROJETO ACOLHIDA, FATOS TIPICOS QUE RESULTAM EM MORTE, PROJETO ACOLHIDA, FATOS TIPICOS, CRIMES VIOLENTOS LETAIS INTENCIONAIS, HOMICIDIO DOLOSO, HOMICIDIO DOLOSO, CRIMES VIOLENTOS LETAIS INTENCIONAIS, PROJETO ACOLHIDA, FATOS TIPICOS, FATOS TIPICOS QUE RESULTAM EM MORTE, FEMINICIDIO, VIOLENCIA DOMESTICA, FATOS TIPICOS, PROJETO ACOLHIDA, CRIMES VIOLENTOS LETAIS INTENCIONAIS, FEMINICIDIO, PROJETO ACOLHIDA, FATOS TIPICOS, CRIMES VIOLENTOS LETAIS INTENCIONAIS",01/09/2018,19:30:00,MS,Campo Grande,5002704,JARDIM LEBLON,FEMINICÍDIO MAJORADO,False,True,False,2018,9
3598,514/2018 - DP-DEODÁPOLIS,"FEMINICIDIO, VIOLENCIA DOMESTICA E FAMILIAR REVOGADO","FEMINICIDIO, VIOLENCIA DOMESTICA, FATOS TIPICOS, PROJETO ACOLHIDA, CRIMES VIOLENTOS LETAIS INTENCIONAIS",29/08/2018,22:00:00,MS,Deodápolis,5003454,,FEMINICÍDIO (LEGISLAÇÃO REVOGADA),False,True,False,2018,8
3644,435/2018 - DAM-TRÊS LAGOAS,"SUICIDIO, FEMINICIDIO, VIOLENCIA DOMESTICA E FAMILIAR REVOGADO","MORTE DECORRENTE DE FATO ATIPICO, FEMINICIDIO, VIOLENCIA DOMESTICA, FATOS TIPICOS, PROJETO ACOLHIDA, CRIMES VIOLENTOS LETAIS INTENCIONAIS",25/07/2018,07:00:00,MS,Três Lagoas,5008305,ZONA RURAL,FEMINICÍDIO (LEGISLAÇÃO REVOGADA),False,True,False,2018,7
3650,1178/2018 - 1DP-JARDIM,FEMINICIDIO - REVOGADO,"FEMINICIDIO, CRIMES VIOLENTOS LETAIS INTENCIONAIS, PROJETO ACOLHIDA, FATOS TIPICOS",22/07/2018,07:30:00,MS,Jardim,5005004,VILA ANGELICA DOIS,FEMINICÍDIO (LEGISLAÇÃO REVOGADA),False,False,False,2018,7
3666,1232/2018 - DP-COSTA RICA,FEMINICIDIO - REVOGADO,"FEMINICIDIO, CRIMES VIOLENTOS LETAIS INTENCIONAIS, PROJETO ACOLHIDA, FATOS TIPICOS",09/07/2018,03:00:00,MS,Costa Rica,5003256,CENTRO,FEMINICÍDIO (LEGISLAÇÃO REVOGADA),False,False,False,2018,7
3685,502/2018 - DP-RIO VERDE,"FEMINICIDIO, VIOLENCIA DOMESTICA E FAMILIAR REVOGADO","FEMINICIDIO, VIOLENCIA DOMESTICA, FATOS TIPICOS, PROJETO ACOLHIDA, CRIMES VIOLENTOS LETAIS INTENCIONAIS",26/06/2018,07:30:00,MS,Rio Verde De Mato Grosso,5007406,CENTRO,FEMINICÍDIO (LEGISLAÇÃO REVOGADA),False,True,False,2018,6
3687,408/2018 - DAM-DOURADOS,"FEMINICIDIO, VIOLENCIA DOMESTICA E FAMILIAR REVOGADO, FEMINICIDIO, VIOLENCIA DOMESTICA E FAMILIAR, NA FORMA TENTADA REVOGADO","FEMINICIDIO, VIOLENCIA DOMESTICA, FATOS TIPICOS, PROJETO ACOLHIDA, CRIMES VIOLENTOS LETAIS INTENCIONAIS, VIOLENCIA DOMESTICA, FATOS TIPICOS, FEMINICIDIO NA FORMA TENTADA",25/06/2018,15:25:00,MS,Dourados,5003702,PARQUE DAS NACOES I,FEMINICÍDIO TENTADO,True,True,False,2018,6
3721,3178/2018 - 1DEAM,"ESTUPRO, FEMINICIDIO - REVOGADO","FATOS TIPICOS, ESTUPRO, FEMINICIDIO, CRIMES VIOLENTOS LETAIS INTENCIONAIS, PROJETO ACOLHIDA, FATOS TIPICOS",31/05/2018,14:30:00,MS,Campo Grande,5002704,JARDIM TIJUCA,FEMINICÍDIO (LEGISLAÇÃO REVOGADA),False,False,False,2018,5
3745,2943/2018 - 1DEAM,"FEMINICIDIO, VIOLENCIA DOMESTICA E FAMILIAR REVOGADO, FEMINICIDIO MAJORADO, SE PRATICADO NA PRESENÇA DE DESCENDENTE OU DE ASCENDENTE DA VITIMA - REVOGADO","FEMINICIDIO, VIOLENCIA DOMESTICA, FATOS TIPICOS, PROJETO ACOLHIDA, CRIMES VIOLENTOS LETAIS INTENCIONAIS, CRIMES VIOLENTOS LETAIS INTENCIONAIS, FATOS TIPICOS, FEMINICIDIO, PROJETO ACOLHIDA",18/05/2018,12:00:00,MS,Campo Grande,5002704,JARDIM ITAMARACA,FEMINICÍDIO MAJORADO,False,True,False,2018,5
3773,655/2018 - DP-RIO BRILHANTE,"FEMINICIDIO, VIOLENCIA DOMESTICA E FAMILIAR REVOGADO","FEMINICIDIO, VIOLENCIA DOMESTICA, FATOS TIPICOS, PROJETO ACOLHIDA, CRIMES VIOLENTOS LETAIS INTENCIONAIS",01/05/2018,16:50:00,MS,Rio Brilhante,5007208,,FEMINICÍDIO (LEGISLAÇÃO REVOGADA),False,True,False,2018,5
3777,1011/2018 - DP-SIDROLANDIA,"FEMINICIDIO - REVOGADO, FEMINICIDIO, VIOLENCIA DOMESTICA E FAMILIAR REVOGADO, FEMINICIDIO MAJORADO, SE PRATICADO NA PRESENÇA DE DESCENDENTE OU DE ASCENDENTE DA VITIMA - REVOGADO","FEMINICIDIO, CRIMES VIOLENTOS LETAIS INTENCIONAIS, PROJETO ACOLHIDA, FATOS TIPICOS, FEMINICIDIO, VIOLENCIA DOMESTICA, FATOS TIPICOS, PROJETO ACOLHIDA, CRIMES VIOLENTOS LETAIS INTENCIONAIS, CRIMES VIOLENTOS LETAIS INTENCIONAIS, FATOS TIPICOS, FEMINICIDIO, PROJETO ACOLHIDA",27/04/2018,00:00:00,MS,Sidrolândia,5007901,SAO BENTO,FEMINICÍDIO MAJORADO,False,True,False,2018,4
3802,636/2018 - DP-MARACAJU,"FEMINICIDIO MAJORADO, SE PRATICADO NA PRESENÇA DE DESCENDENTE OU DE ASCENDENTE DA VITIMA - REVOGADO","CRIMES VIOLENTOS LETAIS INTENCIONAIS, FATOS TIPICOS, FEMINICIDIO, PROJETO ACOLHIDA",10/04/2018,23:00:00,MS,Maracaju,5005400,VILA ADRIEN,FEMINICÍDIO MAJORADO,False,False,False,2018,4
3806,419/2018 - DP-BELA VISTA,"FEMINICIDIO, VIOLENCIA DOMESTICA E FAMILIAR REVOGADO, FEMINICIDIO, VIOLENCIA DOMESTICA E FAMILIAR, NA FORMA TENTADA REVOGADO","FEMINICIDIO, VIOLENCIA DOMESTICA, FATOS TIPICOS, PROJETO ACOLHIDA, CRIMES VIOLENTOS LETAIS INTENCIONAIS, VIOLENCIA DOMESTICA, FATOS TIPICOS, FEMINICIDIO NA FORMA TENTADA",08/04/2018,17:30:00,MS,Bela Vista,5002100,,FEMINICÍDIO TENTADO,True,True,False,2018,4
3811,493/2018 - DP-AMAMBAI,"MORTE POR CAUSA INDETERMINADA (SEM INDICIO DE CRIME), FEMINICIDIO, VIOLENCIA DOMESTICA E FAMILIAR REVOGADO","MORTE DECORRENTE DE FATO ATIPICO, FATOS ATIPICOS, FEMINICIDIO, VIOLENCIA DOMESTICA, FATOS TIPICOS, PROJETO ACOLHIDA, CRIMES VIOLENTOS LETAIS INTENCIONAIS",03/04/2018,12:00:00,MS,Amambai,5000609,ZONA RURAL,FEMINICÍDIO (LEGISLAÇÃO REVOGADA),False,True,False,2018,4
3815,160/2018 - DP-SETE QUEDAS,"SUICIDIO, FEMINICIDIO - REVOGADO","MORTE DECORRENTE DE FATO ATIPICO, FEMINICIDIO, CRIMES VIOLENTOS LETAIS INTENCIONAIS, PROJETO ACOLHIDA, FATOS TIPICOS",01/04/2018,16:20:00,MS,Sete Quedas,5007703,,FEMINICÍDIO (LEGISLAÇÃO REVOGADA),False,False,False,2018,4
3838,610/2018 - 1DP-AQUIDAUANA,"HOMICIDIO QUALIFICADO POR MOTIVO FUTIL, HOMICIDIO QUALIFICADO PELA TRAICAO, DE EMBOSCADA, OU MEDIANTE DISSIMULACAO OU OUTRO RECURSO QUE DIFICULTE OU TORNE IMPOSSIVEL A DEFESA DO OFENDIDO, FEMINICIDIO - REVOGADO","HOMICIDIO DOLOSO, FATOS TIPICOS QUE RESULTAM EM MORTE, CRIMES VIOLENTOS LETAIS INTENCIONAIS, PROJETO ACOLHIDA, FATOS TIPICOS, HOMICIDIO DOLOSO, CRIMES VIOLENTOS LETAIS INTENCIONAIS, PROJETO ACOLHIDA, FATOS TIPICOS, FATOS TIPICOS QUE RESULTAM EM MORTE, FEMINICIDIO, CRIMES VIOLENTOS LETAIS INTENCIONAIS, PROJETO ACOLHIDA, FATOS TIPICOS",17/03/2018,08:00:00,MS,Aquidauana,5001102,SANTA TEREZINHA,FEMINICÍDIO (LEGISLAÇÃO REVOGADA),False,False,False,2018,3
3875,139/2018 - DP-ELDORADO,"SUICIDIO, FEMINICIDIO, VIOLENCIA DOMESTICA E FAMILIAR REVOGADO","MORTE DECORRENTE DE FATO ATIPICO, FEMINICIDIO, VIOLENCIA DOMESTICA, FATOS TIPICOS, PROJETO ACOLHIDA, CRIMES VIOLENTOS LETAIS INTENCIONAIS",17/02/2018,13:36:00,MS,Eldorado,5003751,CENTRO,FEMINICÍDIO (LEGISLAÇÃO REVOGADA),False,True,False,2018,2
3890,95/2018 - DAM-TRÊS LAGOAS,"SUICIDIO, FEMINICIDIO, VIOLENCIA DOMESTICA E FAMILIAR REVOGADO","MORTE DECORRENTE DE FATO ATIPICO, FEMINICIDIO, VIOLENCIA DOMESTICA, FATOS TIPICOS, PROJETO ACOLHIDA, CRIMES VIOLENTOS LETAIS INTENCIONAIS",09/02/2018,16:05:00,MS,Três Lagoas,5008305,JARDIM ALVORADA,FEMINICÍDIO (LEGISLAÇÃO REVOGADA),False,True,False,2018,2
3907,188/2018 - 1DP-BATAGUASSU,"LESAO CORPORAL DOLOSA, CONDUZIR VEICULO AUTOMOTOR COM CAPACIDADE PSICOMOTORA ALTERADA EM RAZAO DA INFLUENCIA DE ALCOOL OU DE OUTRA SUBSTANCIA PSICOATIVA QUE DETERMINE DEPENDENCIA, MORTE POR CAUSA INDETERMINADA (SEM INDICIO DE CRIME), FEMINICIDIO - REVOGADO","LESAO CORPORAL DOLOSA, FATOS TIPICOS, FATOS TIPICOS, CRIMES DE TRANSITO (ART. 304 AO 312 DA LEI 9.503/97), MORTE DECORRENTE DE FATO ATIPICO, FATOS ATIPICOS, FEMINICIDIO, CRIMES VIOLENTOS LETAIS INTENCIONAIS, PROJETO ACOLHIDA, FATOS TIPICOS",31/01/2018,01:45:00,MS,Bataguassu,5001904,CENTRO,FEMINICÍDIO (LEGISLAÇÃO REVOGADA),False,False,False,2018,1
3913,452/2018 - 1DEAM,"FEMINICIDIO, VIOLENCIA DOMESTICA E FAMILIAR REVOGADO","FEMINICIDIO, VIOLENCIA DOMESTICA, FATOS TIPICOS, PROJETO ACOLHIDA, CRIMES VIOLENTOS LETAIS INTENCIONAIS",22/01/2018,18:30:00,MS,Campo Grande,5002704,JARDIM SANTA EMILIA,FEMINICÍDIO (LEGISLAÇÃO REVOGADA),False,True,False,2018,1
3922,156/2018 - DEPAC-TL,FEMINICIDIO - REVOGADO,"FEMINICIDIO, CRIMES VIOLENTOS LETAIS INTENCIONAIS, PROJETO ACOLHIDA, FATOS TIPICOS",14/01/2018,18:00:00,MS,Três Lagoas,5008305,JARDIM SANTA JULIA,FEMINICÍDIO (LEGISLAÇÃO REVOGADA),False,False,False,2018,1
3928,51/2018 - DP-MARACAJU,"FEMINICIDIO, VIOLENCIA DOMESTICA E FAMILIAR REVOGADO","FEMINICIDIO, VIOLENCIA DOMESTICA, FATOS TIPICOS, PROJETO ACOLHIDA, CRIMES VIOLENTOS LETAIS INTENCIONAIS",09/01/2018,20:00:00,MS,Maracaju,5005400,DISTRITO - VISTA ALEGRE,FEMINICÍDIO (LEGISLAÇÃO REVOGADA),False,True,False,2018,1
3960,1991/2017 - DP-CASSILÂNDIA,FEMINICIDIO - REVOGADO,"FEMINICIDIO, CRIMES VIOLENTOS LETAIS INTENCIONAIS, PROJETO ACOLHIDA, FATOS TIPICOS",17/12/2017,03:00:00,MS,Cassilândia,5002902,CENTRO,FEMINICÍDIO (LEGISLAÇÃO REVOGADA),False,False,False,2017,12
3977,4857/2017 - DEPAC-DDOS,"FEMINICIDIO, VIOLENCIA DOMESTICA E FAMILIAR REVOGADO","FEMINICIDIO, VIOLENCIA DOMESTICA, FATOS TIPICOS, PROJETO ACOLHIDA, CRIMES VIOLENTOS LETAIS INTENCIONAIS",06/12/2017,17:00:00,MS,Dourados,5003702,PARQUE ALVORADA,FEMINICÍDIO (LEGISLAÇÃO REVOGADA),False,True,False,2017,12
4037,6058/2017 - 1DEAM,"FEMINICIDIO, VIOLENCIA DOMESTICA E FAMILIAR REVOGADO","FEMINICIDIO, VIOLENCIA DOMESTICA, FATOS TIPICOS, PROJETO ACOLHIDA, CRIMES VIOLENTOS LETAIS INTENCIONAIS",02/11/2017,02:00:00,MS,Campo Grande,5002704,,FEMINICÍDIO (LEGISLAÇÃO REVOGADA),False,True,False,2017,11
4042,4324/2017 - DEPAC-DDOS,FEMINICIDIO - REVOGADO,"FEMINICIDIO, CRIMES VIOLENTOS LETAIS INTENCIONAIS, PROJETO ACOLHIDA, FATOS TIPICOS",30/10/2017,23:00:00,MS,Dourados,5003702,,FEMINICÍDIO (LEGISLAÇÃO REVOGADA),False,False,False,2017,10
4064,927/2017 - DP-ITAQUIRAI,FEMINICIDIO - REVOGADO,"FEMINICIDIO, CRIMES VIOLENTOS LETAIS INTENCIONAIS, PROJETO ACOLHIDA, FATOS TIPICOS",18/10/2017,10:30:00,MS,Itaquiraí,5004601,,FEMINICÍDIO (LEGISLAÇÃO REVOGADA),False,False,False,2017,10
4102,974/2017 - DP-BELA VISTA,"HOMICIDIO SIMPLES, FEMINICIDIO, VIOLENCIA DOMESTICA E FAMILIAR, NA FORMA TENTADA REVOGADO","FATOS TIPICOS, CRIMES VIOLENTOS LETAIS INTENCIONAIS, HOMICIDIO DOLOSO, FATOS TIPICOS QUE RESULTAM EM MORTE, PROJETO ACOLHIDA, VIOLENCIA DOMESTICA, FATOS TIPICOS, FEMINICIDIO NA FORMA TENTADA",23/09/2017,17:58:00,MS,Bela Vista,5002100,,FEMINICÍDIO TENTADO,True,True,False,2017,9
4115,5049/2017 - 1DEAM,"FEMINICIDIO, VIOLENCIA DOMESTICA E FAMILIAR REVOGADO","FEMINICIDIO, VIOLENCIA DOMESTICA, FATOS TIPICOS, PROJETO ACOLHIDA, CRIMES VIOLENTOS LETAIS INTENCIONAIS",15/09/2017,19:00:00,MS,Campo Grande,5002704,JARDIM MONUMENTO,FEMINICÍDIO (LEGISLAÇÃO REVOGADA),False,True,False,2017,9
4138,348/2017 - DP-INOCÊNCIA,"FEMINICIDIO, VIOLENCIA DOMESTICA E FAMILIAR REVOGADO","FEMINICIDIO, VIOLENCIA DOMESTICA, FATOS TIPICOS, PROJETO ACOLHIDA, CRIMES VIOLENTOS LETAIS INTENCIONAIS",31/08/2017,20:50:00,MS,Inocência,5004403,CENTRO,FEMINICÍDIO (LEGISLAÇÃO REVOGADA),False,True,False,2017,8
4145,3269/2017 - DEPAC-DDOS,FEMINICIDIO - REVOGADO,"FEMINICIDIO, CRIMES VIOLENTOS LETAIS INTENCIONAIS, PROJETO ACOLHIDA, FATOS TIPICOS",26/08/2017,23:40:00,MS,Dourados,5003702,JARDIM NOVO HORIZONTE,FEMINICÍDIO (LEGISLAÇÃO REVOGADA),False,False,False,2017,8
4148,173/2017 - DP-CARACOL,"SUICIDIO, FEMINICIDIO - REVOGADO","MORTE DECORRENTE DE FATO ATIPICO, FEMINICIDIO, CRIMES VIOLENTOS LETAIS INTENCIONAIS, PROJETO ACOLHIDA, FATOS TIPICOS",23/08/2017,16:00:00,MS,Caracol,5002803,VILAS BOAS,FEMINICÍDIO (LEGISLAÇÃO REVOGADA),False,False,False,2017,8
4150,1357/2017 - DP-CASSILÂNDIA,"SUICIDIO, FEMINICIDIO - REVOGADO","MORTE DECORRENTE DE FATO ATIPICO, FEMINICIDIO, CRIMES VIOLENTOS LETAIS INTENCIONAIS, PROJETO ACOLHIDA, FATOS TIPICOS",22/08/2017,07:40:00,MS,Cassilândia,5002902,,FEMINICÍDIO (LEGISLAÇÃO REVOGADA),False,False,False,2017,8
4213,244/2017 - DP-PEDRO GOMES,"FEMINICIDIO MAJORADO, SE PRATICADO NA PRESENÇA DE DESCENDENTE OU DE ASCENDENTE DA VITIMA - REVOGADO","CRIMES VIOLENTOS LETAIS INTENCIONAIS, FATOS TIPICOS, FEMINICIDIO, PROJETO ACOLHIDA",16/07/2017,16:00:00,MS,Pedro Gomes,5006408,,FEMINICÍDIO MAJORADO,False,False,False,2017,7
4217,2195/2017 - 1DP-PARANAIBA,"SUICIDIO (TENTATIVA), FEMINICIDIO, VIOLENCIA DOMESTICA E FAMILIAR REVOGADO","FEMINICIDIO, VIOLENCIA DOMESTICA, FATOS TIPICOS, PROJETO ACOLHIDA, CRIMES VIOLENTOS LETAIS INTENCIONAIS",13/07/2017,22:30:00,MS,Paranaíba,5006309,DE LOURDES,FEMINICÍDIO TENTADO,True,True,False,2017,7
4242,1350/2017 - DP-IVINHEMA,"FEMINICIDIO, VIOLENCIA DOMESTICA E FAMILIAR REVOGADO","FEMINICIDIO, VIOLENCIA DOMESTICA, FATOS TIPICOS, PROJETO ACOLHIDA, CRIMES VIOLENTOS LETAIS INTENCIONAIS",30/06/2017,20:50:00,MS,Ivinhema,5004700,,FEMINICÍDIO (LEGISLAÇÃO REVOGADA),False,True,False,2017,6
4250,2054/2017 - DEPAC-TL,"FEMINICIDIO, VIOLENCIA DOMESTICA E FAMILIAR REVOGADO","FEMINICIDIO, VIOLENCIA DOMESTICA, FATOS TIPICOS, PROJETO ACOLHIDA, CRIMES VIOLENTOS LETAIS INTENCIONAIS",25/06/2017,15:54:00,MS,Três Lagoas,5008305,JARDIM DAS OLIVEIRAS,FEMINICÍDIO (LEGISLAÇÃO REVOGADA),False,True,False,2017,6
4259,1999/2017 - DEPAC-TL,"HOMICIDIO QUALIFICADO POR MOTIVO FUTIL, FEMINICIDIO MAJORADO, SE PRATICADO CONTRA PESSOA MAIOR DE 60 (SESSENTA) ANOS, COM DEFICIENCIA OU COM DOENÇAS DEGENERATIVAS QUE ACARRETEM CONDIÇAO LIMITANTE OU DE VULNERABILIDADE FISICA OU MENTAL - REVOGADO","HOMICIDIO DOLOSO, FATOS TIPICOS QUE RESULTAM EM MORTE, CRIMES VIOLENTOS LETAIS INTENCIONAIS, PROJETO ACOLHIDA, FATOS TIPICOS, FEMINICIDIO, PROJETO ACOLHIDA, FATOS TIPICOS, CRIMES VIOLENTOS LETAIS INTENCIONAIS",21/06/2017,20:20:00,MS,Três Lagoas,5008305,SANTOS DUMONT,FEMINICÍDIO MAJORADO,False,False,False,2017,6
4280,917/2017 - DP-RIO BRILHANTE,"POSSE IRREGULAR DE ARMA DE FOGO DE USO PERMITIDO, FEMINICIDIO - REVOGADO, FEMINICIDIO, VIOLENCIA DOMESTICA E FAMILIAR, NA FORMA TENTADA REVOGADO","FATOS TIPICOS, PORTE E POSSE DE ARMA DE FOGO, FEMINICIDIO, CRIMES VIOLENTOS LETAIS INTENCIONAIS, PROJETO ACOLHIDA, FATOS TIPICOS, VIOLENCIA DOMESTICA, FATOS TIPICOS, FEMINICIDIO NA FORMA TENTADA",07/06/2017,18:30:00,MS,Rio Brilhante,5007208,BENEDITO RONDON,FEMINICÍDIO TENTADO,True,True,False,2017,6
4283,3113/2017 - 1DEAM,"FEMINICIDIO, VIOLENCIA DOMESTICA E FAMILIAR REVOGADO","FEMINICIDIO, VIOLENCIA DOMESTICA, FATOS TIPICOS, PROJETO ACOLHIDA, CRIMES VIOLENTOS LETAIS INTENCIONAIS",04/06/2017,18:30:00,MS,Campo Grande,5002704,PORTAL CAIOBA,FEMINICÍDIO (LEGISLAÇÃO REVOGADA),False,True,False,2017,6
4292,2934/2017 - 1DEAM,"FEMINICIDIO, VIOLENCIA DOMESTICA E FAMILIAR REVOGADO","FEMINICIDIO, VIOLENCIA DOMESTICA, FATOS TIPICOS, PROJETO ACOLHIDA, CRIMES VIOLENTOS LETAIS INTENCIONAIS",26/05/2017,05:30:00,MS,Campo Grande,5002704,ZONA RURAL AREA 2 - RU DO SEGREDO,FEMINICÍDIO (LEGISLAÇÃO REVOGADA),False,True,False,2017,5
4300,1319/2017 - 1DP-AQUIDAUANA,"CONSTRANGIMENTO ILEGAL, FURTO QUALIFICADO COM ABUSO DE CONFIANCA, OU MEDIANTE FRAUDE OU ESCALADA E DESTREZA, FEMINICIDIO, VIOLENCIA DOMESTICA E FAMILIAR REVOGADO","FATOS TIPICOS, FATOS TIPICOS, FURTO, FURTO (SEM ART. 155, § 3° DO CP), FEMINICIDIO, VIOLENCIA DOMESTICA, FATOS TIPICOS, PROJETO ACOLHIDA, CRIMES VIOLENTOS LETAIS INTENCIONAIS",21/05/2017,15:00:00,MS,Aquidauana,5001102,,FEMINICÍDIO (LEGISLAÇÃO REVOGADA),False,True,False,2017,5
4347,1299/2017 - DEPAC-TL,"FEMINICIDIO, VIOLENCIA DOMESTICA E FAMILIAR REVOGADO","FEMINICIDIO, VIOLENCIA DOMESTICA, FATOS TIPICOS, PROJETO ACOLHIDA, CRIMES VIOLENTOS LETAIS INTENCIONAIS",23/04/2017,08:15:00,MS,Três Lagoas,5008305,,FEMINICÍDIO (LEGISLAÇÃO REVOGADA),False,True,False,2017,4
4352,1244/2017 - DEPAC-TL,"HOMICIDIO QUALIFICADO PELA TRAICAO, DE EMBOSCADA, OU MEDIANTE DISSIMULACAO OU OUTRO RECURSO QUE DIFICULTE OU TORNE IMPOSSIVEL A DEFESA DO OFENDIDO, NA FORMA TENTADA, FEMINICIDIO, VIOLENCIA DOMESTICA E FAMILIAR REVOGADO","HOMICIDIO DOLOSO NA FORMA TENTADA, FATOS TIPICOS, FEMINICIDIO, VIOLENCIA DOMESTICA, FATOS TIPICOS, PROJETO ACOLHIDA, CRIMES VIOLENTOS LETAIS INTENCIONAIS",19/04/2017,21:15:00,MS,Três Lagoas,5008305,,FEMINICÍDIO TENTADO,True,True,False,2017,4
4386,1167/2017 - DEPAC-DDOS,"FEMINICIDIO, VIOLENCIA DOMESTICA E FAMILIAR REVOGADO","FEMINICIDIO, VIOLENCIA DOMESTICA, FATOS TIPICOS, PROJETO ACOLHIDA, CRIMES VIOLENTOS LETAIS INTENCIONAIS",26/03/2017,22:00:00,MS,Dourados,5003702,JARDIM FLORIDA,FEMINICÍDIO (LEGISLAÇÃO REVOGADA),False,True,False,2017,3
4392,1704/2017 - 1DEAM,"HOMICIDIO QUALIFICADO MEDIANTE PAGA OU PROMESSA DE RECOMPENSA, OU POR OUTRO MOTIVO TORPE, NA FORMA TENTADA, HOMICIDIO QUALIFICADO PELA TRAICAO, DE EMBOSCADA, OU MEDIANTE DISSIMULACAO OU OUTRO RECURSO QUE DIFICULTE OU TORNE IMPOSSIVEL A DEFESA DO OFENDIDO, NA FORMA TENTADA, FEMINICIDIO, VIOLENCIA DOMESTICA E FAMILIAR REVOGADO, FEMINICIDIO, VIOLENCIA DOMESTICA E FAMILIAR, NA FORMA TENTADA REVOGADO","FATOS TIPICOS, HOMICIDIO DOLOSO NA FORMA TENTADA, FATOS TIPICOS, FEMINICIDIO, VIOLENCIA DOMESTICA, FATOS TIPICOS, PROJETO ACOLHIDA, CRIMES VIOLENTOS LETAIS INTENCIONAIS, VIOLENCIA DOMESTICA, FATOS TIPICOS, FEMINICIDIO NA FORMA TENTADA",23/03/2017,14:45:00,MS,Campo Grande,5002704,MONTE CASTELO,FEMINICÍDIO TENTADO,True,True,False,2017,3
4399,578/2017 - 1DP-COXIM,"FEMINICIDIO, VIOLENCIA DOMESTICA E FAMILIAR REVOGADO","FEMINICIDIO, VIOLENCIA DOMESTICA, FATOS TIPICOS, PROJETO ACOLHIDA, CRIMES VIOLENTOS LETAIS INTENCIONAIS",20/03/2017,00:30:00,MS,Coxim,5003306,NOVA COXIM,FEMINICÍDIO (LEGISLAÇÃO REVOGADA),False,True,False,2017,3
4451,1915/2017 - DEPAC-PIRATININGA-CG,"FEMINICIDIO, VIOLENCIA DOMESTICA E FAMILIAR REVOGADO","FEMINICIDIO, VIOLENCIA DOMESTICA, FATOS TIPICOS, PROJETO ACOLHIDA, CRIMES VIOLENTOS LETAIS INTENCIONAIS",13/02/2017,07:00:00,MS,Campo Grande,5002704,VILA MARCOS ROBERTO,FEMINICÍDIO (LEGISLAÇÃO REVOGADA),False,True,False,2017,2
4459,432/2017 - DEPAC-TL,"DESTRUICAO, SUBTRACAO OU OCULTACAO DE CADAVER, DESAPARECIMENTO DE PESSOA, FEMINICIDIO - REVOGADO","FATOS TIPICOS, FATOS ATIPICOS, FEMINICIDIO, CRIMES VIOLENTOS LETAIS INTENCIONAIS, PROJETO ACOLHIDA, FATOS TIPICOS",10/02/2017,10:00:00,MS,Três Lagoas,5008305,,FEMINICÍDIO (LEGISLAÇÃO REVOGADA),False,False,False,2017,2
4483,229/2017 - DP-MARACAJU,FEMINICIDIO - REVOGADO,"FEMINICIDIO, CRIMES VIOLENTOS LETAIS INTENCIONAIS, PROJETO ACOLHIDA, FATOS TIPICOS",31/01/2017,02:30:00,MS,Rio Brilhante,5007208,,FEMINICÍDIO (LEGISLAÇÃO REVOGADA),False,False,False,2017,1
4505,202/2017 - 1DP-PARANAIBA,"HOMICIDIO QUALIFICADO PELA TRAICAO, DE EMBOSCADA, OU MEDIANTE DISSIMULACAO OU OUTRO RECURSO QUE DIFICULTE OU TORNE IMPOSSIVEL A DEFESA DO OFENDIDO, FEMINICIDIO - REVOGADO","HOMICIDIO DOLOSO, CRIMES VIOLENTOS LETAIS INTENCIONAIS, PROJETO ACOLHIDA, FATOS TIPICOS, FATOS TIPICOS QUE RESULTAM EM MORTE, FEMINICIDIO, CRIMES VIOLENTOS LETAIS INTENCIONAIS, PROJETO ACOLHIDA, FATOS TIPICOS",18/01/2017,21:30:00,MS,Paranaíba,5006309,DE LOURDES,FEMINICÍDIO (LEGISLAÇÃO REVOGADA),False,False,False,2017,1
4534,7310/2016 - 1DEAM,"FEMINICIDIO, VIOLENCIA DOMESTICA E FAMILIAR REVOGADO","FEMINICIDIO, VIOLENCIA DOMESTICA, FATOS TIPICOS, PROJETO ACOLHIDA, CRIMES VIOLENTOS LETAIS INTENCIONAIS",29/12/2016,22:38:00,MS,Campo Grande,5002704,JARDIM VIDA NOVA,FEMINICÍDIO (LEGISLAÇÃO REVOGADA),False,True,False,2016,12
4535,2685/2016 - 1DP-COXIM,FEMINICIDIO - REVOGADO,"FEMINICIDIO, CRIMES VIOLENTOS LETAIS INTENCIONAIS, PROJETO ACOLHIDA, FATOS TIPICOS",29/12/2016,08:15:00,MS,Coxim,5003306,SENHOR DIVINO,FEMINICÍDIO (LEGISLAÇÃO REVOGADA),False,False,False,2016,12
4545,663/2016 - DP-SETE QUEDAS,"FEMINICIDIO, VIOLENCIA DOMESTICA E FAMILIAR REVOGADO","FEMINICIDIO, VIOLENCIA DOMESTICA, FATOS TIPICOS, PROJETO ACOLHIDA, CRIMES VIOLENTOS LETAIS INTENCIONAIS",24/12/2016,21:40:00,MS,Sete Quedas,5007703,CENTRO,FEMINICÍDIO (LEGISLAÇÃO REVOGADA),False,True,False,2016,12
4553,3874/2016 - 1DP-PARANAIBA,"POSSE IRREGULAR DE ARMA DE FOGO DE USO PERMITIDO, PERMITIR, CONFIAR OU ENTREGAR A DIREÇAO DE VEICULO AUTOMOTOR A PESSOA NAO HABILITADA, COM HABILITAÇAO CASSADA OU COM O DIREITO DE DIRIGIR SUSPENSO, OU, AINDA, A QUEM, POR SEU ESTADO DE SAUDE, FISICA OU MENTAL, OU POR EMBRIAGUEZ, NAO ESTEJA EM CONDIÇOES DE CONDUZI-LO COM SEGURANÇA, HOMICIDIO QUALIFICADO MEDIANTE PAGA OU PROMESSA DE RECOMPENSA, OU POR OUTRO MOTIVO TORPE, HOMICIDIO QUALIFICADO PELA TRAICAO, DE EMBOSCADA, OU MEDIANTE DISSIMULACAO OU OUTRO RECURSO QUE DIFICULTE OU TORNE IMPOSSIVEL A DEFESA DO OFENDIDO, CORROMPER OU FACILITAR A CORRUPCAO DE MENOR DE 18 (DEZOITO) ANOS, COM ELE PRATICANDO INFRACAO PENAL OU INDUZINDO-O A PRATICA-LA, FEMINICIDIO, VIOLENCIA DOMESTICA E FAMILIAR REVOGADO","FATOS TIPICOS, PORTE E POSSE DE ARMA DE FOGO, CRIMES DE TRANSITO (ART. 304 AO 312 DA LEI 9.503/97), FATOS TIPICOS, FATOS TIPICOS QUE RESULTAM EM MORTE, PROJETO ACOLHIDA, FATOS TIPICOS, CRIMES VIOLENTOS LETAIS INTENCIONAIS, HOMICIDIO DOLOSO, HOMICIDIO DOLOSO, CRIMES VIOLENTOS LETAIS INTENCIONAIS, PROJETO ACOLHIDA, FATOS TIPICOS, FATOS TIPICOS QUE RESULTAM EM MORTE, CORRUPCAO DE MENOR, FATOS TIPICOS, FEMINICIDIO, VIOLENCIA DOMESTICA, FATOS TIPICOS, PROJETO ACOLHIDA, CRIMES VIOLENTOS LETAIS INTENCIONAIS",17/12/2016,22:00:00,MS,Paranaíba,5006309,SANTO ANTONIO,FEMINICÍDIO (LEGISLAÇÃO REVOGADA),False,True,False,2016,12
4558,1303/2016 - 2DP-PONTA PORA,FEMINICIDIO - REVOGADO,"FEMINICIDIO, CRIMES VIOLENTOS LETAIS INTENCIONAIS, PROJETO ACOLHIDA, FATOS TIPICOS",14/12/2016,09:10:00,MS,Ponta Porã,5006606,SAO DOMINGOS,FEMINICÍDIO (LEGISLAÇÃO REVOGADA),False,False,False,2016,12
4573,4187/2016 - DEPAC-TL,FEMINICIDIO - REVOGADO,"FEMINICIDIO, CRIMES VIOLENTOS LETAIS INTENCIONAIS, PROJETO ACOLHIDA, FATOS TIPICOS",04/12/2016,14:10:00,MS,Três Lagoas,5008305,JARDIM DAS OLIVEIRAS,FEMINICÍDIO (LEGISLAÇÃO REVOGADA),False,False,False,2016,12
4632,6263/2016 - 1DEAM,"EXPOR A PERIGO A INTEGRIDADE E A SAUDE, FISICA OU PSIQUICA, DA PESSOA IDOSA, SUBMETENDO-A A CONDIÇOES DESUMANAS OU DEGRADANTES OU PRIVANDO-A DE ALIMENTOS E CUIDADOS INDISPENSAVEIS, QUANDO OBRIGADO A FAZE-LO, OU SUJEITANDO-A A TRABALHO EXCESSIVO OU INADEQUADO, SE RESULTA MORTE, FEMINICIDIO, VIOLENCIA DOMESTICA E FAMILIAR REVOGADO","FATOS TIPICOS QUE RESULTAM EM MORTE, FATOS TIPICOS, ESTATUTO DO IDOSO, FEMINICIDIO, VIOLENCIA DOMESTICA, FATOS TIPICOS, PROJETO ACOLHIDA, CRIMES VIOLENTOS LETAIS INTENCIONAIS",10/11/2016,16:30:00,MS,Campo Grande,5002704,,FEMINICÍDIO (LEGISLAÇÃO REVOGADA),False,True,False,2016,11
4638,820/2016 - DP-CAMAPUÃ,"FEMINICIDIO MAJORADO, SE PRATICADO CONTRA PESSOA MAIOR DE 60 (SESSENTA) ANOS, COM DEFICIENCIA OU COM DOENÇAS DEGENERATIVAS QUE ACARRETEM CONDIÇAO LIMITANTE OU DE VULNERABILIDADE FISICA OU MENTAL - REVOGADO","FEMINICIDIO, PROJETO ACOLHIDA, FATOS TIPICOS, CRIMES VIOLENTOS LETAIS INTENCIONAIS",05/11/2016,22:30:00,MS,Camapuã,5002605,VILA INDUSTRIAL,FEMINICÍDIO MAJORADO,False,False,False,2016,11
4675,15913/2016 - DEPAC-CENTRO-CG,FEMINICIDIO - REVOGADO,"FEMINICIDIO, CRIMES VIOLENTOS LETAIS INTENCIONAIS, PROJETO ACOLHIDA, FATOS TIPICOS",16/10/2016,18:00:00,MS,Campo Grande,5002704,VILA NOSSA SENHORA DAS GRACAS,FEMINICÍDIO (LEGISLAÇÃO REVOGADA),False,False,False,2016,10
4679,5709/2016 - 1DEAM,"FEMINICIDIO, VIOLENCIA DOMESTICA E FAMILIAR REVOGADO","FEMINICIDIO, VIOLENCIA DOMESTICA, FATOS TIPICOS, PROJETO ACOLHIDA, CRIMES VIOLENTOS LETAIS INTENCIONAIS",15/10/2016,19:43:00,MS,Campo Grande,5002704,VILA MORENINHA II,FEMINICÍDIO (LEGISLAÇÃO REVOGADA),False,True,False,2016,10
4683,759/2016 - DP-CAMAPUÃ,"FEMINICIDIO, VIOLENCIA DOMESTICA E FAMILIAR REVOGADO","FEMINICIDIO, VIOLENCIA DOMESTICA, FATOS TIPICOS, PROJETO ACOLHIDA, CRIMES VIOLENTOS LETAIS INTENCIONAIS",12/10/2016,15:10:00,MS,Figueirão,5003900,,FEMINICÍDIO (LEGISLAÇÃO REVOGADA),False,True,False,2016,10
4696,294/2016 - DAM-PONTA PORÃ,"FEMINICIDIO, VIOLENCIA DOMESTICA E FAMILIAR REVOGADO","FEMINICIDIO, VIOLENCIA DOMESTICA, FATOS TIPICOS, PROJETO ACOLHIDA, CRIMES VIOLENTOS LETAIS INTENCIONAIS",03/10/2016,06:30:00,MS,Ponta Porã,5006606,JARDIM AMERICA,FEMINICÍDIO (LEGISLAÇÃO REVOGADA),False,True,False,2016,10
4708,883/2016 - DP-RIBAS RIO PARDO,"FEMINICIDIO, VIOLENCIA DOMESTICA E FAMILIAR REVOGADO, FEMINICIDIO MAJORADO, SE PRATICADO NA PRESENÇA DE DESCENDENTE OU DE ASCENDENTE DA VITIMA - REVOGADO","FEMINICIDIO, VIOLENCIA DOMESTICA, FATOS TIPICOS, PROJETO ACOLHIDA, CRIMES VIOLENTOS LETAIS INTENCIONAIS, CRIMES VIOLENTOS LETAIS INTENCIONAIS, FATOS TIPICOS, FEMINICIDIO, PROJETO ACOLHIDA",24/09/2016,20:10:00,MS,Ribas Do Rio Pardo,5007109,,FEMINICÍDIO MAJORADO,False,True,False,2016,9
4734,326/2016 - DP-SANTA RITA PARDO,"FEMINICIDIO, VIOLENCIA DOMESTICA E FAMILIAR REVOGADO","FEMINICIDIO, VIOLENCIA DOMESTICA, FATOS TIPICOS, PROJETO ACOLHIDA, CRIMES VIOLENTOS LETAIS INTENCIONAIS",03/09/2016,21:30:00,MS,Santa Rita Do Pardo,5007554,NOVO HORIZONTE,FEMINICÍDIO (LEGISLAÇÃO REVOGADA),False,True,False,2016,9
4736,471/2016 - DP-SETE QUEDAS,FEMINICIDIO - REVOGADO,"FEMINICIDIO, CRIMES VIOLENTOS LETAIS INTENCIONAIS, PROJETO ACOLHIDA, FATOS TIPICOS",03/09/2016,04:50:00,MS,Sete Quedas,5007703,CENTRO,FEMINICÍDIO (LEGISLAÇÃO REVOGADA),False,False,False,2016,9
4743,13590/2016 - DEPAC-CENTRO-CG,"DESTRUICAO, SUBTRACAO OU OCULTACAO DE CADAVER, FEMINICIDIO, VIOLENCIA DOMESTICA E FAMILIAR REVOGADO","FATOS TIPICOS, FEMINICIDIO, VIOLENCIA DOMESTICA, FATOS TIPICOS, PROJETO ACOLHIDA, CRIMES VIOLENTOS LETAIS INTENCIONAIS",31/08/2016,20:30:00,MS,Campo Grande,5002704,VILA SANTA LUZIA,FEMINICÍDIO (LEGISLAÇÃO REVOGADA),False,True,False,2016,8
4749,1452/2016 - DP-CASSILÂNDIA,"FEMINICIDIO, VIOLENCIA DOMESTICA E FAMILIAR REVOGADO","FEMINICIDIO, VIOLENCIA DOMESTICA, FATOS TIPICOS, PROJETO ACOLHIDA, CRIMES VIOLENTOS LETAIS INTENCIONAIS",26/08/2016,15:00:00,MS,Cassilândia,5002902,CENTRO,FEMINICÍDIO (LEGISLAÇÃO REVOGADA),False,True,False,2016,8
4771,10112/2016 - DEPAC-PIRATININGA-CG,"FEMINICIDIO, VIOLENCIA DOMESTICA E FAMILIAR REVOGADO","FEMINICIDIO, VIOLENCIA DOMESTICA, FATOS TIPICOS, PROJETO ACOLHIDA, CRIMES VIOLENTOS LETAIS INTENCIONAIS",08/08/2016,03:30:00,MS,Campo Grande,5002704,PARQUE DO LAGEADO,FEMINICÍDIO (LEGISLAÇÃO REVOGADA),False,True,False,2016,8
4783,560/2016 - DAM-DOURADOS,"FEMINICIDIO, VIOLENCIA DOMESTICA E FAMILIAR REVOGADO","FEMINICIDIO, VIOLENCIA DOMESTICA, FATOS TIPICOS, PROJETO ACOLHIDA, CRIMES VIOLENTOS LETAIS INTENCIONAIS",01/08/2016,00:00:00,MS,Dourados,5003702,,FEMINICÍDIO (LEGISLAÇÃO REVOGADA),False,True,False,2016,8
4784,11784/2016 - DEPAC-CENTRO-CG,"HOMICIDIO SIMPLES, FEMINICIDIO, VIOLENCIA DOMESTICA E FAMILIAR, NA FORMA TENTADA REVOGADO","FATOS TIPICOS, CRIMES VIOLENTOS LETAIS INTENCIONAIS, HOMICIDIO DOLOSO, FATOS TIPICOS QUE RESULTAM EM MORTE, PROJETO ACOLHIDA, VIOLENCIA DOMESTICA, FATOS TIPICOS, FEMINICIDIO NA FORMA TENTADA",31/07/2016,18:40:00,MS,Campo Grande,5002704,CONJUNTO RESIDENCIAL MATA DO JACINTO,FEMINICÍDIO TENTADO,True,True,False,2016,7
4834,416/2016 - DAM-TRÊS LAGOAS,"FEMINICIDIO, VIOLENCIA DOMESTICA E FAMILIAR REVOGADO","FEMINICIDIO, VIOLENCIA DOMESTICA, FATOS TIPICOS, PROJETO ACOLHIDA, CRIMES VIOLENTOS LETAIS INTENCIONAIS",29/06/2016,09:00:00,MS,Três Lagoas,5008305,NOVO IPANEMA,FEMINICÍDIO (LEGISLAÇÃO REVOGADA),False,True,False,2016,6
4838,287/2016 - DP-PEDRO GOMES,"FEMINICIDIO, VIOLENCIA DOMESTICA E FAMILIAR REVOGADO","FEMINICIDIO, VIOLENCIA DOMESTICA, FATOS TIPICOS, PROJETO ACOLHIDA, CRIMES VIOLENTOS LETAIS INTENCIONAIS",28/06/2016,22:20:00,MS,Pedro Gomes,5006408,VILA NOVA ERA,FEMINICÍDIO (LEGISLAÇÃO REVOGADA),False,True,False,2016,6
4872,206/2016 - DP-ANAURILÂNDIA,"FEMINICIDIO, VIOLENCIA DOMESTICA E FAMILIAR REVOGADO","FEMINICIDIO, VIOLENCIA DOMESTICA, FATOS TIPICOS, PROJETO ACOLHIDA, CRIMES VIOLENTOS LETAIS INTENCIONAIS",04/06/2016,20:00:00,MS,Anaurilândia,5000807,VILA QUEBRACHO,FEMINICÍDIO (LEGISLAÇÃO REVOGADA),False,True,False,2016,6
4883,173/2016 - DP-JUTI,FEMINICIDIO - REVOGADO,"FEMINICIDIO, CRIMES VIOLENTOS LETAIS INTENCIONAIS, PROJETO ACOLHIDA, FATOS TIPICOS",29/05/2016,23:00:00,MS,Juti,5005152,CENTRO,FEMINICÍDIO (LEGISLAÇÃO REVOGADA),False,False,False,2016,5
4895,898/2016 - 1DP-BATAGUASSU,FEMINICIDIO - REVOGADO,"FEMINICIDIO, CRIMES VIOLENTOS LETAIS INTENCIONAIS, PROJETO ACOLHIDA, FATOS TIPICOS",21/05/2016,23:40:00,MS,Bataguassu,5001904,CENTRO,FEMINICÍDIO (LEGISLAÇÃO REVOGADA),False,False,False,2016,5
4925,461/2016 - DP-ANASTACIO,"HOMICIDIO QUALIFICADO POR MOTIVO FUTIL, HOMICIDIO QUALIFICADO COM EMPREGO DE VENENO, FOGO, EXPLOSIVO, ASFIXIA, TORTURA OU OUTRO MEIO INSIDIOSO, FEMINICIDIO - REVOGADO","HOMICIDIO DOLOSO, FATOS TIPICOS QUE RESULTAM EM MORTE, CRIMES VIOLENTOS LETAIS INTENCIONAIS, PROJETO ACOLHIDA, FATOS TIPICOS, CRIMES VIOLENTOS LETAIS INTENCIONAIS, FATOS TIPICOS QUE RESULTAM EM MORTE, HOMICIDIO DOLOSO, PROJETO ACOLHIDA, FATOS TIPICOS, FEMINICIDIO, CRIMES VIOLENTOS LETAIS INTENCIONAIS, PROJETO ACOLHIDA, FATOS TIPICOS",01/05/2016,03:50:00,MS,Anastácio,5000708,,FEMINICÍDIO (LEGISLAÇÃO REVOGADA),False,False,False,2016,5
4944,2372/2016 - 1DEAM,"FEMINICIDIO, VIOLENCIA DOMESTICA E FAMILIAR REVOGADO","FEMINICIDIO, VIOLENCIA DOMESTICA, FATOS TIPICOS, PROJETO ACOLHIDA, CRIMES VIOLENTOS LETAIS INTENCIONAIS",22/04/2016,02:00:00,MS,Campo Grande,5002704,JARDIM AERO RANCHO,FEMINICÍDIO (LEGISLAÇÃO REVOGADA),False,True,False,2016,4
4948,154/2016 - DP-TACURU,"FEMINICIDIO, VIOLENCIA DOMESTICA E FAMILIAR REVOGADO","FEMINICIDIO, VIOLENCIA DOMESTICA, FATOS TIPICOS, PROJETO ACOLHIDA, CRIMES VIOLENTOS LETAIS INTENCIONAIS",20/04/2016,23:00:00,MS,Tacuru,5007950,,FEMINICÍDIO (LEGISLAÇÃO REVOGADA),False,True,False,2016,4
4973,95/2016 - DAM-NOVA ANDRADINA,"FEMINICIDIO, VIOLENCIA DOMESTICA E FAMILIAR REVOGADO","FEMINICIDIO, VIOLENCIA DOMESTICA, FATOS TIPICOS, PROJETO ACOLHIDA, CRIMES VIOLENTOS LETAIS INTENCIONAIS",08/04/2016,17:40:00,MS,Nova Andradina,5006200,,FEMINICÍDIO (LEGISLAÇÃO REVOGADA),False,True,False,2016,4
4975,516/2016 - DP-AMAMBAI,"FEMINICIDIO, VIOLENCIA DOMESTICA E FAMILIAR REVOGADO","FEMINICIDIO, VIOLENCIA DOMESTICA, FATOS TIPICOS, PROJETO ACOLHIDA, CRIMES VIOLENTOS LETAIS INTENCIONAIS",06/04/2016,18:00:00,MS,Amambai,5000609,,FEMINICÍDIO (LEGISLAÇÃO REVOGADA),False,True,False,2016,4
5054,30/2016 - DP-CARACOL,"SUICIDIO (TENTATIVA), FEMINICIDIO - REVOGADO","FEMINICIDIO, CRIMES VIOLENTOS LETAIS INTENCIONAIS, PROJETO ACOLHIDA, FATOS TIPICOS",23/02/2016,16:29:00,MS,Caracol,5002803,CENTRO,FEMINICÍDIO TENTADO,True,False,False,2016,2
5063,213/2016 - DP-BONITO,"FEMINICIDIO, VIOLENCIA DOMESTICA E FAMILIAR REVOGADO","FEMINICIDIO, VIOLENCIA DOMESTICA, FATOS TIPICOS, PROJETO ACOLHIDA, CRIMES VIOLENTOS LETAIS INTENCIONAIS",15/02/2016,00:00:00,MS,Bonito,5002209,JARDIM ANDREIA,FEMINICÍDIO (LEGISLAÇÃO REVOGADA),False,True,False,2016,2
5079,466/2016 - 1DP-NAVIRAÍ,"FEMINICIDIO, VIOLENCIA DOMESTICA E FAMILIAR REVOGADO","FEMINICIDIO, VIOLENCIA DOMESTICA, FATOS TIPICOS, PROJETO ACOLHIDA, CRIMES VIOLENTOS LETAIS INTENCIONAIS",07/02/2016,02:30:00,MS,Navirai,5005707,RESIDENCIAL SOL NASCENTE,FEMINICÍDIO (LEGISLAÇÃO REVOGADA),False,True,False,2016,2
5124,32/2016 - DP-NIOAQUE,"SUICIDIO, FEMINICIDIO, VIOLENCIA DOMESTICA E FAMILIAR REVOGADO","MORTE DECORRENTE DE FATO ATIPICO, FEMINICIDIO, VIOLENCIA DOMESTICA, FATOS TIPICOS, PROJETO ACOLHIDA, CRIMES VIOLENTOS LETAIS INTENCIONAIS",17/01/2016,14:00:00,MS,Nioaque,5005806,,FEMINICÍDIO (LEGISLAÇÃO REVOGADA),False,True,False,2016,1
5143,85/2016 - 1DEAM,"FEMINICIDIO, VIOLENCIA DOMESTICA E FAMILIAR REVOGADO","FEMINICIDIO, VIOLENCIA DOMESTICA, FATOS TIPICOS, PROJETO ACOLHIDA, CRIMES VIOLENTOS LETAIS INTENCIONAIS",05/01/2016,16:45:00,MS,Campo Grande,5002704,CONJUNTO AERO RANCHO,FEMINICÍDIO (LEGISLAÇÃO REVOGADA),False,True,False,2016,1
