_id,Nº/ANO,FATO,FATO AGRUPADO,DATA DO FATO,HORA DO FATO,UF,MUNICÍPIO,CÓDIGO IBGE,BAIRRO,SUBTIPO_VIOLENCIA_DOMESTICA,TENTADO,ENVOLVE_VD,DESC_MEDIDA_PROTETIVA,ANO,MES
40,236/2026 - DP-BELA VISTA,"HOMICIDIO SIMPLES, LESAO CORPORAL DOLOSA (VIOLENCIA DOMESTICA)","FATOS TIPICOS, CRIMES VIOLENTOS LETAIS INTENCIONAIS, HOMICIDIO DOLOSO, FATOS TIPICOS QUE RESULTAM EM MORTE, PROJETO ACOLHIDA, DOS CRIMES CONTRA A PESSOA, LESAO CORPORAL DOLOSA, VIOLENCIA DOMESTICA, FATOS TIPICOS",26/03/2026,23:00:00,MS,Bela Vista,5002100,,VIOLENCIA DOMESTICA,False,True,False,2026,3
76,537/2026 - 1DP-PONTA PORÃ,"HOMICIDIO QUALIFICADO, PARA ASSEGURAR A EXECUCAO, A OCULTACAO, A IMPUNIDADE OU VANTAGEM DE OUTRO CRIME, NA FORMA TENTADA, FEMINICIDIO, VIOLENCIA DOMESTICA E FAMILIAR, NA FORMA TENTADA, FEMINICIDIO, NA PRESENÇA FISICA OU VIRTUAL DE DESCENDENTE OU DE ASCENDENTE DA VITIMA","FATOS TIPICOS, VIOLENCIA DOMESTICA, FEMINICIDIO NA FORMA TENTADA, FATOS TIPICOS, CRIMES VIOLENTOS LETAIS INTENCIONAIS, FEMINICIDIO, FATOS TIPICOS, PROJETO ACOLHIDA",03/03/2026,17:34:00,MS,Ponta Porã,5006606,VILA RENO,VIOLENCIA DOMESTICA TENTADO,True,True,False,2026,3
176,1586/2025 - DP-RIBAS RIO PARDO,"DESCUMPRIR DECISAO JUDICIAL QUE DEFERE MEDIDAS PROTETIVAS DE URGENCIA PREVISTAS NESTA LEI, FEMINICIDIO, VIOLENCIA DOMESTICA E FAMILIAR","FATOS TIPICOS, CRIMES VIOLENTOS LETAIS INTENCIONAIS, FEMINICIDIO, PROJETO ACOLHIDA, FATOS TIPICOS, VIOLENCIA DOMESTICA",14/12/2025,01:17:00,MS,Ribas Do Rio Pardo,5007109,,VIOLENCIA DOMESTICA,False,True,True,2025,12
181,8564/2025 - 1DEAM,"VILIPENDIO A CADAVER, LESAO CORPORAL, SE A LESAO FOR PRATICADA CONTRA A MULHER, POR RAZOES DA CONDIÇAO DO SEXO FEMININO (VIOLENCIA DOMESTICA), FEMINICIDIO","FATOS TIPICOS, VIOLENCIA DOMESTICA, FATOS TIPICOS, DOS CRIMES CONTRA A PESSOA, CRIMES VIOLENTOS LETAIS INTENCIONAIS, FEMINICIDIO, PROJETO ACOLHIDA, FATOS TIPICOS",08/12/2025,08:00:00,MS,Campo Grande,5002704,VILA TAVEIROPOLIS,VIOLENCIA DOMESTICA,False,True,False,2025,12
230,1258/2025 - 1DP-JARDIM,"FEMINICIDIO, VIOLENCIA DOMESTICA E FAMILIAR","CRIMES VIOLENTOS LETAIS INTENCIONAIS, FEMINICIDIO, PROJETO ACOLHIDA, FATOS TIPICOS, VIOLENCIA DOMESTICA",04/11/2025,20:00:00,MS,Jardim,5005004,SANTA LUZIA,VIOLENCIA DOMESTICA,False,True,False,2025,11
239,7534/2025 - 1DEAM,"RESISTENCIA, DESOBEDIENCIA, OMISSAO DE SOCORRO, QUALIFICADA SE RESULTA MORTE, FEMINICIDIO, VIOLENCIA DOMESTICA E FAMILIAR","FATOS TIPICOS, FATOS TIPICOS, FATOS TIPICOS, CRIMES VIOLENTOS LETAIS INTENCIONAIS, FEMINICIDIO, PROJETO ACOLHIDA, FATOS TIPICOS, VIOLENCIA DOMESTICA",28/10/2025,20:21:00,MS,Campo Grande,5002704,JARDIM COLUMBIA,VIOLENCIA DOMESTICA,False,True,False,2025,10
304,225/2025 - DP-DOIS IRMAOS,"FEMINICIDIO, VIOLENCIA DOMESTICA E FAMILIAR","CRIMES VIOLENTOS LETAIS INTENCIONAIS, FEMINICIDIO, PROJETO ACOLHIDA, FATOS TIPICOS, VIOLENCIA DOMESTICA",08/09/2025,02:00:00,MS,Dois Irmãos Do Buriti,5003488,CENTRO,VIOLENCIA DOMESTICA,False,True,False,2025,9
333,1192/2025 - 1DP-BATAGUASSU,"SEQUESTRO E CARCERE PRIVADO, FEMINICIDIO, VIOLENCIA DOMESTICA E FAMILIAR","FATOS TIPICOS, SEQUESTRO E CARCERE PRIVADO, CRIMES VIOLENTOS LETAIS INTENCIONAIS, FEMINICIDIO, PROJETO ACOLHIDA, FATOS TIPICOS, VIOLENCIA DOMESTICA",22/08/2025,20:00:00,MS,Bataguassu,5001904,JARDIM REAL,VIOLENCIA DOMESTICA,False,True,False,2025,8
350,552/2025 - DP-BELA VISTA,"DESTRUICAO, SUBTRACAO OU OCULTACAO DE CADAVER, ESTUPRO, FEMINICIDIO, VIOLENCIA DOMESTICA E FAMILIAR","FATOS TIPICOS, FATOS TIPICOS, ESTUPRO, CRIMES VIOLENTOS LETAIS INTENCIONAIS, FEMINICIDIO, PROJETO ACOLHIDA, FATOS TIPICOS, VIOLENCIA DOMESTICA",08/08/2025,19:00:00,MS,Bela Vista,5002100,,VIOLENCIA DOMESTICA,False,True,False,2025,8
356,976/2025 - DP-RIBAS RIO PARDO,"SUICIDIO, FEMINICIDIO, VIOLENCIA DOMESTICA E FAMILIAR REVOGADO","MORTE DECORRENTE DE FATO ATIPICO, FEMINICIDIO, VIOLENCIA DOMESTICA, FATOS TIPICOS, PROJETO ACOLHIDA, CRIMES VIOLENTOS LETAIS INTENCIONAIS",31/07/2025,15:40:00,MS,Ribas Do Rio Pardo,5007109,CENTRO,VIOLENCIA DOMESTICA (LEGISLAÇÃO REVOGADA),False,True,False,2025,7
357,5722/2025 - DEPAC-DDOS,"LESAO CORPORAL DOLOSA (VIOLENCIA DOMESTICA), HOMICIDIO QUALIFICADO COM EMPREGO DE VENENO, FOGO, EXPLOSIVO, ASFIXIA, TORTURA OU OUTRO MEIO INSIDIOSO","DOS CRIMES CONTRA A PESSOA, LESAO CORPORAL DOLOSA, VIOLENCIA DOMESTICA, FATOS TIPICOS, CRIMES VIOLENTOS LETAIS INTENCIONAIS, FATOS TIPICOS QUE RESULTAM EM MORTE, HOMICIDIO DOLOSO, PROJETO ACOLHIDA, FATOS TIPICOS",30/07/2025,22:29:00,MS,Dourados,5003702,,VIOLENCIA DOMESTICA,False,True,False,2025,7
366,1615/2025 - 1DP-NAVIRAÍ,"LESAO CORPORAL DOLOSA, FEMINICIDIO, VIOLENCIA DOMESTICA E FAMILIAR REVOGADO, FEMINICIDIO","LESAO CORPORAL DOLOSA, FATOS TIPICOS, FEMINICIDIO, VIOLENCIA DOMESTICA, FATOS TIPICOS, PROJETO ACOLHIDA, CRIMES VIOLENTOS LETAIS INTENCIONAIS, CRIMES VIOLENTOS LETAIS INTENCIONAIS, FEMINICIDIO, PROJETO ACOLHIDA, FATOS TIPICOS",25/07/2025,22:31:00,MS,Navirai,5005707,RESIDENCIAL SOL NASCENTE,VIOLENCIA DOMESTICA (LEGISLAÇÃO REVOGADA),False,True,False,2025,7
374,175/2025 - DP-DOIS IRMAOS,"HOMICIDIO QUALIFICADO COM EMPREGO DE VENENO, FOGO, EXPLOSIVO, ASFIXIA, TORTURA OU OUTRO MEIO INSIDIOSO, NA FORMA TENTADA, A PENA DO HOMICIDIO CONTRA MENOR DE 14 (QUATORZE) ANOS É AUMENTADA DE 2/3 (DOIS TERÇOS) SE O AUTOR É ASCENDENTE, PADRASTO OU MADRASTA, TIO, IRMAO, CONJUGE, COMPANHEIRO, TUTOR, CURADOR, PRECEPTOR OU EMPREGADOR DA VITIMA OU POR QUALQUER OUTRO TITULO TIVER AUTORIDADE SOBRE ELA, PEDIDO DE MEDIDA PROTETIVA DE URGENCIA-MPU (VIOLENCIA DOMESTICA)","FATOS TIPICOS, HOMICIDIO DOLOSO NA FORMA TENTADA, FATOS TIPICOS QUE RESULTAM EM MORTE, PROJETO ACOLHIDA, CRIMES VIOLENTOS LETAIS INTENCIONAIS, HOMICIDIO DOLOSO, FATOS ATIPICOS",20/07/2025,12:00:00,MS,Dois Irmãos Do Buriti,5003488,CENTRO,VIOLENCIA DOMESTICA TENTADO,True,True,True,2025,7
386,229/2025 - DP-GLÓRIA DOURADOS,"FEMINICIDIO, VIOLENCIA DOMESTICA E FAMILIAR REVOGADO","FEMINICIDIO, VIOLENCIA DOMESTICA, FATOS TIPICOS, PROJETO ACOLHIDA, CRIMES VIOLENTOS LETAIS INTENCIONAIS",03/07/2025,20:20:00,MS,Glória De Dourados,5004007,CENTRO,VIOLENCIA DOMESTICA (LEGISLAÇÃO REVOGADA),False,True,False,2025,7
397,1075/2025 - DP-COSTA RICA,"FEMINICIDIO, VIOLENCIA DOMESTICA E FAMILIAR REVOGADO","FEMINICIDIO, VIOLENCIA DOMESTICA, FATOS TIPICOS, PROJETO ACOLHIDA, CRIMES VIOLENTOS LETAIS INTENCIONAIS",27/06/2025,19:00:00,MS,Costa Rica,5003256,CENTRO,VIOLENCIA DOMESTICA (LEGISLAÇÃO REVOGADA),False,True,False,2025,6
405,964/2025 - DP-MARACAJU,"FEMINICIDIO, VIOLENCIA DOMESTICA E FAMILIAR REVOGADO","FEMINICIDIO, VIOLENCIA DOMESTICA, FATOS TIPICOS, PROJETO ACOLHIDA, CRIMES VIOLENTOS LETAIS INTENCIONAIS",20/06/2025,23:39:00,MS,Maracaju,5005400,VILA JUQUITA,VIOLENCIA DOMESTICA (LEGISLAÇÃO REVOGADA),False,True,False,2025,6
406,741/2025 - DP-NOVA ALVORADA,"SUICIDIO, FEMINICIDIO, VIOLENCIA DOMESTICA E FAMILIAR REVOGADO, FEMINICIDIO, VIOLENCIA DOMESTICA E FAMILIAR, NA FORMA TENTADA REVOGADO","MORTE DECORRENTE DE FATO ATIPICO, FEMINICIDIO, VIOLENCIA DOMESTICA, FATOS TIPICOS, PROJETO ACOLHIDA, CRIMES VIOLENTOS LETAIS INTENCIONAIS, VIOLENCIA DOMESTICA, FATOS TIPICOS, FEMINICIDIO NA FORMA TENTADA",18/06/2025,21:50:00,MS,Nova Alvorada Do Sul,5006002,CENTRO,VIOLENCIA DOMESTICA TENTADO,True,True,False,2025,6
432,217/2025 - DP-CORONEL SAPUCAIA,"FEMINICIDIO, VIOLENCIA DOMESTICA E FAMILIAR REVOGADO","FEMINICIDIO, VIOLENCIA DOMESTICA, FATOS TIPICOS, PROJETO ACOLHIDA, CRIMES VIOLENTOS LETAIS INTENCIONAIS",23/05/2025,00:16:00,MS,Coronel Sapucaia,5003157,,VIOLENCIA DOMESTICA (LEGISLAÇÃO REVOGADA),False,True,False,2025,5
434,190/2025 - DP-ANGELICA,"LESAO CORPORAL DOLOSA (VIOLENCIA DOMESTICA), FEMINICIDIO - REVOGADO","DOS CRIMES CONTRA A PESSOA, LESAO CORPORAL DOLOSA, VIOLENCIA DOMESTICA, FATOS TIPICOS, FEMINICIDIO, CRIMES VIOLENTOS LETAIS INTENCIONAIS, PROJETO ACOLHIDA, FATOS TIPICOS",21/05/2025,20:00:00,MS,Angélica,5000856,CENTRO,VIOLENCIA DOMESTICA (LEGISLAÇÃO REVOGADA),False,True,False,2025,5
489,403/2025 - DP-AMAMBAI,"LESAO CORPORAL DOLOSA (VIOLENCIA DOMESTICA), HOMICIDIO QUALIFICADO POR MOTIVO FUTIL, AMEACA (VIOLENCIA DOMESTICA)","DOS CRIMES CONTRA A PESSOA, LESAO CORPORAL DOLOSA, VIOLENCIA DOMESTICA, FATOS TIPICOS, HOMICIDIO DOLOSO, FATOS TIPICOS QUE RESULTAM EM MORTE, CRIMES VIOLENTOS LETAIS INTENCIONAIS, PROJETO ACOLHIDA, FATOS TIPICOS, VIOLENCIA DOMESTICA, FATOS TIPICOS, AMEAÇA",31/03/2025,12:00:00,MS,Amambai,5000609,NOSSA SENHORA APARECIDA,VIOLENCIA DOMESTICA,False,True,False,2025,3
529,456/2025 - 1DP-NAVIRAÍ,"INCENDIO, POSSE IRREGULAR DE ARMA DE FOGO DE USO PERMITIDO, HOMICIDIO QUALIFICADO COM EMPREGO DE VENENO, FOGO, EXPLOSIVO, ASFIXIA, TORTURA OU OUTRO MEIO INSIDIOSO, HOMICIDIO QUALIFICADO COM EMPREGO DE VENENO, FOGO, EXPLOSIVO, ASFIXIA, TORTURA OU OUTRO MEIO INSIDIOSO, NA FORMA TENTADA, LESAO CORPORAL, SE A LESAO FOR PRATICADA CONTRA A MULHER, POR RAZOES DA CONDIÇAO DO SEXO FEMININO (VIOLENCIA DOMESTICA)","FATOS TIPICOS, INCENDIO, FATOS TIPICOS, PORTE E POSSE DE ARMA DE FOGO, CRIMES VIOLENTOS LETAIS INTENCIONAIS, FATOS TIPICOS QUE RESULTAM EM MORTE, HOMICIDIO DOLOSO, PROJETO ACOLHIDA, FATOS TIPICOS, FATOS TIPICOS, HOMICIDIO DOLOSO NA FORMA TENTADA, VIOLENCIA DOMESTICA, FATOS TIPICOS, DOS CRIMES CONTRA A PESSOA",06/03/2025,13:30:00,MS,Navirai,5005707,,VIOLENCIA DOMESTICA TENTADO,True,True,False,2025,3
531,1660/2025 - DEPAC-DDOS,"LESAO CORPORAL DOLOSA (VIOLENCIA DOMESTICA), HOMICIDIO QUALIFICADO POR MOTIVO FUTIL, HOMICIDIO QUALIFICADO PELA TRAICAO, DE EMBOSCADA, OU MEDIANTE DISSIMULACAO OU OUTRO RECURSO QUE DIFICULTE OU TORNE IMPOSSIVEL A DEFESA DO OFENDIDO, AMEACA (VIOLENCIA DOMESTICA)","DOS CRIMES CONTRA A PESSOA, LESAO CORPORAL DOLOSA, VIOLENCIA DOMESTICA, FATOS TIPICOS, HOMICIDIO DOLOSO, FATOS TIPICOS QUE RESULTAM EM MORTE, CRIMES VIOLENTOS LETAIS INTENCIONAIS, PROJETO ACOLHIDA, FATOS TIPICOS, HOMICIDIO DOLOSO, CRIMES VIOLENTOS LETAIS INTENCIONAIS, PROJETO ACOLHIDA, FATOS TIPICOS, FATOS TIPICOS QUE RESULTAM EM MORTE, VIOLENCIA DOMESTICA, FATOS TIPICOS, AMEAÇA",04/03/2025,20:38:00,MS,Dourados,5003702,JARDIM INDEPENDENCIA,VIOLENCIA DOMESTICA,False,True,False,2025,3
533,1616/2025 - 1DEAM,"HOMICIDIO QUALIFICADO COM EMPREGO DE VENENO, FOGO, EXPLOSIVO, ASFIXIA, TORTURA OU OUTRO MEIO INSIDIOSO, NA FORMA TENTADA, FEMINICIDIO, VIOLENCIA DOMESTICA E FAMILIAR REVOGADO","FATOS TIPICOS, HOMICIDIO DOLOSO NA FORMA TENTADA, FEMINICIDIO, VIOLENCIA DOMESTICA, FATOS TIPICOS, PROJETO ACOLHIDA, CRIMES VIOLENTOS LETAIS INTENCIONAIS",01/03/2025,17:19:00,MS,Campo Grande,5002704,JARDIM AERO RANCHO,VIOLENCIA DOMESTICA TENTADO,True,True,False,2025,3
546,1124/2025 - 1DEAM,"SEQUESTRO E CARCERE PRIVADO, HOMICIDIO SIMPLES NA FORMA TENTADA, FEMINICIDIO, VIOLENCIA DOMESTICA E FAMILIAR REVOGADO, VIOLENCIA PSICOLOGICA CONTRA A MULHER","FATOS TIPICOS, SEQUESTRO E CARCERE PRIVADO, HOMICIDIO DOLOSO NA FORMA TENTADA, FATOS TIPICOS, FEMINICIDIO, VIOLENCIA DOMESTICA, FATOS TIPICOS, PROJETO ACOLHIDA, CRIMES VIOLENTOS LETAIS INTENCIONAIS, FATOS TIPICOS",12/02/2025,17:33:00,MS,Campo Grande,5002704,MONTE CASTELO,VIOLENCIA DOMESTICA TENTADO,True,True,False,2025,2
553,70/2025 - DP-SONORA,"HOMICIDIO SIMPLES, AMEACA (VIOLENCIA DOMESTICA)","FATOS TIPICOS, CRIMES VIOLENTOS LETAIS INTENCIONAIS, HOMICIDIO DOLOSO, FATOS TIPICOS QUE RESULTAM EM MORTE, PROJETO ACOLHIDA, VIOLENCIA DOMESTICA, FATOS TIPICOS, AMEAÇA",09/02/2025,20:30:00,MS,Sonora,5007935,,VIOLENCIA DOMESTICA,False,True,False,2025,2
578,102/2025 - 1DP-JARDIM,"PORTE ILEGAL DE ARMA DE FOGO DE USO PERMITIDO, HOMICIDIO QUALIFICADO POR MOTIVO FUTIL, INJURIA QUALIFICADA PELA RAÇA, COR ETNIA OU ORIGEM, AMEACA (VIOLENCIA DOMESTICA), VIAS DE FATO (VIOLENCIA DOMESTICA)","FATOS TIPICOS, PORTE E POSSE DE ARMA DE FOGO, HOMICIDIO DOLOSO, FATOS TIPICOS QUE RESULTAM EM MORTE, CRIMES VIOLENTOS LETAIS INTENCIONAIS, PROJETO ACOLHIDA, FATOS TIPICOS, INJURIA, FATOS TIPICOS, INJURIA POR DISCRIMINAÇÃO (ART. 140, § 3 DO CP), VIOLENCIA DOMESTICA, FATOS TIPICOS, AMEAÇA, VIAS DE FATO, FATOS TIPICOS, DAS CONTRAVENCOES PENAIS, VIOLENCIA DOMESTICA",25/01/2025,15:30:00,MS,Nioaque,5005806,,VIOLENCIA DOMESTICA,False,True,False,2025,1
579,818/2025 - DEPAC-CEPOL-CG,"HOMICIDIO SIMPLES, LESAO CORPORAL DOLOSA (VIOLENCIA DOMESTICA)","FATOS TIPICOS, CRIMES VIOLENTOS LETAIS INTENCIONAIS, HOMICIDIO DOLOSO, FATOS TIPICOS QUE RESULTAM EM MORTE, PROJETO ACOLHIDA, DOS CRIMES CONTRA A PESSOA, LESAO CORPORAL DOLOSA, VIOLENCIA DOMESTICA, FATOS TIPICOS",25/01/2025,05:34:00,MS,Campo Grande,5002704,JARDIM PENFIGO,VIOLENCIA DOMESTICA,False,True,False,2025,1
583,570/2025 - DEPAC-DDOS,"FEMINICIDIO, VIOLENCIA DOMESTICA E FAMILIAR, NA FORMA TENTADA REVOGADO, HOMICIDIO QUALIFICADO COM EMPREGO DE ARMA DE FOGO DE USO RESTRITO OU PROIBIDO","VIOLENCIA DOMESTICA, FATOS TIPICOS, FEMINICIDIO NA FORMA TENTADA, HOMICIDIO DOLOSO, CRIMES VIOLENTOS LETAIS INTENCIONAIS, PROJETO ACOLHIDA, FATOS TIPICOS",22/01/2025,20:00:00,MS,Dourados,5003702,VILA MATOS,VIOLENCIA DOMESTICA TENTADO,True,True,False,2025,1
628,1120/2024 - DP-NOVA ALVORADA,"FEMINICIDIO MAJORADO, SE PRATICADO NA PRESENÇA DE DESCENDENTE OU DE ASCENDENTE DA VITIMA - REVOGADO, FEMINICIDIO, VIOLENCIA DOMESTICA E FAMILIAR, NA FORMA TENTADA REVOGADO","CRIMES VIOLENTOS LETAIS INTENCIONAIS, FATOS TIPICOS, FEMINICIDIO, PROJETO ACOLHIDA, VIOLENCIA DOMESTICA, FATOS TIPICOS, FEMINICIDIO NA FORMA TENTADA",25/12/2024,21:10:00,MS,Nova Alvorada Do Sul,5006002,VACILIO DIAS,VIOLENCIA DOMESTICA TENTADO,True,True,False,2024,12
645,7638/2024 - 1DEAM,"HOMICIDIO QUALIFICADO PELA TRAICAO, DE EMBOSCADA, OU MEDIANTE DISSIMULACAO OU OUTRO RECURSO QUE DIFICULTE OU TORNE IMPOSSIVEL A DEFESA DO OFENDIDO, FEMINICIDIO, VIOLENCIA DOMESTICA E FAMILIAR, NA FORMA TENTADA REVOGADO","HOMICIDIO DOLOSO, CRIMES VIOLENTOS LETAIS INTENCIONAIS, PROJETO ACOLHIDA, FATOS TIPICOS, FATOS TIPICOS QUE RESULTAM EM MORTE, VIOLENCIA DOMESTICA, FATOS TIPICOS, FEMINICIDIO NA FORMA TENTADA",15/12/2024,21:30:00,MS,Campo Grande,5002704,CENTRO OESTE,VIOLENCIA DOMESTICA TENTADO,True,True,False,2024,12
650,6006/2024 - 1DP-CORUMBA,"HOMICIDIO SIMPLES, FEMINICIDIO, VIOLENCIA DOMESTICA E FAMILIAR, NA FORMA TENTADA REVOGADO","FATOS TIPICOS, CRIMES VIOLENTOS LETAIS INTENCIONAIS, HOMICIDIO DOLOSO, FATOS TIPICOS QUE RESULTAM EM MORTE, PROJETO ACOLHIDA, VIOLENCIA DOMESTICA, FATOS TIPICOS, FEMINICIDIO NA FORMA TENTADA",13/12/2024,22:43:00,MS,Ladário,5005202,CEAC,VIOLENCIA DOMESTICA TENTADO,True,True,False,2024,12
671,8004/2024 - DEPAC-DDOS,"TRAFICO DE DROGAS, FEMINICIDIO, VIOLENCIA DOMESTICA E FAMILIAR REVOGADO, HOMICIDIO, SE PRATICADO CONTRA A AUTORIDADE OU AGENTE DESCRITO NOS ARTS. 142 A 144 DA CONSTITUIÇAO FEDERAL, INTEGRANTES DO SISTEMA PRISIONAL E DA FORÇA NACIONAL DE SEGURANÇA PUBLICA, NO EXERCICIO DA FUNÇAO OU EM DECORRENCIA DELA, OU CONTRA SEU CONJUGE, COMPANHEIRO OU PARENTE CONSANGUINEO ATE TERCEIRO GRAU, EM RAZAO DESSA CONDICAO, NA FORMA TENTADA","DROGAS, FATOS TIPICOS, FEMINICIDIO, VIOLENCIA DOMESTICA, FATOS TIPICOS, PROJETO ACOLHIDA, CRIMES VIOLENTOS LETAIS INTENCIONAIS, FATOS TIPICOS",27/11/2024,22:00:00,MS,Dourados,5003702,ALDEIA JAGUAPIRU,VIOLENCIA DOMESTICA TENTADO,True,True,False,2024,11
705,657/2024 - DP-ITAPORÃ,"FURTO, FEMINICIDIO, VIOLENCIA DOMESTICA E FAMILIAR REVOGADO, DESCUMPRIR DECISAO JUDICIAL QUE DEFERE MEDIDAS PROTETIVAS DE URGENCIA PREVISTAS NESTA LEI","FURTO, FATOS TIPICOS, FURTO (SEM ART. 155, § 3° DO CP), FEMINICIDIO, VIOLENCIA DOMESTICA, FATOS TIPICOS, PROJETO ACOLHIDA, CRIMES VIOLENTOS LETAIS INTENCIONAIS, FATOS TIPICOS",05/11/2024,07:30:00,MS,Itaporã,5004502,,VIOLENCIA DOMESTICA (LEGISLAÇÃO REVOGADA),False,True,True,2024,11
727,436/2024 - DP-ANGELICA,"HOMICIDIO SIMPLES, LESAO CORPORAL DOLOSA, AMEACA (VIOLENCIA DOMESTICA)","FATOS TIPICOS, CRIMES VIOLENTOS LETAIS INTENCIONAIS, HOMICIDIO DOLOSO, FATOS TIPICOS QUE RESULTAM EM MORTE, PROJETO ACOLHIDA, LESAO CORPORAL DOLOSA, FATOS TIPICOS, VIOLENCIA DOMESTICA, FATOS TIPICOS, AMEAÇA",13/10/2024,18:15:00,MS,Angélica,5000856,CENTRO,VIOLENCIA DOMESTICA,False,True,False,2024,10
755,5649/2024 - 1DEAM,"FEMINICIDIO, VIOLENCIA DOMESTICA E FAMILIAR REVOGADO","FEMINICIDIO, VIOLENCIA DOMESTICA, FATOS TIPICOS, PROJETO ACOLHIDA, CRIMES VIOLENTOS LETAIS INTENCIONAIS",26/09/2024,14:00:00,MS,Campo Grande,5002704,,VIOLENCIA DOMESTICA (LEGISLAÇÃO REVOGADA),False,True,False,2024,9
864,4248/2024 - DEPAC-DDOS,HOMICIDIO SIMPLES (VIOLENCIA DOMESTICA),"CRIMES VIOLENTOS LETAIS INTENCIONAIS, HOMICIDIO DOLOSO, PROJETO ACOLHIDA, VIOLENCIA DOMESTICA, FATOS TIPICOS",23/06/2024,17:10:00,MS,Dourados,5003702,VILA CACHOEIRINHA,VIOLENCIA DOMESTICA,False,True,False,2024,6
866,1057/2024 - DP-SÃO GABRIEL,"DESTRUICAO, SUBTRACAO OU OCULTACAO DE CADAVER, FEMINICIDIO - REVOGADO, FEMINICIDIO, VIOLENCIA DOMESTICA E FAMILIAR, NA FORMA TENTADA REVOGADO, FRAUDE PROCESSUAL, SE A INOVAÇAO SE DESTINA A PRODUZIR EFEITO EM PROCESSO PENAL, AINDA QUE NAO INICIADO, AS PENAS APLICAM-SE EM DOBRO","FATOS TIPICOS, FEMINICIDIO, CRIMES VIOLENTOS LETAIS INTENCIONAIS, PROJETO ACOLHIDA, FATOS TIPICOS, VIOLENCIA DOMESTICA, FATOS TIPICOS, FEMINICIDIO NA FORMA TENTADA, FATOS TIPICOS",23/06/2024,11:00:00,MS,São Gabriel Do Oeste,5007695,,VIOLENCIA DOMESTICA TENTADO,True,True,False,2024,6
871,775/2024 - DP-CASSILÂNDIA,"LESAO CORPORAL SEGUIDA DE MORTE, VIAS DE FATO (VIOLENCIA DOMESTICA)","FATOS TIPICOS QUE RESULTAM EM MORTE, LESAO CORPORAL DOLOSA, FATOS TIPICOS, CRIMES VIOLENTOS LETAIS INTENCIONAIS, VIAS DE FATO, FATOS TIPICOS, DAS CONTRAVENCOES PENAIS, VIOLENCIA DOMESTICA",14/06/2024,12:15:00,MS,Cassilândia,5002902,CENTRO,VIOLENCIA DOMESTICA,False,True,False,2024,6
887,3850/2024 - DEPAC-CEPOL-CG,"HOMICIDIO SIMPLES, LESAO CORPORAL DOLOSA (VIOLENCIA DOMESTICA)","FATOS TIPICOS, CRIMES VIOLENTOS LETAIS INTENCIONAIS, HOMICIDIO DOLOSO, FATOS TIPICOS QUE RESULTAM EM MORTE, PROJETO ACOLHIDA, DOS CRIMES CONTRA A PESSOA, LESAO CORPORAL DOLOSA, VIOLENCIA DOMESTICA, FATOS TIPICOS",26/05/2024,02:39:00,MS,Campo Grande,5002704,TAQUARAL BOSQUE,VIOLENCIA DOMESTICA,False,True,False,2024,5
926,2505/2024 - 1DEAM,"RESISTENCIA, FRAUDE PROCESSUAL, FEMINICIDIO, VIOLENCIA DOMESTICA E FAMILIAR REVOGADO","FATOS TIPICOS, FRAUDE, FATOS TIPICOS, FEMINICIDIO, VIOLENCIA DOMESTICA, FATOS TIPICOS, PROJETO ACOLHIDA, CRIMES VIOLENTOS LETAIS INTENCIONAIS",20/04/2024,22:30:00,MS,Campo Grande,5002704,NOVA CAMPO GRANDE,VIOLENCIA DOMESTICA (LEGISLAÇÃO REVOGADA),False,True,False,2024,4
959,1964/2024 - 1DEAM,"FEMINICIDIO, VIOLENCIA DOMESTICA E FAMILIAR REVOGADO","FEMINICIDIO, VIOLENCIA DOMESTICA, FATOS TIPICOS, PROJETO ACOLHIDA, CRIMES VIOLENTOS LETAIS INTENCIONAIS",22/03/2024,20:25:00,MS,Campo Grande,5002704,NOVA CAMPO GRANDE,VIOLENCIA DOMESTICA (LEGISLAÇÃO REVOGADA),False,True,False,2024,3
960,1958/2024 - 1DEAM,"FEMINICIDIO, VIOLENCIA DOMESTICA E FAMILIAR REVOGADO","FEMINICIDIO, VIOLENCIA DOMESTICA, FATOS TIPICOS, PROJETO ACOLHIDA, CRIMES VIOLENTOS LETAIS INTENCIONAIS",22/03/2024,19:52:00,MS,Campo Grande,5002704,RESIDENCIAL VILA BELA,VIOLENCIA DOMESTICA (LEGISLAÇÃO REVOGADA),False,True,False,2024,3
967,401/2024 - DP-AMAMBAI,"MAUS TRATOS, SE DO FATO RESULTA A MORTE, LESAO CORPORAL, SE A LESAO FOR PRATICADA CONTRA A MULHER, POR RAZOES DA CONDIÇAO DO SEXO FEMININO (VIOLENCIA DOMESTICA)","CRIMES VIOLENTOS LETAIS INTENCIONAIS, FATOS TIPICOS, FATOS TIPICOS QUE RESULTAM EM MORTE, MAUS-TRATOS, VIOLENCIA DOMESTICA, FATOS TIPICOS, DOS CRIMES CONTRA A PESSOA",19/03/2024,19:00:00,MS,Amambai,5000609,VILA LIMEIRA,VIOLENCIA DOMESTICA,False,True,False,2024,3
995,251/2024 - DP-IVINHEMA,"HOMICIDIO QUALIFICADO COM EMPREGO DE VENENO, FOGO, EXPLOSIVO, ASFIXIA, TORTURA OU OUTRO MEIO INSIDIOSO, HOMICIDIO QUALIFICADO PELA TRAICAO, DE EMBOSCADA, OU MEDIANTE DISSIMULACAO OU OUTRO RECURSO QUE DIFICULTE OU TORNE IMPOSSIVEL A DEFESA DO OFENDIDO, AMEACA (VIOLENCIA DOMESTICA)","CRIMES VIOLENTOS LETAIS INTENCIONAIS, FATOS TIPICOS QUE RESULTAM EM MORTE, HOMICIDIO DOLOSO, PROJETO ACOLHIDA, FATOS TIPICOS, HOMICIDIO DOLOSO, CRIMES VIOLENTOS LETAIS INTENCIONAIS, PROJETO ACOLHIDA, FATOS TIPICOS, FATOS TIPICOS QUE RESULTAM EM MORTE, VIOLENCIA DOMESTICA, FATOS TIPICOS, AMEAÇA",27/02/2024,01:00:00,MS,Ivinhema,5004700,,VIOLENCIA DOMESTICA,False,True,False,2024,2
1002,1304/2024 - DEPAC-DDOS,"FEMINICIDIO, VIOLENCIA DOMESTICA E FAMILIAR REVOGADO","FEMINICIDIO, VIOLENCIA DOMESTICA, FATOS TIPICOS, PROJETO ACOLHIDA, CRIMES VIOLENTOS LETAIS INTENCIONAIS",23/02/2024,21:47:00,MS,Dourados,5003702,JARDIM NOVO HORIZONTE,VIOLENCIA DOMESTICA (LEGISLAÇÃO REVOGADA),False,True,False,2024,2
1003,64/2024 - DP-VICENTINA,"HOMICIDIO QUALIFICADO PELA TRAICAO, DE EMBOSCADA, OU MEDIANTE DISSIMULACAO OU OUTRO RECURSO QUE DIFICULTE OU TORNE IMPOSSIVEL A DEFESA DO OFENDIDO, HOMICIDIO QUALIFICADO PELA TRAICAO, DE EMBOSCADA, OU MEDIANTE DISSIMULACAO OU OUTRO RECURSO QUE DIFICULTE OU TORNE IMPOSSIVEL A DEFESA DO OFENDIDO, NA FORMA TENTADA, HOMICIDIO DOLOSO MAJORADO, SE O CRIME É PRATICADO CONTRA PESSOA MENOR DE 14 (QUATORZE) OU MAIOR DE 60 (SESSENTA), HOMICIDIO QUALIFICADO POR MOTIVO FUTIL NA FORMA TENTADA, FEMINICIDIO, VIOLENCIA DOMESTICA E FAMILIAR, NA FORMA TENTADA REVOGADO","HOMICIDIO DOLOSO, CRIMES VIOLENTOS LETAIS INTENCIONAIS, PROJETO ACOLHIDA, FATOS TIPICOS, FATOS TIPICOS QUE RESULTAM EM MORTE, HOMICIDIO DOLOSO NA FORMA TENTADA, FATOS TIPICOS, PROJETO ACOLHIDA, FATOS TIPICOS, HOMICIDIO DOLOSO, CRIMES VIOLENTOS LETAIS INTENCIONAIS, FATOS TIPICOS, VIOLENCIA DOMESTICA, FATOS TIPICOS, FEMINICIDIO NA FORMA TENTADA",23/02/2024,18:21:00,MS,Vicentina,5008404,SAO JOSE,VIOLENCIA DOMESTICA TENTADO,True,True,False,2024,2
1005,55/2024 - DP-TACURU,"FEMINICIDIO, VIOLENCIA DOMESTICA E FAMILIAR REVOGADO","FEMINICIDIO, VIOLENCIA DOMESTICA, FATOS TIPICOS, PROJETO ACOLHIDA, CRIMES VIOLENTOS LETAIS INTENCIONAIS",23/02/2024,00:30:00,MS,Tacuru,5007950,,VIOLENCIA DOMESTICA (LEGISLAÇÃO REVOGADA),False,True,False,2024,2
1049,97/2024 - 1DP-NAVIRAÍ,"HOMICIDIO SIMPLES, FEMINICIDIO, VIOLENCIA DOMESTICA E FAMILIAR, NA FORMA TENTADA REVOGADO","FATOS TIPICOS, CRIMES VIOLENTOS LETAIS INTENCIONAIS, HOMICIDIO DOLOSO, FATOS TIPICOS QUE RESULTAM EM MORTE, PROJETO ACOLHIDA, VIOLENCIA DOMESTICA, FATOS TIPICOS, FEMINICIDIO NA FORMA TENTADA",12/01/2024,21:00:00,MS,Navirai,5005707,CENTRO SETOR 3,VIOLENCIA DOMESTICA TENTADO,True,True,False,2024,1
1050,73/2024 - DP-SÃO GABRIEL,"HOMICIDIO SIMPLES NA FORMA TENTADA, FEMINICIDIO, VIOLENCIA DOMESTICA E FAMILIAR REVOGADO","HOMICIDIO DOLOSO NA FORMA TENTADA, FATOS TIPICOS, FEMINICIDIO, VIOLENCIA DOMESTICA, FATOS TIPICOS, PROJETO ACOLHIDA, CRIMES VIOLENTOS LETAIS INTENCIONAIS",12/01/2024,20:15:00,MS,São Gabriel Do Oeste,5007695,CENTRO,VIOLENCIA DOMESTICA TENTADO,True,True,False,2024,1
1062,22/2024 - DP-SIDROLANDIA,"FEMINICIDIO, VIOLENCIA DOMESTICA E FAMILIAR REVOGADO","FEMINICIDIO, VIOLENCIA DOMESTICA, FATOS TIPICOS, PROJETO ACOLHIDA, CRIMES VIOLENTOS LETAIS INTENCIONAIS",03/01/2024,05:44:00,MS,Sidrolândia,5007901,JARDIM PARAISO,VIOLENCIA DOMESTICA (LEGISLAÇÃO REVOGADA),False,True,False,2024,1
1066,15/2024 - DEPAC-DDOS,"HOMICIDIO SIMPLES, ESTUPRO (VIOLENCIA DOMESTICA), LESAO CORPORAL, SE A LESAO FOR PRATICADA CONTRA A MULHER, POR RAZOES DA CONDIÇAO DO SEXO FEMININO (VIOLENCIA DOMESTICA)","FATOS TIPICOS, CRIMES VIOLENTOS LETAIS INTENCIONAIS, HOMICIDIO DOLOSO, FATOS TIPICOS QUE RESULTAM EM MORTE, PROJETO ACOLHIDA, ESTUPRO, FATOS TIPICOS, VIOLENCIA DOMESTICA, VIOLENCIA DOMESTICA, FATOS TIPICOS, DOS CRIMES CONTRA A PESSOA",01/01/2024,11:53:00,MS,Dourados,5003702,VILA INDUSTRIAL,VIOLENCIA DOMESTICA,False,True,False,2024,1
1137,7144/2023 - 1DEAM,"FEMINICIDIO, VIOLENCIA DOMESTICA E FAMILIAR REVOGADO","FEMINICIDIO, VIOLENCIA DOMESTICA, FATOS TIPICOS, PROJETO ACOLHIDA, CRIMES VIOLENTOS LETAIS INTENCIONAIS",10/11/2023,19:08:00,MS,Campo Grande,5002704,JARDIM BOTANICO,VIOLENCIA DOMESTICA (LEGISLAÇÃO REVOGADA),False,True,False,2023,11
1144,1040/2023 - DP-NOVA ALVORADA,"FAVORECIMENTO PESSOAL, HOMICIDIO SIMPLES NA FORMA TENTADA, FEMINICIDIO - REVOGADO, DANO (VIOLENCIA DOMESTICA), DESCUMPRIR DECISAO JUDICIAL QUE DEFERE MEDIDA PROTETIVA DE URGENCIA PREVISTA NESTA LEI","FATOS TIPICOS, HOMICIDIO DOLOSO NA FORMA TENTADA, FATOS TIPICOS, FEMINICIDIO, CRIMES VIOLENTOS LETAIS INTENCIONAIS, PROJETO ACOLHIDA, FATOS TIPICOS, FATOS TIPICOS, FATOS TIPICOS",04/11/2023,03:50:00,MS,Nova Alvorada Do Sul,5006002,CENTRO,VIOLENCIA DOMESTICA TENTADO,True,True,True,2023,11
1146,509/2023 - DP-ELDORADO,"FEMINICIDIO, VIOLENCIA DOMESTICA E FAMILIAR REVOGADO","FEMINICIDIO, VIOLENCIA DOMESTICA, FATOS TIPICOS, PROJETO ACOLHIDA, CRIMES VIOLENTOS LETAIS INTENCIONAIS",03/11/2023,21:00:00,MS,Eldorado,5003751,ZONA RURAL,VIOLENCIA DOMESTICA (LEGISLAÇÃO REVOGADA),False,True,False,2023,11
1162,6901/2023 - DEPAC-DDOS,"HOMICIDIO QUALIFICADO MEDIANTE PAGA OU PROMESSA DE RECOMPENSA, OU POR OUTRO MOTIVO TORPE, FEMINICIDIO, VIOLENCIA DOMESTICA E FAMILIAR, NA FORMA TENTADA REVOGADO","FATOS TIPICOS QUE RESULTAM EM MORTE, PROJETO ACOLHIDA, FATOS TIPICOS, CRIMES VIOLENTOS LETAIS INTENCIONAIS, HOMICIDIO DOLOSO, VIOLENCIA DOMESTICA, FATOS TIPICOS, FEMINICIDIO NA FORMA TENTADA",22/10/2023,01:30:00,MS,Laguna Carapã,5005251,CENTRO,VIOLENCIA DOMESTICA TENTADO,True,True,False,2023,10
1164,7057/2023 - DEPAC-CEPOL-CG,"HOMICIDIO SIMPLES, LESAO CORPORAL DOLOSA (VIOLENCIA DOMESTICA), AMEACA (VIOLENCIA DOMESTICA), DANO (VIOLENCIA DOMESTICA)","FATOS TIPICOS, CRIMES VIOLENTOS LETAIS INTENCIONAIS, HOMICIDIO DOLOSO, FATOS TIPICOS QUE RESULTAM EM MORTE, PROJETO ACOLHIDA, DOS CRIMES CONTRA A PESSOA, LESAO CORPORAL DOLOSA, VIOLENCIA DOMESTICA, FATOS TIPICOS, VIOLENCIA DOMESTICA, FATOS TIPICOS, AMEAÇA, FATOS TIPICOS",21/10/2023,21:00:00,MS,Campo Grande,5002704,,VIOLENCIA DOMESTICA,False,True,False,2023,10
1169,760/2023 - DP-AGUA CLARA,"HOMICIDIO QUALIFICADO COM EMPREGO DE VENENO, FOGO, EXPLOSIVO, ASFIXIA, TORTURA OU OUTRO MEIO INSIDIOSO, FEMINICIDIO, VIOLENCIA DOMESTICA E FAMILIAR, NA FORMA TENTADA REVOGADO","CRIMES VIOLENTOS LETAIS INTENCIONAIS, FATOS TIPICOS QUE RESULTAM EM MORTE, HOMICIDIO DOLOSO, PROJETO ACOLHIDA, FATOS TIPICOS, VIOLENCIA DOMESTICA, FATOS TIPICOS, FEMINICIDIO NA FORMA TENTADA",19/10/2023,19:00:00,MS,Água Clara,5000203,,VIOLENCIA DOMESTICA TENTADO,True,True,False,2023,10
1215,916/2023 - DP-ANASTACIO,"FEMINICIDIO, VIOLENCIA DOMESTICA E FAMILIAR REVOGADO","FEMINICIDIO, VIOLENCIA DOMESTICA, FATOS TIPICOS, PROJETO ACOLHIDA, CRIMES VIOLENTOS LETAIS INTENCIONAIS",08/09/2023,08:30:00,MS,Anastácio,5000708,JARDIM PROGRESSO,VIOLENCIA DOMESTICA (LEGISLAÇÃO REVOGADA),False,True,False,2023,9
1217,315/2023 - DAM-PARANAÍBA,"HOMICIDIO QUALIFICADO MEDIANTE PAGA OU PROMESSA DE RECOMPENSA, OU POR OUTRO MOTIVO TORPE, HOMICIDIO QUALIFICADO PELA TRAICAO, DE EMBOSCADA, OU MEDIANTE DISSIMULACAO OU OUTRO RECURSO QUE DIFICULTE OU TORNE IMPOSSIVEL A DEFESA DO OFENDIDO, FEMINICIDIO, VIOLENCIA DOMESTICA E FAMILIAR REVOGADO, FURTO (VIOLENCIA DOMESTICA)","FATOS TIPICOS QUE RESULTAM EM MORTE, PROJETO ACOLHIDA, FATOS TIPICOS, CRIMES VIOLENTOS LETAIS INTENCIONAIS, HOMICIDIO DOLOSO, HOMICIDIO DOLOSO, CRIMES VIOLENTOS LETAIS INTENCIONAIS, PROJETO ACOLHIDA, FATOS TIPICOS, FATOS TIPICOS QUE RESULTAM EM MORTE, FEMINICIDIO, VIOLENCIA DOMESTICA, FATOS TIPICOS, PROJETO ACOLHIDA, CRIMES VIOLENTOS LETAIS INTENCIONAIS, FATOS TIPICOS, VIOLENCIA DOMESTICA",29/08/2023,10:35:00,MS,Paranaíba,5006309,SANTO ANTONIO,VIOLENCIA DOMESTICA (LEGISLAÇÃO REVOGADA),False,True,False,2023,8
1245,5132/2023 - DEPAC-DDOS,"FEMINICIDIO, VIOLENCIA DOMESTICA E FAMILIAR REVOGADO","FEMINICIDIO, VIOLENCIA DOMESTICA, FATOS TIPICOS, PROJETO ACOLHIDA, CRIMES VIOLENTOS LETAIS INTENCIONAIS",09/08/2023,21:00:00,MS,Dourados,5003702,VILA ALMEIDA,VIOLENCIA DOMESTICA (LEGISLAÇÃO REVOGADA),False,True,False,2023,8
1248,5061/2023 - 1DEAM,"POSSE IRREGULAR DE ARMA DE FOGO DE USO PERMITIDO, SUICIDIO, PORTAR DROGAS, PARA CONSUMO PESSOAL, FEMINICIDIO, VIOLENCIA DOMESTICA E FAMILIAR REVOGADO","FATOS TIPICOS, PORTE E POSSE DE ARMA DE FOGO, MORTE DECORRENTE DE FATO ATIPICO, FATOS TIPICOS, FEMINICIDIO, VIOLENCIA DOMESTICA, FATOS TIPICOS, PROJETO ACOLHIDA, CRIMES VIOLENTOS LETAIS INTENCIONAIS",08/08/2023,06:45:00,MS,Campo Grande,5002704,JARDIM LOS ANGELES,VIOLENCIA DOMESTICA (LEGISLAÇÃO REVOGADA),False,True,False,2023,8
1260,4840/2023 - DEPAC-DDOS,"LESAO CORPORAL DOLOSA, AMEACA, HOMICIDIO QUALIFICADO POR MOTIVO FUTIL, HOMICIDIO QUALIFICADO COM EMPREGO DE VENENO, FOGO, EXPLOSIVO, ASFIXIA, TORTURA OU OUTRO MEIO INSIDIOSO, HOMICIDIO QUALIFICADO PELA TRAICAO, DE EMBOSCADA, OU MEDIANTE DISSIMULACAO OU OUTRO RECURSO QUE DIFICULTE OU TORNE IMPOSSIVEL A DEFESA DO OFENDIDO, FEMINICIDIO, VIOLENCIA DOMESTICA E FAMILIAR REVOGADO, DESCUMPRIR DECISAO JUDICIAL QUE DEFERE MEDIDAS PROTETIVAS DE URGENCIA PREVISTAS NESTA LEI","LESAO CORPORAL DOLOSA, FATOS TIPICOS, AMEAÇA, FATOS TIPICOS, HOMICIDIO DOLOSO, FATOS TIPICOS QUE RESULTAM EM MORTE, CRIMES VIOLENTOS LETAIS INTENCIONAIS, PROJETO ACOLHIDA, FATOS TIPICOS, CRIMES VIOLENTOS LETAIS INTENCIONAIS, FATOS TIPICOS QUE RESULTAM EM MORTE, HOMICIDIO DOLOSO, PROJETO ACOLHIDA, FATOS TIPICOS, HOMICIDIO DOLOSO, CRIMES VIOLENTOS LETAIS INTENCIONAIS, PROJETO ACOLHIDA, FATOS TIPICOS, FATOS TIPICOS QUE RESULTAM EM MORTE, FEMINICIDIO, VIOLENCIA DOMESTICA, FATOS TIPICOS, PROJETO ACOLHIDA, CRIMES VIOLENTOS LETAIS INTENCIONAIS, FATOS TIPICOS",30/07/2023,00:28:00,MS,Dourados,5003702,RESIDENCIAL ESPLANADA,VIOLENCIA DOMESTICA (LEGISLAÇÃO REVOGADA),False,True,True,2023,7
1286,231/2023 - DAM-NOVA ANDRADINA,"FEMINICIDIO, VIOLENCIA DOMESTICA E FAMILIAR REVOGADO","FEMINICIDIO, VIOLENCIA DOMESTICA, FATOS TIPICOS, PROJETO ACOLHIDA, CRIMES VIOLENTOS LETAIS INTENCIONAIS",12/07/2023,13:30:00,MS,Nova Andradina,5006200,CONJUNTO HABITACIONAL DURVAL ANDRADE FILHO,VIOLENCIA DOMESTICA (LEGISLAÇÃO REVOGADA),False,True,False,2023,7
1302,4198/2023 - 1DEAM,"FEMINICIDIO, VIOLENCIA DOMESTICA E FAMILIAR REVOGADO","FEMINICIDIO, VIOLENCIA DOMESTICA, FATOS TIPICOS, PROJETO ACOLHIDA, CRIMES VIOLENTOS LETAIS INTENCIONAIS",01/07/2023,05:00:00,MS,Campo Grande,5002704,PARQUE DO LAGEADO,VIOLENCIA DOMESTICA (LEGISLAÇÃO REVOGADA),False,True,False,2023,7
1341,263/2023 - DP-ELDORADO,"HOMICIDIO QUALIFICADO POR MOTIVO FUTIL, HOMICIDIO QUALIFICADO PELA TRAICAO, DE EMBOSCADA, OU MEDIANTE DISSIMULACAO OU OUTRO RECURSO QUE DIFICULTE OU TORNE IMPOSSIVEL A DEFESA DO OFENDIDO, INJURIA (VIOLENCIA DOMESTICA)","HOMICIDIO DOLOSO, FATOS TIPICOS QUE RESULTAM EM MORTE, CRIMES VIOLENTOS LETAIS INTENCIONAIS, PROJETO ACOLHIDA, FATOS TIPICOS, HOMICIDIO DOLOSO, CRIMES VIOLENTOS LETAIS INTENCIONAIS, PROJETO ACOLHIDA, FATOS TIPICOS, FATOS TIPICOS QUE RESULTAM EM MORTE, VIOLENCIA DOMESTICA, INJURIA, FATOS TIPICOS",27/05/2023,00:15:00,MS,Eldorado,5003751,CENTRO,VIOLENCIA DOMESTICA,False,True,False,2023,5
1342,2466/2023 - 1DP-CORUMBA,"SUICIDIO (TENTATIVA), FEMINICIDIO, VIOLENCIA DOMESTICA E FAMILIAR REVOGADO","FEMINICIDIO, VIOLENCIA DOMESTICA, FATOS TIPICOS, PROJETO ACOLHIDA, CRIMES VIOLENTOS LETAIS INTENCIONAIS",26/05/2023,12:00:00,MS,Corumbá,5003207,,VIOLENCIA DOMESTICA TENTADO,True,True,False,2023,5
1376,2933/2023 - 1DEAM,"HOMICIDIO QUALIFICADO POR MOTIVO FUTIL, FEMINICIDIO, VIOLENCIA DOMESTICA E FAMILIAR REVOGADO","HOMICIDIO DOLOSO, FATOS TIPICOS QUE RESULTAM EM MORTE, CRIMES VIOLENTOS LETAIS INTENCIONAIS, PROJETO ACOLHIDA, FATOS TIPICOS, FEMINICIDIO, VIOLENCIA DOMESTICA, FATOS TIPICOS, PROJETO ACOLHIDA, CRIMES VIOLENTOS LETAIS INTENCIONAIS",30/04/2023,02:50:00,MS,Campo Grande,5002704,JARDIM COLIBRI DOIS,VIOLENCIA DOMESTICA (LEGISLAÇÃO REVOGADA),False,True,False,2023,4
1387,104/2023 - DP-JAPORA,"HOMICIDIO QUALIFICADO POR MOTIVO FUTIL, HOMICIDIO QUALIFICADO PELA TRAICAO, DE EMBOSCADA, OU MEDIANTE DISSIMULACAO OU OUTRO RECURSO QUE DIFICULTE OU TORNE IMPOSSIVEL A DEFESA DO OFENDIDO, AMEACA (VIOLENCIA DOMESTICA)","HOMICIDIO DOLOSO, FATOS TIPICOS QUE RESULTAM EM MORTE, CRIMES VIOLENTOS LETAIS INTENCIONAIS, PROJETO ACOLHIDA, FATOS TIPICOS, HOMICIDIO DOLOSO, CRIMES VIOLENTOS LETAIS INTENCIONAIS, PROJETO ACOLHIDA, FATOS TIPICOS, FATOS TIPICOS QUE RESULTAM EM MORTE, VIOLENCIA DOMESTICA, FATOS TIPICOS, AMEAÇA",24/04/2023,03:30:00,MS,Japorã,5004809,CENTRO,VIOLENCIA DOMESTICA,False,True,False,2023,4
1399,204/2023 - DP-ELDORADO,"COMERCIO ILEGAL DE ARMA DE FOGO, HOMICIDIO QUALIFICADO POR MOTIVO FUTIL, HOMICIDIO QUALIFICADO POR MOTIVO FUTIL NA FORMA TENTADA, LESAO CORPORAL, SE A LESAO FOR PRATICADA CONTRA A MULHER, POR RAZOES DA CONDIÇAO DO SEXO FEMININO (VIOLENCIA DOMESTICA)","FATOS TIPICOS, HOMICIDIO DOLOSO, FATOS TIPICOS QUE RESULTAM EM MORTE, CRIMES VIOLENTOS LETAIS INTENCIONAIS, PROJETO ACOLHIDA, FATOS TIPICOS, FATOS TIPICOS, VIOLENCIA DOMESTICA, FATOS TIPICOS, DOS CRIMES CONTRA A PESSOA",16/04/2023,08:50:00,MS,Eldorado,5003751,CENTRO,VIOLENCIA DOMESTICA TENTADO,True,True,False,2023,4
1460,181/2023 - 1DP-FATIMA DO SUL,"HOMICIDIO QUALIFICADO POR MOTIVO FUTIL, FEMINICIDIO, VIOLENCIA DOMESTICA E FAMILIAR, NA FORMA TENTADA REVOGADO","HOMICIDIO DOLOSO, FATOS TIPICOS QUE RESULTAM EM MORTE, CRIMES VIOLENTOS LETAIS INTENCIONAIS, PROJETO ACOLHIDA, FATOS TIPICOS, VIOLENCIA DOMESTICA, FATOS TIPICOS, FEMINICIDIO NA FORMA TENTADA",25/02/2023,22:40:00,MS,Fátima Do Sul,5003801,CENTRO,VIOLENCIA DOMESTICA TENTADO,True,True,False,2023,2
1489,158/2023 - DP-IVINHEMA,"FEMINICIDIO, VIOLENCIA DOMESTICA E FAMILIAR REVOGADO","FEMINICIDIO, VIOLENCIA DOMESTICA, FATOS TIPICOS, PROJETO ACOLHIDA, CRIMES VIOLENTOS LETAIS INTENCIONAIS",04/02/2023,19:00:00,MS,Ivinhema,5004700,VITORIA,VIOLENCIA DOMESTICA (LEGISLAÇÃO REVOGADA),False,True,False,2023,2
1512,15/2023 - DP-ALCINOPOLIS,"HOMICIDIO SIMPLES, PORTE ILEGAL DE ARMA DE FOGO DE USO PERMITIDO, LESAO CORPORAL DOLOSA (VIOLENCIA DOMESTICA)","FATOS TIPICOS, CRIMES VIOLENTOS LETAIS INTENCIONAIS, HOMICIDIO DOLOSO, FATOS TIPICOS QUE RESULTAM EM MORTE, PROJETO ACOLHIDA, FATOS TIPICOS, PORTE E POSSE DE ARMA DE FOGO, DOS CRIMES CONTRA A PESSOA, LESAO CORPORAL DOLOSA, VIOLENCIA DOMESTICA, FATOS TIPICOS",15/01/2023,01:30:00,MS,Alcinópolis,5000252,,VIOLENCIA DOMESTICA,False,True,False,2023,1
1518,276/2023 - 1DEAM,"FEMINICIDIO, VIOLENCIA DOMESTICA E FAMILIAR REVOGADO","FEMINICIDIO, VIOLENCIA DOMESTICA, FATOS TIPICOS, PROJETO ACOLHIDA, CRIMES VIOLENTOS LETAIS INTENCIONAIS",13/01/2023,16:40:00,MS,Campo Grande,5002704,SAO FRANCISCO,VIOLENCIA DOMESTICA (LEGISLAÇÃO REVOGADA),False,True,False,2023,1
1548,8334/2022 - 1DEAM,"FEMINICIDIO, VIOLENCIA DOMESTICA E FAMILIAR REVOGADO","FEMINICIDIO, VIOLENCIA DOMESTICA, FATOS TIPICOS, PROJETO ACOLHIDA, CRIMES VIOLENTOS LETAIS INTENCIONAIS",21/12/2022,06:00:00,MS,Campo Grande,5002704,JARDIM COLUMBIA,VIOLENCIA DOMESTICA (LEGISLAÇÃO REVOGADA),False,True,False,2022,12
1583,7758/2022 - 1DEAM,"FEMINICIDIO, VIOLENCIA DOMESTICA E FAMILIAR REVOGADO","FEMINICIDIO, VIOLENCIA DOMESTICA, FATOS TIPICOS, PROJETO ACOLHIDA, CRIMES VIOLENTOS LETAIS INTENCIONAIS",27/11/2022,20:30:00,MS,Campo Grande,5002704,CENTRO,VIOLENCIA DOMESTICA (LEGISLAÇÃO REVOGADA),False,True,False,2022,11
1604,7406/2022 - 1DEAM,"ESTUPRO (VIOLENCIA DOMESTICA), FEMINICIDIO - REVOGADO","ESTUPRO, FATOS TIPICOS, VIOLENCIA DOMESTICA, FEMINICIDIO, CRIMES VIOLENTOS LETAIS INTENCIONAIS, PROJETO ACOLHIDA, FATOS TIPICOS",13/11/2022,03:00:00,MS,Campo Grande,5002704,JARDIM CENTRO OESTE,VIOLENCIA DOMESTICA (LEGISLAÇÃO REVOGADA),False,True,False,2022,11
1684,6266/2022 - 1DEAM,"HOMICIDIO SIMPLES NA FORMA TENTADA, HOMICIDIO SIMPLES NA FORMA TENTADA (VIOLENCIA DOMESTICA), FEMINICIDIO, VIOLENCIA DOMESTICA E FAMILIAR REVOGADO, ABORTO PROVOCADO POR TERCEIRO SEM O CONSENTIMENTO DA GESTANTE, NA FORMA TENTADA","HOMICIDIO DOLOSO NA FORMA TENTADA, FATOS TIPICOS, HOMICIDIO DOLOSO NA FORMA TENTADA, FATOS TIPICOS, VIOLENCIA DOMESTICA, FEMINICIDIO, VIOLENCIA DOMESTICA, FATOS TIPICOS, PROJETO ACOLHIDA, CRIMES VIOLENTOS LETAIS INTENCIONAIS, FATOS TIPICOS",23/09/2022,18:40:00,MS,Campo Grande,5002704,JARDIM CORCOVADO,VIOLENCIA DOMESTICA TENTADO,True,True,False,2022,9
1687,2027/2022 - 1DP-NAVIRAÍ,"HOMICIDIO SIMPLES, FEMINICIDIO, VIOLENCIA DOMESTICA E FAMILIAR, NA FORMA TENTADA REVOGADO","FATOS TIPICOS, CRIMES VIOLENTOS LETAIS INTENCIONAIS, HOMICIDIO DOLOSO, FATOS TIPICOS QUE RESULTAM EM MORTE, PROJETO ACOLHIDA, VIOLENCIA DOMESTICA, FATOS TIPICOS, FEMINICIDIO NA FORMA TENTADA",19/09/2022,01:45:00,MS,Navirai,5005707,VILA PRIMAVERA,VIOLENCIA DOMESTICA TENTADO,True,True,False,2022,9
1708,1111/2022 - DP-AMAMBAI,"FEMINICIDIO, VIOLENCIA DOMESTICA E FAMILIAR REVOGADO","FEMINICIDIO, VIOLENCIA DOMESTICA, FATOS TIPICOS, PROJETO ACOLHIDA, CRIMES VIOLENTOS LETAIS INTENCIONAIS",05/09/2022,17:00:00,MS,Amambai,5000609,,VIOLENCIA DOMESTICA (LEGISLAÇÃO REVOGADA),False,True,False,2022,9
1733,930/2022 - DP-AMAMBAI,"FEMINICIDIO, VIOLENCIA DOMESTICA E FAMILIAR REVOGADO","FEMINICIDIO, VIOLENCIA DOMESTICA, FATOS TIPICOS, PROJETO ACOLHIDA, CRIMES VIOLENTOS LETAIS INTENCIONAIS",02/08/2022,16:30:00,MS,Amambai,5000609,,VIOLENCIA DOMESTICA (LEGISLAÇÃO REVOGADA),False,True,False,2022,8
1736,159/2022 - DP-PARANHOS,"HOMICIDIO SIMPLES, HOMICIDIO QUALIFICADO MEDIANTE PAGA OU PROMESSA DE RECOMPENSA, OU POR OUTRO MOTIVO TORPE, FEMINICIDIO, VIOLENCIA DOMESTICA E FAMILIAR, NA FORMA TENTADA REVOGADO","FATOS TIPICOS, CRIMES VIOLENTOS LETAIS INTENCIONAIS, HOMICIDIO DOLOSO, FATOS TIPICOS QUE RESULTAM EM MORTE, PROJETO ACOLHIDA, FATOS TIPICOS QUE RESULTAM EM MORTE, PROJETO ACOLHIDA, FATOS TIPICOS, CRIMES VIOLENTOS LETAIS INTENCIONAIS, HOMICIDIO DOLOSO, VIOLENCIA DOMESTICA, FATOS TIPICOS, FEMINICIDIO NA FORMA TENTADA",30/07/2022,23:40:00,MS,Paranhos,5006358,ZONA RURAL,VIOLENCIA DOMESTICA TENTADO,True,True,False,2022,7
1743,5020/2022 - 1DEAM,"DESTRUICAO, SUBTRACAO OU OCULTACAO DE CADAVER, FEMINICIDIO, VIOLENCIA DOMESTICA E FAMILIAR REVOGADO","FATOS TIPICOS, FEMINICIDIO, VIOLENCIA DOMESTICA, FATOS TIPICOS, PROJETO ACOLHIDA, CRIMES VIOLENTOS LETAIS INTENCIONAIS",28/07/2022,07:00:00,MS,Campo Grande,5002704,VILA SILVIA REGINA,VIOLENCIA DOMESTICA (LEGISLAÇÃO REVOGADA),False,True,False,2022,7
1752,4880/2022 - 1DEAM,"FEMINICIDIO, VIOLENCIA DOMESTICA E FAMILIAR REVOGADO, FEMINICIDIO, VIOLENCIA DOMESTICA E FAMILIAR, NA FORMA TENTADA REVOGADO","FEMINICIDIO, VIOLENCIA DOMESTICA, FATOS TIPICOS, PROJETO ACOLHIDA, CRIMES VIOLENTOS LETAIS INTENCIONAIS, VIOLENCIA DOMESTICA, FATOS TIPICOS, FEMINICIDIO NA FORMA TENTADA",21/07/2022,14:00:00,MS,Rochedo,5007505,CENTRO,VIOLENCIA DOMESTICA TENTADO,True,True,False,2022,7
1788,2693/2022 - 1DP-CORUMBA,"FAVORECIMENTO PESSOAL, SUICIDIO, FEMINICIDIO, VIOLENCIA DOMESTICA E FAMILIAR REVOGADO","FATOS TIPICOS, MORTE DECORRENTE DE FATO ATIPICO, FEMINICIDIO, VIOLENCIA DOMESTICA, FATOS TIPICOS, PROJETO ACOLHIDA, CRIMES VIOLENTOS LETAIS INTENCIONAIS",22/06/2022,00:35:00,MS,Corumbá,5003207,POPULAR NOVA,VIOLENCIA DOMESTICA (LEGISLAÇÃO REVOGADA),False,True,False,2022,6
1824,3583/2022 - 1DEAM,"DESTRUICAO, SUBTRACAO OU OCULTACAO DE CADAVER, FEMINICIDIO, VIOLENCIA DOMESTICA E FAMILIAR REVOGADO","FATOS TIPICOS, FEMINICIDIO, VIOLENCIA DOMESTICA, FATOS TIPICOS, PROJETO ACOLHIDA, CRIMES VIOLENTOS LETAIS INTENCIONAIS",27/05/2022,01:00:00,MS,Campo Grande,5002704,TIRADENTES,VIOLENCIA DOMESTICA (LEGISLAÇÃO REVOGADA),False,True,False,2022,5
1828,310/2022 - DP-TERENOS,"HOMICIDIO QUALIFICADO POR MOTIVO FUTIL, HOMICIDIO QUALIFICADO PELA TRAICAO, DE EMBOSCADA, OU MEDIANTE DISSIMULACAO OU OUTRO RECURSO QUE DIFICULTE OU TORNE IMPOSSIVEL A DEFESA DO OFENDIDO, FEMINICIDIO, VIOLENCIA DOMESTICA E FAMILIAR REVOGADO, FEMINICIDIO MAJORADO, SE PRATICADO NA PRESENÇA DE DESCENDENTE OU DE ASCENDENTE DA VITIMA - REVOGADO","HOMICIDIO DOLOSO, FATOS TIPICOS QUE RESULTAM EM MORTE, CRIMES VIOLENTOS LETAIS INTENCIONAIS, PROJETO ACOLHIDA, FATOS TIPICOS, HOMICIDIO DOLOSO, CRIMES VIOLENTOS LETAIS INTENCIONAIS, PROJETO ACOLHIDA, FATOS TIPICOS, FATOS TIPICOS QUE RESULTAM EM MORTE, FEMINICIDIO, VIOLENCIA DOMESTICA, FATOS TIPICOS, PROJETO ACOLHIDA, CRIMES VIOLENTOS LETAIS INTENCIONAIS, CRIMES VIOLENTOS LETAIS INTENCIONAIS, FATOS TIPICOS, FEMINICIDIO, PROJETO ACOLHIDA",22/05/2022,23:00:00,MS,Terenos,5008008,,VIOLENCIA DOMESTICA MAJORADO,False,True,False,2022,5
1842,3297/2022 - 1DEAM,"FEMINICIDIO, VIOLENCIA DOMESTICA E FAMILIAR REVOGADO","FEMINICIDIO, VIOLENCIA DOMESTICA, FATOS TIPICOS, PROJETO ACOLHIDA, CRIMES VIOLENTOS LETAIS INTENCIONAIS",13/05/2022,21:30:00,MS,Campo Grande,5002704,VILA NEUSA,VIOLENCIA DOMESTICA (LEGISLAÇÃO REVOGADA),False,True,False,2022,5
1879,2618/2022 - 1DEAM,"HOMICIDIO SIMPLES, FEMINICIDIO, VIOLENCIA DOMESTICA E FAMILIAR, NA FORMA TENTADA REVOGADO","FATOS TIPICOS, CRIMES VIOLENTOS LETAIS INTENCIONAIS, HOMICIDIO DOLOSO, FATOS TIPICOS QUE RESULTAM EM MORTE, PROJETO ACOLHIDA, VIOLENCIA DOMESTICA, FATOS TIPICOS, FEMINICIDIO NA FORMA TENTADA",16/04/2022,03:43:00,MS,Campo Grande,5002704,CENTRO OESTE,VIOLENCIA DOMESTICA TENTADO,True,True,False,2022,4
1930,571/2022 - DEPAC-TL,"POSSE IRREGULAR DE ARMA DE FOGO DE USO PERMITIDO, FEMINICIDIO, VIOLENCIA DOMESTICA E FAMILIAR REVOGADO, FEMINICIDIO, VIOLENCIA DOMESTICA E FAMILIAR, NA FORMA TENTADA REVOGADO","FATOS TIPICOS, PORTE E POSSE DE ARMA DE FOGO, FEMINICIDIO, VIOLENCIA DOMESTICA, FATOS TIPICOS, PROJETO ACOLHIDA, CRIMES VIOLENTOS LETAIS INTENCIONAIS, VIOLENCIA DOMESTICA, FATOS TIPICOS, FEMINICIDIO NA FORMA TENTADA",06/03/2022,16:30:00,MS,Três Lagoas,5008305,SANTA LUZIA,VIOLENCIA DOMESTICA TENTADO,True,True,False,2022,3
1970,841/2022 - DEPAC-CEPOL-CG,"DESTRUICAO, SUBTRACAO OU OCULTACAO DE CADAVER, MORTE POR CAUSA INDETERMINADA (SEM INDICIO DE CRIME), FEMINICIDIO, VIOLENCIA DOMESTICA E FAMILIAR REVOGADO","FATOS TIPICOS, MORTE DECORRENTE DE FATO ATIPICO, FATOS ATIPICOS, FEMINICIDIO, VIOLENCIA DOMESTICA, FATOS TIPICOS, PROJETO ACOLHIDA, CRIMES VIOLENTOS LETAIS INTENCIONAIS",06/02/2022,10:00:00,MS,Campo Grande,5002704,ZONA RURAL AREA 2 - RU DO SEGREDO,VIOLENCIA DOMESTICA (LEGISLAÇÃO REVOGADA),False,True,False,2022,2
1984,237/2022 - 6DP-CG,"FAVORECIMENTO PESSOAL, TORTURA, SE RESULTA EM MORTE, SEQUESTRO E CARCERE PRIVADO, SE RESULTA A VITIMA, EM RAZAO DE MAUS-TRATOS OU DA NATUREZA DA DETENÇAO, GRAVE SOFRIMENTO FISICO OU MORAL, FEMINICIDIO, VIOLENCIA DOMESTICA E FAMILIAR REVOGADO","FATOS TIPICOS, TORTURA, FATOS TIPICOS, SEQUESTRO E CARCERE PRIVADO, FATOS TIPICOS, FEMINICIDIO, VIOLENCIA DOMESTICA, FATOS TIPICOS, PROJETO ACOLHIDA, CRIMES VIOLENTOS LETAIS INTENCIONAIS",26/01/2022,00:51:00,MS,Campo Grande,5002704,PORTAL CAIOBA,VIOLENCIA DOMESTICA (LEGISLAÇÃO REVOGADA),False,True,False,2022,1
1990,176/2022 - 1DP-NOVA ANDRADINA,"MORTE POR CAUSA INDETERMINADA (SEM INDICIO DE CRIME), FEMINICIDIO, VIOLENCIA DOMESTICA E FAMILIAR REVOGADO","MORTE DECORRENTE DE FATO ATIPICO, FATOS ATIPICOS, FEMINICIDIO, VIOLENCIA DOMESTICA, FATOS TIPICOS, PROJETO ACOLHIDA, CRIMES VIOLENTOS LETAIS INTENCIONAIS",23/01/2022,17:20:00,MS,Nova Andradina,5006200,,VIOLENCIA DOMESTICA (LEGISLAÇÃO REVOGADA),False,True,False,2022,1
1994,51/2022 - DP-BELA VISTA,"HOMICIDIO QUALIFICADO PELA TRAICAO, DE EMBOSCADA, OU MEDIANTE DISSIMULACAO OU OUTRO RECURSO QUE DIFICULTE OU TORNE IMPOSSIVEL A DEFESA DO OFENDIDO, AMEACA (VIOLENCIA DOMESTICA), DESCUMPRIR DECISAO JUDICIAL QUE DEFERE MEDIDAS PROTETIVAS DE URGENCIA PREVISTAS NESTA LEI","HOMICIDIO DOLOSO, CRIMES VIOLENTOS LETAIS INTENCIONAIS, PROJETO ACOLHIDA, FATOS TIPICOS, FATOS TIPICOS QUE RESULTAM EM MORTE, VIOLENCIA DOMESTICA, FATOS TIPICOS, AMEAÇA, FATOS TIPICOS",22/01/2022,02:00:00,MS,Bela Vista,5002100,,VIOLENCIA DOMESTICA,False,True,True,2022,1
2001,65/2022 - DP-ANASTACIO,"FEMINICIDIO, VIOLENCIA DOMESTICA E FAMILIAR REVOGADO","FEMINICIDIO, VIOLENCIA DOMESTICA, FATOS TIPICOS, PROJETO ACOLHIDA, CRIMES VIOLENTOS LETAIS INTENCIONAIS",15/01/2022,17:00:00,MS,Anastácio,5000708,CENTRO,VIOLENCIA DOMESTICA (LEGISLAÇÃO REVOGADA),False,True,False,2022,1
2010,51/2022 - DP-RIBAS RIO PARDO,"AMEACA (VIOLENCIA DOMESTICA), FEMINICIDIO, VIOLENCIA DOMESTICA E FAMILIAR REVOGADO","VIOLENCIA DOMESTICA, FATOS TIPICOS, AMEAÇA, FEMINICIDIO, VIOLENCIA DOMESTICA, FATOS TIPICOS, PROJETO ACOLHIDA, CRIMES VIOLENTOS LETAIS INTENCIONAIS",09/01/2022,02:09:00,MS,Ribas Do Rio Pardo,5007109,SAO SEBASTIAO,VIOLENCIA DOMESTICA (LEGISLAÇÃO REVOGADA),False,True,False,2022,1
2033,357/2021 - DP-SETE QUEDAS,"LESAO CORPORAL DOLOSA (VIOLENCIA DOMESTICA), ESTUPRO (VIOLENCIA DOMESTICA), LESAO CORPORAL SEGUIDA DE MORTE (VIOLENCIA DOMESTICA)","DOS CRIMES CONTRA A PESSOA, LESAO CORPORAL DOLOSA, VIOLENCIA DOMESTICA, FATOS TIPICOS, ESTUPRO, FATOS TIPICOS, VIOLENCIA DOMESTICA, LESAO CORPORAL DOLOSA, VIOLENCIA DOMESTICA, FATOS TIPICOS, CRIMES VIOLENTOS LETAIS INTENCIONAIS",25/12/2021,22:00:00,MS,Sete Quedas,5007703,,VIOLENCIA DOMESTICA,False,True,False,2021,12
2048,787/2021 - DAM-TRÊS LAGOAS,"SUICIDIO, FEMINICIDIO, VIOLENCIA DOMESTICA E FAMILIAR REVOGADO","MORTE DECORRENTE DE FATO ATIPICO, FEMINICIDIO, VIOLENCIA DOMESTICA, FATOS TIPICOS, PROJETO ACOLHIDA, CRIMES VIOLENTOS LETAIS INTENCIONAIS",21/12/2021,12:00:00,MS,Três Lagoas,5008305,,VIOLENCIA DOMESTICA (LEGISLAÇÃO REVOGADA),False,True,False,2021,12
2063,931/2021 - DP-NOVA ALVORADA,"FEMINICIDIO, VIOLENCIA DOMESTICA E FAMILIAR REVOGADO","FEMINICIDIO, VIOLENCIA DOMESTICA, FATOS TIPICOS, PROJETO ACOLHIDA, CRIMES VIOLENTOS LETAIS INTENCIONAIS",12/12/2021,00:15:00,MS,Nova Alvorada Do Sul,5006002,CENTRO,VIOLENCIA DOMESTICA (LEGISLAÇÃO REVOGADA),False,True,False,2021,12
2068,7489/2021 - 1DEAM,"HOMICIDIO SIMPLES NA FORMA TENTADA, FEMINICIDIO, VIOLENCIA DOMESTICA E FAMILIAR REVOGADO","HOMICIDIO DOLOSO NA FORMA TENTADA, FATOS TIPICOS, FEMINICIDIO, VIOLENCIA DOMESTICA, FATOS TIPICOS, PROJETO ACOLHIDA, CRIMES VIOLENTOS LETAIS INTENCIONAIS",07/12/2021,23:30:00,MS,Campo Grande,5002704,COOPHATRABALHO,VIOLENCIA DOMESTICA TENTADO,True,True,False,2021,12
2071,2527/2021 - 1DP-PONTA PORÃ,"SUICIDIO, HOMICIDIO QUALIFICADO PELA TRAICAO, DE EMBOSCADA, OU MEDIANTE DISSIMULACAO OU OUTRO RECURSO QUE DIFICULTE OU TORNE IMPOSSIVEL A DEFESA DO OFENDIDO, FEMINICIDIO, VIOLENCIA DOMESTICA E FAMILIAR REVOGADO","MORTE DECORRENTE DE FATO ATIPICO, HOMICIDIO DOLOSO, CRIMES VIOLENTOS LETAIS INTENCIONAIS, PROJETO ACOLHIDA, FATOS TIPICOS, FATOS TIPICOS QUE RESULTAM EM MORTE, FEMINICIDIO, VIOLENCIA DOMESTICA, FATOS TIPICOS, PROJETO ACOLHIDA, CRIMES VIOLENTOS LETAIS INTENCIONAIS",05/12/2021,02:00:00,MS,Ponta Porã,5006606,RESIDENCIAL KAMEL SAAD,VIOLENCIA DOMESTICA (LEGISLAÇÃO REVOGADA),False,True,False,2021,12
2152,413/2021 - DP-ITAQUIRAI,"POSSE IRREGULAR DE ARMA DE FOGO DE USO PERMITIDO, HOMICIDIO QUALIFICADO PELA TRAICAO, DE EMBOSCADA, OU MEDIANTE DISSIMULACAO OU OUTRO RECURSO QUE DIFICULTE OU TORNE IMPOSSIVEL A DEFESA DO OFENDIDO, NA FORMA TENTADA, FEMINICIDIO, VIOLENCIA DOMESTICA E FAMILIAR REVOGADO","FATOS TIPICOS, PORTE E POSSE DE ARMA DE FOGO, HOMICIDIO DOLOSO NA FORMA TENTADA, FATOS TIPICOS, FEMINICIDIO, VIOLENCIA DOMESTICA, FATOS TIPICOS, PROJETO ACOLHIDA, CRIMES VIOLENTOS LETAIS INTENCIONAIS",07/10/2021,20:00:00,MS,Itaquiraí,5004601,,VIOLENCIA DOMESTICA TENTADO,True,True,False,2021,10
2165,1023/2021 - DP-COSTA RICA,"FEMINICIDIO, VIOLENCIA DOMESTICA E FAMILIAR REVOGADO, FEMINICIDIO, VIOLENCIA DOMESTICA E FAMILIAR, NA FORMA TENTADA REVOGADO","FEMINICIDIO, VIOLENCIA DOMESTICA, FATOS TIPICOS, PROJETO ACOLHIDA, CRIMES VIOLENTOS LETAIS INTENCIONAIS, VIOLENCIA DOMESTICA, FATOS TIPICOS, FEMINICIDIO NA FORMA TENTADA",28/09/2021,23:30:00,MS,Costa Rica,5003256,CENTRO,VIOLENCIA DOMESTICA TENTADO,True,True,False,2021,9
2236,391/2021 - DP-IGUATEMI,"FEMINICIDIO, VIOLENCIA DOMESTICA E FAMILIAR REVOGADO","FEMINICIDIO, VIOLENCIA DOMESTICA, FATOS TIPICOS, PROJETO ACOLHIDA, CRIMES VIOLENTOS LETAIS INTENCIONAIS",09/08/2021,06:30:00,MS,Iguatemi,5004304,,VIOLENCIA DOMESTICA (LEGISLAÇÃO REVOGADA),False,True,False,2021,8
2249,397/2021 - DP-SONORA,"DESTRUICAO, SUBTRACAO OU OCULTACAO DE CADAVER, FEMINICIDIO, VIOLENCIA DOMESTICA E FAMILIAR REVOGADO, FRAUDE PROCESSUAL, SE A INOVAÇAO SE DESTINA A PRODUZIR EFEITO EM PROCESSO PENAL, AINDA QUE NAO INICIADO, AS PENAS APLICAM-SE EM DOBRO","FATOS TIPICOS, FEMINICIDIO, VIOLENCIA DOMESTICA, FATOS TIPICOS, PROJETO ACOLHIDA, CRIMES VIOLENTOS LETAIS INTENCIONAIS, FATOS TIPICOS",02/08/2021,11:30:00,MS,Sonora,5007935,CENTRO,VIOLENCIA DOMESTICA (LEGISLAÇÃO REVOGADA),False,True,False,2021,8
2272,1187/2021 - DEPAC-TL,"LESAO CORPORAL DOLOSA (VIOLENCIA DOMESTICA), FEMINICIDIO - REVOGADO","DOS CRIMES CONTRA A PESSOA, LESAO CORPORAL DOLOSA, VIOLENCIA DOMESTICA, FATOS TIPICOS, FEMINICIDIO, CRIMES VIOLENTOS LETAIS INTENCIONAIS, PROJETO ACOLHIDA, FATOS TIPICOS",10/07/2021,06:50:00,MS,Três Lagoas,5008305,JARDIM NOVA IPANEMA,VIOLENCIA DOMESTICA (LEGISLAÇÃO REVOGADA),False,True,False,2021,7
2281,2714/2021 - DEPAC-DDOS,"SUICIDIO, FEMINICIDIO, VIOLENCIA DOMESTICA E FAMILIAR REVOGADO","MORTE DECORRENTE DE FATO ATIPICO, FEMINICIDIO, VIOLENCIA DOMESTICA, FATOS TIPICOS, PROJETO ACOLHIDA, CRIMES VIOLENTOS LETAIS INTENCIONAIS",04/07/2021,10:30:00,MS,Dourados,5003702,,VIOLENCIA DOMESTICA (LEGISLAÇÃO REVOGADA),False,True,False,2021,7
2299,232/2021 - DP-GLÓRIA DOURADOS,"SUICIDIO, FEMINICIDIO, VIOLENCIA DOMESTICA E FAMILIAR REVOGADO","MORTE DECORRENTE DE FATO ATIPICO, FEMINICIDIO, VIOLENCIA DOMESTICA, FATOS TIPICOS, PROJETO ACOLHIDA, CRIMES VIOLENTOS LETAIS INTENCIONAIS",21/06/2021,01:20:00,MS,Glória De Dourados,5004007,CENTRO,VIOLENCIA DOMESTICA (LEGISLAÇÃO REVOGADA),False,True,False,2021,6
2340,464/2021 - 1DP-BATAGUASSU,"PORTE ILEGAL DE ARMA DE FOGO DE USO PERMITIDO, FEMINICIDIO, VIOLENCIA DOMESTICA E FAMILIAR REVOGADO","FATOS TIPICOS, PORTE E POSSE DE ARMA DE FOGO, FEMINICIDIO, VIOLENCIA DOMESTICA, FATOS TIPICOS, PROJETO ACOLHIDA, CRIMES VIOLENTOS LETAIS INTENCIONAIS",14/05/2021,15:00:00,MS,Bataguassu,5001904,JARDIM SAO FRANCISCO DE ASSIS,VIOLENCIA DOMESTICA (LEGISLAÇÃO REVOGADA),False,True,False,2021,5
2349,909/2021 - 1DP-PONTA PORÃ,"FEMINICIDIO, VIOLENCIA DOMESTICA E FAMILIAR REVOGADO","FEMINICIDIO, VIOLENCIA DOMESTICA, FATOS TIPICOS, PROJETO ACOLHIDA, CRIMES VIOLENTOS LETAIS INTENCIONAIS",04/05/2021,07:10:00,MS,Ponta Porã,5006606,CENTRO,VIOLENCIA DOMESTICA (LEGISLAÇÃO REVOGADA),False,True,False,2021,5
2355,197/2021 - DP-BATAYPORÃ,"FEMINICIDIO, VIOLENCIA DOMESTICA E FAMILIAR REVOGADO","FEMINICIDIO, VIOLENCIA DOMESTICA, FATOS TIPICOS, PROJETO ACOLHIDA, CRIMES VIOLENTOS LETAIS INTENCIONAIS",29/04/2021,00:00:00,MS,Batayporã,5002001,,VIOLENCIA DOMESTICA (LEGISLAÇÃO REVOGADA),False,True,False,2021,4
2383,237/2021 - DP-RIO VERDE,"POSSE IRREGULAR DE ARMA DE FOGO DE USO PERMITIDO, HOMICIDIO QUALIFICADO MEDIANTE PAGA OU PROMESSA DE RECOMPENSA, OU POR OUTRO MOTIVO TORPE, HOMICIDIO QUALIFICADO MEDIANTE PAGA OU PROMESSA DE RECOMPENSA, OU POR OUTRO MOTIVO TORPE, NA FORMA TENTADA, FEMINICIDIO, VIOLENCIA DOMESTICA E FAMILIAR, NA FORMA TENTADA REVOGADO","FATOS TIPICOS, PORTE E POSSE DE ARMA DE FOGO, FATOS TIPICOS QUE RESULTAM EM MORTE, PROJETO ACOLHIDA, FATOS TIPICOS, CRIMES VIOLENTOS LETAIS INTENCIONAIS, HOMICIDIO DOLOSO, FATOS TIPICOS, VIOLENCIA DOMESTICA, FATOS TIPICOS, FEMINICIDIO NA FORMA TENTADA",13/04/2021,17:30:00,MS,Rio Verde De Mato Grosso,5007406,NOVA RIO VERDE,VIOLENCIA DOMESTICA TENTADO,True,True,False,2021,4
2449,728/2021 - 1DP-CORUMBA,"FEMINICIDIO - REVOGADO, FEMINICIDIO, VIOLENCIA DOMESTICA E FAMILIAR REVOGADO","FEMINICIDIO, CRIMES VIOLENTOS LETAIS INTENCIONAIS, PROJETO ACOLHIDA, FATOS TIPICOS, FEMINICIDIO, VIOLENCIA DOMESTICA, FATOS TIPICOS, PROJETO ACOLHIDA, CRIMES VIOLENTOS LETAIS INTENCIONAIS",21/02/2021,01:45:00,MS,Ladário,5005202,ALTA FLORESTA II,VIOLENCIA DOMESTICA (LEGISLAÇÃO REVOGADA),False,True,False,2021,2
2466,98/2021 - DAM-TRÊS LAGOAS,"FEMINICIDIO, VIOLENCIA DOMESTICA E FAMILIAR REVOGADO","FEMINICIDIO, VIOLENCIA DOMESTICA, FATOS TIPICOS, PROJETO ACOLHIDA, CRIMES VIOLENTOS LETAIS INTENCIONAIS",05/02/2021,11:00:00,MS,Três Lagoas,5008305,COLINOS,VIOLENCIA DOMESTICA (LEGISLAÇÃO REVOGADA),False,True,False,2021,2
2473,87/2021 - DAM-TRÊS LAGOAS,"POSSE IRREGULAR DE ARMA DE FOGO DE USO PERMITIDO, FEMINICIDIO, VIOLENCIA DOMESTICA E FAMILIAR REVOGADO","FATOS TIPICOS, PORTE E POSSE DE ARMA DE FOGO, FEMINICIDIO, VIOLENCIA DOMESTICA, FATOS TIPICOS, PROJETO ACOLHIDA, CRIMES VIOLENTOS LETAIS INTENCIONAIS",03/02/2021,09:30:00,MS,Três Lagoas,5008305,,VIOLENCIA DOMESTICA (LEGISLAÇÃO REVOGADA),False,True,False,2021,2
2519,1510/2020 - DP-MUNDO NOVO,"FEMINICIDIO, VIOLENCIA DOMESTICA E FAMILIAR REVOGADO, FEMINICIDIO MAJORADO, SE PRATICADO CONTRA PESSOA MAIOR DE 60 (SESSENTA) ANOS, COM DEFICIENCIA OU COM DOENÇAS DEGENERATIVAS QUE ACARRETEM CONDIÇAO LIMITANTE OU DE VULNERABILIDADE FISICA OU MENTAL - REVOGADO","FEMINICIDIO, VIOLENCIA DOMESTICA, FATOS TIPICOS, PROJETO ACOLHIDA, CRIMES VIOLENTOS LETAIS INTENCIONAIS, FEMINICIDIO, PROJETO ACOLHIDA, FATOS TIPICOS, CRIMES VIOLENTOS LETAIS INTENCIONAIS",24/12/2020,18:00:00,MS,Japorã,5004809,,VIOLENCIA DOMESTICA MAJORADO,False,True,False,2020,12
2527,7048/2020 - 1DEAM,"FEMINICIDIO, VIOLENCIA DOMESTICA E FAMILIAR REVOGADO","FEMINICIDIO, VIOLENCIA DOMESTICA, FATOS TIPICOS, PROJETO ACOLHIDA, CRIMES VIOLENTOS LETAIS INTENCIONAIS",19/12/2020,03:15:00,MS,Campo Grande,5002704,CONJUNTO RESIDENCIAL MATA DO JACINTO,VIOLENCIA DOMESTICA (LEGISLAÇÃO REVOGADA),False,True,False,2020,12
2551,6764/2020 - 1DEAM,"FEMINICIDIO, VIOLENCIA DOMESTICA E FAMILIAR REVOGADO","FEMINICIDIO, VIOLENCIA DOMESTICA, FATOS TIPICOS, PROJETO ACOLHIDA, CRIMES VIOLENTOS LETAIS INTENCIONAIS",04/12/2020,21:00:00,MS,Campo Grande,5002704,PARQUE DO LAGEADO,VIOLENCIA DOMESTICA (LEGISLAÇÃO REVOGADA),False,True,False,2020,12
2560,6665/2020 - 1DEAM,"MORTE POR CAUSA INDETERMINADA (SEM INDICIO DE CRIME), INCENDIO QUALIFICADO (VIOLENCIA DOMESTICA), FEMINICIDIO - REVOGADO","MORTE DECORRENTE DE FATO ATIPICO, FATOS ATIPICOS, VIOLENCIA DOMESTICA, INCENDIO, FATOS TIPICOS, FEMINICIDIO, CRIMES VIOLENTOS LETAIS INTENCIONAIS, PROJETO ACOLHIDA, FATOS TIPICOS",30/11/2020,00:30:00,MS,Campo Grande,5002704,TARCILA DO AMARAL,VIOLENCIA DOMESTICA (LEGISLAÇÃO REVOGADA),False,True,False,2020,11
2572,2587/2020 - DEPAC-TL,"FEMINICIDIO, VIOLENCIA DOMESTICA E FAMILIAR REVOGADO","FEMINICIDIO, VIOLENCIA DOMESTICA, FATOS TIPICOS, PROJETO ACOLHIDA, CRIMES VIOLENTOS LETAIS INTENCIONAIS",23/11/2020,02:45:00,MS,Três Lagoas,5008305,,VIOLENCIA DOMESTICA (LEGISLAÇÃO REVOGADA),False,True,False,2020,11
2593,1246/2020 - DP-AMAMBAI,"FEMINICIDIO, VIOLENCIA DOMESTICA E FAMILIAR REVOGADO","FEMINICIDIO, VIOLENCIA DOMESTICA, FATOS TIPICOS, PROJETO ACOLHIDA, CRIMES VIOLENTOS LETAIS INTENCIONAIS",08/11/2020,23:00:00,MS,Amambai,5000609,ZONA RURAL,VIOLENCIA DOMESTICA (LEGISLAÇÃO REVOGADA),False,True,False,2020,11
2636,5405/2020 - DEPAC-DDOS,"FEMINICIDIO, VIOLENCIA DOMESTICA E FAMILIAR REVOGADO","FEMINICIDIO, VIOLENCIA DOMESTICA, FATOS TIPICOS, PROJETO ACOLHIDA, CRIMES VIOLENTOS LETAIS INTENCIONAIS",11/10/2020,13:30:00,MS,Dourados,5003702,,VIOLENCIA DOMESTICA (LEGISLAÇÃO REVOGADA),False,True,False,2020,10
2647,773/2020 - DP-ANASTACIO,"SUICIDIO, FEMINICIDIO, VIOLENCIA DOMESTICA E FAMILIAR REVOGADO","MORTE DECORRENTE DE FATO ATIPICO, FEMINICIDIO, VIOLENCIA DOMESTICA, FATOS TIPICOS, PROJETO ACOLHIDA, CRIMES VIOLENTOS LETAIS INTENCIONAIS",04/10/2020,00:30:00,MS,Anastácio,5000708,CENTRO,VIOLENCIA DOMESTICA (LEGISLAÇÃO REVOGADA),False,True,False,2020,10
2652,5342/2020 - DEPAC-CEPOL-CG,"FEMINICIDIO, VIOLENCIA DOMESTICA E FAMILIAR REVOGADO","FEMINICIDIO, VIOLENCIA DOMESTICA, FATOS TIPICOS, PROJETO ACOLHIDA, CRIMES VIOLENTOS LETAIS INTENCIONAIS",29/09/2020,00:45:00,MS,Campo Grande,5002704,JARDIM COLIBRI,VIOLENCIA DOMESTICA (LEGISLAÇÃO REVOGADA),False,True,False,2020,9
2666,1029/2020 - DP-AMAMBAI,"LESAO CORPORAL DOLOSA (VIOLENCIA DOMESTICA), HOMICIDIO QUALIFICADO POR MOTIVO FUTIL","DOS CRIMES CONTRA A PESSOA, LESAO CORPORAL DOLOSA, VIOLENCIA DOMESTICA, FATOS TIPICOS, HOMICIDIO DOLOSO, FATOS TIPICOS QUE RESULTAM EM MORTE, CRIMES VIOLENTOS LETAIS INTENCIONAIS, PROJETO ACOLHIDA, FATOS TIPICOS",20/09/2020,01:30:00,MS,Coronel Sapucaia,5003157,,VIOLENCIA DOMESTICA,False,True,False,2020,9
2676,627/2020 - DP-BONITO,"FEMINICIDIO, VIOLENCIA DOMESTICA E FAMILIAR REVOGADO","FEMINICIDIO, VIOLENCIA DOMESTICA, FATOS TIPICOS, PROJETO ACOLHIDA, CRIMES VIOLENTOS LETAIS INTENCIONAIS",08/09/2020,04:00:00,MS,Bonito,5002209,VILA MACHADO,VIOLENCIA DOMESTICA (LEGISLAÇÃO REVOGADA),False,True,False,2020,9
2677,709/2020 - DP-NOVA ALVORADA,"FEMINICIDIO, VIOLENCIA DOMESTICA E FAMILIAR REVOGADO","FEMINICIDIO, VIOLENCIA DOMESTICA, FATOS TIPICOS, PROJETO ACOLHIDA, CRIMES VIOLENTOS LETAIS INTENCIONAIS",07/09/2020,13:00:00,MS,Nova Alvorada Do Sul,5006002,CENTRO,VIOLENCIA DOMESTICA (LEGISLAÇÃO REVOGADA),False,True,False,2020,9
2717,2683/2020 - 1DP-CORUMBA,"SUICIDIO, HOMICIDIO SIMPLES (VIOLENCIA DOMESTICA), HOMICIDIO SIMPLES NA FORMA TENTADA (VIOLENCIA DOMESTICA)","MORTE DECORRENTE DE FATO ATIPICO, CRIMES VIOLENTOS LETAIS INTENCIONAIS, HOMICIDIO DOLOSO, PROJETO ACOLHIDA, VIOLENCIA DOMESTICA, FATOS TIPICOS, HOMICIDIO DOLOSO NA FORMA TENTADA, FATOS TIPICOS, VIOLENCIA DOMESTICA",27/07/2020,07:40:00,MS,Corumbá,5003207,CENTRO,VIOLENCIA DOMESTICA TENTADO,True,True,False,2020,7
2755,833/2020 - DP-CHAPADÃO,"FEMINICIDIO, VIOLENCIA DOMESTICA E FAMILIAR REVOGADO, FEMINICIDIO, VIOLENCIA DOMESTICA E FAMILIAR, NA FORMA TENTADA REVOGADO","FEMINICIDIO, VIOLENCIA DOMESTICA, FATOS TIPICOS, PROJETO ACOLHIDA, CRIMES VIOLENTOS LETAIS INTENCIONAIS, VIOLENCIA DOMESTICA, FATOS TIPICOS, FEMINICIDIO NA FORMA TENTADA",26/06/2020,19:00:00,MS,Chapadão Do Sul,5002951,,VIOLENCIA DOMESTICA TENTADO,True,True,False,2020,6
2770,3391/2020 - DEPAC-CEPOL-CG,"HOMICIDIO SIMPLES, LESAO CORPORAL DOLOSA (VIOLENCIA DOMESTICA)","FATOS TIPICOS, CRIMES VIOLENTOS LETAIS INTENCIONAIS, HOMICIDIO DOLOSO, FATOS TIPICOS QUE RESULTAM EM MORTE, PROJETO ACOLHIDA, DOS CRIMES CONTRA A PESSOA, LESAO CORPORAL DOLOSA, VIOLENCIA DOMESTICA, FATOS TIPICOS",12/06/2020,16:50:00,MS,Campo Grande,5002704,NUCLEO HABITACIONAL BURITI,VIOLENCIA DOMESTICA,False,True,False,2020,6
2802,758/2020 - 1DP-PARANAIBA,"PORTE ILEGAL DE ARMA DE FOGO DE USO PERMITIDO, HOMICIDIO QUALIFICADO POR MOTIVO FUTIL, HOMICIDIO QUALIFICADO PELA TRAICAO, DE EMBOSCADA, OU MEDIANTE DISSIMULACAO OU OUTRO RECURSO QUE DIFICULTE OU TORNE IMPOSSIVEL A DEFESA DO OFENDIDO, AMEACA (VIOLENCIA DOMESTICA), VIOLACAO DE DOMICILIO, QUALIFICADO SE O CRIME E COMETIDO DURANTE A NOITE, OU EM LUGAR ERMO, OU COM O EMPREGO DE VIOLENCIA OU DE ARMA, OU POR DUAS OU MAIS PESSOAS, FEMINICIDIO, VIOLENCIA DOMESTICA E FAMILIAR REVOGADO, FEMINICIDIO MAJORADO, SE PRATICADO NA PRESENÇA DE DESCENDENTE OU DE ASCENDENTE DA VITIMA - REVOGADO","FATOS TIPICOS, PORTE E POSSE DE ARMA DE FOGO, HOMICIDIO DOLOSO, FATOS TIPICOS QUE RESULTAM EM MORTE, CRIMES VIOLENTOS LETAIS INTENCIONAIS, PROJETO ACOLHIDA, FATOS TIPICOS, HOMICIDIO DOLOSO, CRIMES VIOLENTOS LETAIS INTENCIONAIS, PROJETO ACOLHIDA, FATOS TIPICOS, FATOS TIPICOS QUE RESULTAM EM MORTE, VIOLENCIA DOMESTICA, FATOS TIPICOS, AMEAÇA, FATOS TIPICOS, VIOLAÇAO DE DOMICILIO, FEMINICIDIO, VIOLENCIA DOMESTICA, FATOS TIPICOS, PROJETO ACOLHIDA, CRIMES VIOLENTOS LETAIS INTENCIONAIS, CRIMES VIOLENTOS LETAIS INTENCIONAIS, FATOS TIPICOS, FEMINICIDIO, PROJETO ACOLHIDA",14/05/2020,17:45:00,MS,Paranaíba,5006309,CENTRO,VIOLENCIA DOMESTICA MAJORADO,False,True,False,2020,5
2808,574/2020 - DP-COSTA RICA,"SUICIDIO, HOMICIDIO QUALIFICADO POR MOTIVO FUTIL, FEMINICIDIO, VIOLENCIA DOMESTICA E FAMILIAR, NA FORMA TENTADA REVOGADO","MORTE DECORRENTE DE FATO ATIPICO, HOMICIDIO DOLOSO, FATOS TIPICOS QUE RESULTAM EM MORTE, CRIMES VIOLENTOS LETAIS INTENCIONAIS, PROJETO ACOLHIDA, FATOS TIPICOS, VIOLENCIA DOMESTICA, FATOS TIPICOS, FEMINICIDIO NA FORMA TENTADA",11/05/2020,19:40:00,MS,Costa Rica,5003256,CENTRO,VIOLENCIA DOMESTICA TENTADO,True,True,False,2020,5
2812,396/2020 - DP-ANASTACIO,"FEMINICIDIO, VIOLENCIA DOMESTICA E FAMILIAR REVOGADO","FEMINICIDIO, VIOLENCIA DOMESTICA, FATOS TIPICOS, PROJETO ACOLHIDA, CRIMES VIOLENTOS LETAIS INTENCIONAIS",09/05/2020,04:45:00,MS,Anastácio,5000708,CRISTO REI,VIOLENCIA DOMESTICA (LEGISLAÇÃO REVOGADA),False,True,False,2020,5
2820,2502/2020 - 1DEAM,"DESTRUICAO, SUBTRACAO OU OCULTACAO DE CADAVER, FEMINICIDIO, VIOLENCIA DOMESTICA E FAMILIAR REVOGADO","FATOS TIPICOS, FEMINICIDIO, VIOLENCIA DOMESTICA, FATOS TIPICOS, PROJETO ACOLHIDA, CRIMES VIOLENTOS LETAIS INTENCIONAIS",01/05/2020,13:48:00,MS,Campo Grande,5002704,MORADA VERDE,VIOLENCIA DOMESTICA (LEGISLAÇÃO REVOGADA),False,True,False,2020,5
2826,668/2020 - 1DP-AQUIDAUANA,"LESAO CORPORAL DOLOSA, DESACATO, PORTE ILEGAL DE ARMA DE FOGO DE USO PERMITIDO, HOMICIDIO SIMPLES NA FORMA TENTADA, HOMICIDIO QUALIFICADO POR MOTIVO FUTIL, VIAS DE FATO (VIOLENCIA DOMESTICA)","LESAO CORPORAL DOLOSA, FATOS TIPICOS, FATOS TIPICOS, FATOS TIPICOS, PORTE E POSSE DE ARMA DE FOGO, HOMICIDIO DOLOSO NA FORMA TENTADA, FATOS TIPICOS, HOMICIDIO DOLOSO, FATOS TIPICOS QUE RESULTAM EM MORTE, CRIMES VIOLENTOS LETAIS INTENCIONAIS, PROJETO ACOLHIDA, FATOS TIPICOS, VIAS DE FATO, FATOS TIPICOS, DAS CONTRAVENCOES PENAIS, VIOLENCIA DOMESTICA",29/04/2020,02:30:00,MS,Aquidauana,5001102,GUANANDY,VIOLENCIA DOMESTICA TENTADO,True,True,False,2020,4
2853,16067/2020 - DEVIR,"FEMINICIDIO, VIOLENCIA DOMESTICA E FAMILIAR REVOGADO","FEMINICIDIO, VIOLENCIA DOMESTICA, FATOS TIPICOS, PROJETO ACOLHIDA, CRIMES VIOLENTOS LETAIS INTENCIONAIS",14/04/2020,00:40:00,MS,Campo Grande,5002704,PARQUE DO LAGEADO,VIOLENCIA DOMESTICA (LEGISLAÇÃO REVOGADA),False,True,False,2020,4
2857,2100/2020 - 1DEAM,"FEMINICIDIO, VIOLENCIA DOMESTICA E FAMILIAR REVOGADO","FEMINICIDIO, VIOLENCIA DOMESTICA, FATOS TIPICOS, PROJETO ACOLHIDA, CRIMES VIOLENTOS LETAIS INTENCIONAIS",09/04/2020,16:55:00,MS,Campo Grande,5002704,NUCLEO HABITACIONAL UNIVERSITARIAS,VIOLENCIA DOMESTICA (LEGISLAÇÃO REVOGADA),False,True,False,2020,4
2880,136/2020 - DAM-PONTA PORÃ,"HOMICIDIO SIMPLES, LESAO CORPORAL DOLOSA (VIOLENCIA DOMESTICA), DESCUMPRIR DECISAO JUDICIAL QUE DEFERE MEDIDAS PROTETIVAS DE URGENCIA PREVISTAS NESTA LEI","FATOS TIPICOS, CRIMES VIOLENTOS LETAIS INTENCIONAIS, HOMICIDIO DOLOSO, FATOS TIPICOS QUE RESULTAM EM MORTE, PROJETO ACOLHIDA, DOS CRIMES CONTRA A PESSOA, LESAO CORPORAL DOLOSA, VIOLENCIA DOMESTICA, FATOS TIPICOS, FATOS TIPICOS",24/03/2020,22:40:00,MS,Ponta Porã,5006606,ZONA RURAL,VIOLENCIA DOMESTICA,False,True,True,2020,3
2913,1345/2020 - 1DEAM,"HOMICIDIO QUALIFICADO MEDIANTE PAGA OU PROMESSA DE RECOMPENSA, OU POR OUTRO MOTIVO TORPE, HOMICIDIO QUALIFICADO PELA TRAICAO, DE EMBOSCADA, OU MEDIANTE DISSIMULACAO OU OUTRO RECURSO QUE DIFICULTE OU TORNE IMPOSSIVEL A DEFESA DO OFENDIDO, HOMICIDIO QUALIFICADO MEDIANTE PAGA OU PROMESSA DE RECOMPENSA, OU POR OUTRO MOTIVO TORPE, NA FORMA TENTADA, FEMINICIDIO, VIOLENCIA DOMESTICA E FAMILIAR REVOGADO","FATOS TIPICOS QUE RESULTAM EM MORTE, PROJETO ACOLHIDA, FATOS TIPICOS, CRIMES VIOLENTOS LETAIS INTENCIONAIS, HOMICIDIO DOLOSO, HOMICIDIO DOLOSO, CRIMES VIOLENTOS LETAIS INTENCIONAIS, PROJETO ACOLHIDA, FATOS TIPICOS, FATOS TIPICOS QUE RESULTAM EM MORTE, FATOS TIPICOS, FEMINICIDIO, VIOLENCIA DOMESTICA, FATOS TIPICOS, PROJETO ACOLHIDA, CRIMES VIOLENTOS LETAIS INTENCIONAIS",29/02/2020,23:50:00,MS,Campo Grande,5002704,LOTEAMENTO NOVA SERRANA,VIOLENCIA DOMESTICA TENTADO,True,True,False,2020,2
2934,1138/2020 - 1DEAM,"HOMICIDIO SIMPLES, AMEACA (VIOLENCIA DOMESTICA), VIOLACAO DE DOMICILIO (VIOLENCIA DOMESTICA), DESCUMPRIR DECISAO JUDICIAL QUE DEFERE MEDIDAS PROTETIVAS DE URGENCIA PREVISTAS NESTA LEI","FATOS TIPICOS, CRIMES VIOLENTOS LETAIS INTENCIONAIS, HOMICIDIO DOLOSO, FATOS TIPICOS QUE RESULTAM EM MORTE, PROJETO ACOLHIDA, VIOLENCIA DOMESTICA, FATOS TIPICOS, AMEAÇA, FATOS TIPICOS, FATOS TIPICOS",20/02/2020,16:30:00,MS,Campo Grande,5002704,VILA CARVALHO,VIOLENCIA DOMESTICA,False,True,True,2020,2
2936,14/2020 - DAM-FATIMA DO SUL,"FEMINICIDIO, VIOLENCIA DOMESTICA E FAMILIAR REVOGADO","FEMINICIDIO, VIOLENCIA DOMESTICA, FATOS TIPICOS, PROJETO ACOLHIDA, CRIMES VIOLENTOS LETAIS INTENCIONAIS",20/02/2020,04:30:00,MS,Fátima Do Sul,5003801,CENTRO,VIOLENCIA DOMESTICA (LEGISLAÇÃO REVOGADA),False,True,False,2020,2
2943,93/2020 - DP-IGUATEMI,"LESAO CORPORAL DOLOSA (VIOLENCIA DOMESTICA), HOMICIDIO QUALIFICADO POR MOTIVO FUTIL, HOMICIDIO DOLOSO MAJORADO, SE O CRIME É PRATICADO CONTRA PESSOA MENOR DE 14 (QUATORZE) OU MAIOR DE 60 (SESSENTA)","DOS CRIMES CONTRA A PESSOA, LESAO CORPORAL DOLOSA, VIOLENCIA DOMESTICA, FATOS TIPICOS, HOMICIDIO DOLOSO, FATOS TIPICOS QUE RESULTAM EM MORTE, CRIMES VIOLENTOS LETAIS INTENCIONAIS, PROJETO ACOLHIDA, FATOS TIPICOS, PROJETO ACOLHIDA, FATOS TIPICOS, HOMICIDIO DOLOSO, CRIMES VIOLENTOS LETAIS INTENCIONAIS",16/02/2020,22:20:00,MS,Iguatemi,5004304,ZONA RURAL,VIOLENCIA DOMESTICA MAJORADO,False,True,False,2020,2
2970,394/2020 - 1DEAM,"PORTE ILEGAL DE ARMA DE FOGO DE USO PERMITIDO, SUICIDIO (TENTATIVA), FEMINICIDIO, VIOLENCIA DOMESTICA E FAMILIAR REVOGADO","FATOS TIPICOS, PORTE E POSSE DE ARMA DE FOGO, FEMINICIDIO, VIOLENCIA DOMESTICA, FATOS TIPICOS, PROJETO ACOLHIDA, CRIMES VIOLENTOS LETAIS INTENCIONAIS",18/01/2020,09:10:00,MS,Campo Grande,5002704,CARANDA BOSQUE,VIOLENCIA DOMESTICA TENTADO,True,True,False,2020,1
2986,15/2020 - 1DP-JARDIM,"SUICIDIO, FEMINICIDIO, VIOLENCIA DOMESTICA E FAMILIAR REVOGADO","MORTE DECORRENTE DE FATO ATIPICO, FEMINICIDIO, VIOLENCIA DOMESTICA, FATOS TIPICOS, PROJETO ACOLHIDA, CRIMES VIOLENTOS LETAIS INTENCIONAIS",02/01/2020,15:00:00,MS,Jardim,5005004,VILA ANGELICA,VIOLENCIA DOMESTICA (LEGISLAÇÃO REVOGADA),False,True,False,2020,1
3007,3928/2019 - 1DP-PONTA PORÃ,"FEMINICIDIO, VIOLENCIA DOMESTICA E FAMILIAR REVOGADO, FURTO (VIOLENCIA DOMESTICA)","FEMINICIDIO, VIOLENCIA DOMESTICA, FATOS TIPICOS, PROJETO ACOLHIDA, CRIMES VIOLENTOS LETAIS INTENCIONAIS, FATOS TIPICOS, VIOLENCIA DOMESTICA",23/12/2019,00:00:00,MS,Ponta Porã,5006606,ZONA RURAL,VIOLENCIA DOMESTICA (LEGISLAÇÃO REVOGADA),False,True,False,2019,12
3018,425/2019 - DAM-NOVA ANDRADINA,"FEMINICIDIO, VIOLENCIA DOMESTICA E FAMILIAR REVOGADO, FEMINICIDIO, VIOLENCIA DOMESTICA E FAMILIAR, NA FORMA TENTADA REVOGADO","FEMINICIDIO, VIOLENCIA DOMESTICA, FATOS TIPICOS, PROJETO ACOLHIDA, CRIMES VIOLENTOS LETAIS INTENCIONAIS, VIOLENCIA DOMESTICA, FATOS TIPICOS, FEMINICIDIO NA FORMA TENTADA",14/12/2019,01:00:00,MS,Nova Andradina,5006200,SAO VICENTE DE PAULA,VIOLENCIA DOMESTICA TENTADO,True,True,False,2019,12
3020,378/2019 - DAM-COXIM,"FEMINICIDIO, VIOLENCIA DOMESTICA E FAMILIAR REVOGADO, FEMINICIDIO, VIOLENCIA DOMESTICA E FAMILIAR, NA FORMA TENTADA REVOGADO","FEMINICIDIO, VIOLENCIA DOMESTICA, FATOS TIPICOS, PROJETO ACOLHIDA, CRIMES VIOLENTOS LETAIS INTENCIONAIS, VIOLENCIA DOMESTICA, FATOS TIPICOS, FEMINICIDIO NA FORMA TENTADA",12/12/2019,00:01:00,MS,Corumbá,5003207,,VIOLENCIA DOMESTICA TENTADO,True,True,False,2019,12
3029,15045/2019 - DEPAC-PIRATININGA-CG,"LESAO CORPORAL DOLOSA (VIOLENCIA DOMESTICA), HOMICIDIO QUALIFICADO PELA TRAICAO, DE EMBOSCADA, OU MEDIANTE DISSIMULACAO OU OUTRO RECURSO QUE DIFICULTE OU TORNE IMPOSSIVEL A DEFESA DO OFENDIDO","DOS CRIMES CONTRA A PESSOA, LESAO CORPORAL DOLOSA, VIOLENCIA DOMESTICA, FATOS TIPICOS, HOMICIDIO DOLOSO, CRIMES VIOLENTOS LETAIS INTENCIONAIS, PROJETO ACOLHIDA, FATOS TIPICOS, FATOS TIPICOS QUE RESULTAM EM MORTE",06/12/2019,22:19:00,MS,Campo Grande,5002704,,VIOLENCIA DOMESTICA,False,True,False,2019,12
3069,819/2019 - DP-CAMAPUÃ,"HOMICIDIO SIMPLES, FURTO, HOMICIDIO SIMPLES NA FORMA TENTADA, HOMICIDIO SIMPLES NA FORMA TENTADA (VIOLENCIA DOMESTICA)","FATOS TIPICOS, CRIMES VIOLENTOS LETAIS INTENCIONAIS, HOMICIDIO DOLOSO, FATOS TIPICOS QUE RESULTAM EM MORTE, PROJETO ACOLHIDA, FURTO, FATOS TIPICOS, FURTO (SEM ART. 155, § 3° DO CP), HOMICIDIO DOLOSO NA FORMA TENTADA, FATOS TIPICOS, HOMICIDIO DOLOSO NA FORMA TENTADA, FATOS TIPICOS, VIOLENCIA DOMESTICA",08/11/2019,02:00:00,MS,Camapuã,5002605,CHACARAS BRILHANTE BLOCO UM,VIOLENCIA DOMESTICA TENTADO,True,True,False,2019,11
3083,1765/2019 - DP-MARACAJU,"FEMINICIDIO, VIOLENCIA DOMESTICA E FAMILIAR REVOGADO","FEMINICIDIO, VIOLENCIA DOMESTICA, FATOS TIPICOS, PROJETO ACOLHIDA, CRIMES VIOLENTOS LETAIS INTENCIONAIS",26/10/2019,03:30:00,MS,Maracaju,5005400,PARAGUAI,VIOLENCIA DOMESTICA (LEGISLAÇÃO REVOGADA),False,True,False,2019,10
3085,2252/2019 - 1DP-AQUIDAUANA,"HOMICIDIO QUALIFICADO POR MOTIVO FUTIL, AMEACA (VIOLENCIA DOMESTICA)","HOMICIDIO DOLOSO, FATOS TIPICOS QUE RESULTAM EM MORTE, CRIMES VIOLENTOS LETAIS INTENCIONAIS, PROJETO ACOLHIDA, FATOS TIPICOS, VIOLENCIA DOMESTICA, FATOS TIPICOS, AMEAÇA",24/10/2019,21:40:00,MS,Aquidauana,5001102,OVIDIO COSTA DOIS,VIOLENCIA DOMESTICA,False,True,False,2019,10
3101,2365/2019 - 1DP-PARANAIBA,"HOMICIDIO QUALIFICADO POR MOTIVO FUTIL, HOMICIDIO QUALIFICADO PELA TRAICAO, DE EMBOSCADA, OU MEDIANTE DISSIMULACAO OU OUTRO RECURSO QUE DIFICULTE OU TORNE IMPOSSIVEL A DEFESA DO OFENDIDO, FEMINICIDIO, VIOLENCIA DOMESTICA E FAMILIAR REVOGADO","HOMICIDIO DOLOSO, FATOS TIPICOS QUE RESULTAM EM MORTE, CRIMES VIOLENTOS LETAIS INTENCIONAIS, PROJETO ACOLHIDA, FATOS TIPICOS, HOMICIDIO DOLOSO, CRIMES VIOLENTOS LETAIS INTENCIONAIS, PROJETO ACOLHIDA, FATOS TIPICOS, FATOS TIPICOS QUE RESULTAM EM MORTE, FEMINICIDIO, VIOLENCIA DOMESTICA, FATOS TIPICOS, PROJETO ACOLHIDA, CRIMES VIOLENTOS LETAIS INTENCIONAIS",05/10/2019,20:20:00,MS,Paranaíba,5006309,CENTRO,VIOLENCIA DOMESTICA (LEGISLAÇÃO REVOGADA),False,True,False,2019,10
3150,1726/2019 - 1DP-AQUIDAUANA,"SUICIDIO (TENTATIVA), FEMINICIDIO, VIOLENCIA DOMESTICA E FAMILIAR REVOGADO","FEMINICIDIO, VIOLENCIA DOMESTICA, FATOS TIPICOS, PROJETO ACOLHIDA, CRIMES VIOLENTOS LETAIS INTENCIONAIS",27/08/2019,19:30:00,MS,Aquidauana,5001102,NOVA AQUIDAUANA,VIOLENCIA DOMESTICA TENTADO,True,True,False,2019,8
3200,8716/2019 - DEPAC-PIRATININGA-CG,"LESAO CORPORAL DOLOSA (VIOLENCIA DOMESTICA), LESAO CORPORAL SEGUIDA DE MORTE","DOS CRIMES CONTRA A PESSOA, LESAO CORPORAL DOLOSA, VIOLENCIA DOMESTICA, FATOS TIPICOS, FATOS TIPICOS QUE RESULTAM EM MORTE, LESAO CORPORAL DOLOSA, FATOS TIPICOS, CRIMES VIOLENTOS LETAIS INTENCIONAIS",14/07/2019,03:50:00,MS,Campo Grande,5002704,VILA MORENINHA II,VIOLENCIA DOMESTICA,False,True,False,2019,7
3221,955/2019 - DP-CASSILÂNDIA,"FEMINICIDIO, VIOLENCIA DOMESTICA E FAMILIAR REVOGADO","FEMINICIDIO, VIOLENCIA DOMESTICA, FATOS TIPICOS, PROJETO ACOLHIDA, CRIMES VIOLENTOS LETAIS INTENCIONAIS",24/06/2019,08:30:00,MS,Inocência,5004403,AREA RURAL,VIOLENCIA DOMESTICA (LEGISLAÇÃO REVOGADA),False,True,False,2019,6
3233,162/2019 - DP-ARAL MOREIRA,"FEMINICIDIO, VIOLENCIA DOMESTICA E FAMILIAR REVOGADO","FEMINICIDIO, VIOLENCIA DOMESTICA, FATOS TIPICOS, PROJETO ACOLHIDA, CRIMES VIOLENTOS LETAIS INTENCIONAIS",18/06/2019,18:00:00,MS,Aral Moreira,5001243,,VIOLENCIA DOMESTICA (LEGISLAÇÃO REVOGADA),False,True,False,2019,6
3235,7485/2019 - DEPAC-PIRATININGA-CG,"LESAO CORPORAL DOLOSA (VIOLENCIA DOMESTICA), HOMICIDIO QUALIFICADO PELA TRAICAO, DE EMBOSCADA, OU MEDIANTE DISSIMULACAO OU OUTRO RECURSO QUE DIFICULTE OU TORNE IMPOSSIVEL A DEFESA DO OFENDIDO","DOS CRIMES CONTRA A PESSOA, LESAO CORPORAL DOLOSA, VIOLENCIA DOMESTICA, FATOS TIPICOS, HOMICIDIO DOLOSO, CRIMES VIOLENTOS LETAIS INTENCIONAIS, PROJETO ACOLHIDA, FATOS TIPICOS, FATOS TIPICOS QUE RESULTAM EM MORTE",15/06/2019,05:00:00,MS,Campo Grande,5002704,JARDIM SAO CONRADO,VIOLENCIA DOMESTICA,False,True,False,2019,6
3243,3453/2019 - 1DEAM,"ESTUPRO (VIOLENCIA DOMESTICA), HOMICIDIO QUALIFICADO COM EMPREGO DE VENENO, FOGO, EXPLOSIVO, ASFIXIA, TORTURA OU OUTRO MEIO INSIDIOSO, NA FORMA TENTADA, FEMINICIDIO, VIOLENCIA DOMESTICA E FAMILIAR REVOGADO, FEMINICIDIO, VIOLENCIA DOMESTICA E FAMILIAR, NA FORMA TENTADA REVOGADO","ESTUPRO, FATOS TIPICOS, VIOLENCIA DOMESTICA, FATOS TIPICOS, HOMICIDIO DOLOSO NA FORMA TENTADA, FEMINICIDIO, VIOLENCIA DOMESTICA, FATOS TIPICOS, PROJETO ACOLHIDA, CRIMES VIOLENTOS LETAIS INTENCIONAIS, VIOLENCIA DOMESTICA, FATOS TIPICOS, FEMINICIDIO NA FORMA TENTADA",11/06/2019,03:30:00,MS,Campo Grande,5002704,JARDIM BALSAMO,VIOLENCIA DOMESTICA TENTADO,True,True,False,2019,6
3269,225/2019 - 2DP-CG,"INCENDIO CULPOSO, HOMICIDIO QUALIFICADO COM EMPREGO DE VENENO, FOGO, EXPLOSIVO, ASFIXIA, TORTURA OU OUTRO MEIO INSIDIOSO, NA FORMA TENTADA, FEMINICIDIO, VIOLENCIA DOMESTICA E FAMILIAR REVOGADO, FEMINICIDIO, VIOLENCIA DOMESTICA E FAMILIAR, NA FORMA TENTADA REVOGADO","INCENDIO, FATOS TIPICOS, FATOS TIPICOS, HOMICIDIO DOLOSO NA FORMA TENTADA, FEMINICIDIO, VIOLENCIA DOMESTICA, FATOS TIPICOS, PROJETO ACOLHIDA, CRIMES VIOLENTOS LETAIS INTENCIONAIS, VIOLENCIA DOMESTICA, FATOS TIPICOS, FEMINICIDIO NA FORMA TENTADA",21/05/2019,13:36:00,MS,Campo Grande,5002704,VILA MARLI,VIOLENCIA DOMESTICA TENTADO,True,True,False,2019,5
3280,2801/2019 - 1DEAM,"SUICIDIO, FEMINICIDIO, VIOLENCIA DOMESTICA E FAMILIAR REVOGADO","MORTE DECORRENTE DE FATO ATIPICO, FEMINICIDIO, VIOLENCIA DOMESTICA, FATOS TIPICOS, PROJETO ACOLHIDA, CRIMES VIOLENTOS LETAIS INTENCIONAIS",11/05/2019,02:35:00,MS,Campo Grande,5002704,VILA CARVALHO,VIOLENCIA DOMESTICA (LEGISLAÇÃO REVOGADA),False,True,False,2019,5
3285,59/2019 - DAM-JARDIM,"SUICIDIO, FEMINICIDIO, VIOLENCIA DOMESTICA E FAMILIAR REVOGADO","MORTE DECORRENTE DE FATO ATIPICO, FEMINICIDIO, VIOLENCIA DOMESTICA, FATOS TIPICOS, PROJETO ACOLHIDA, CRIMES VIOLENTOS LETAIS INTENCIONAIS",08/05/2019,14:02:00,MS,Jardim,5005004,VILA ANGELICA,VIOLENCIA DOMESTICA (LEGISLAÇÃO REVOGADA),False,True,False,2019,5
3304,2319/2019 - 1DEAM,"FEMINICIDIO, VIOLENCIA DOMESTICA E FAMILIAR REVOGADO","FEMINICIDIO, VIOLENCIA DOMESTICA, FATOS TIPICOS, PROJETO ACOLHIDA, CRIMES VIOLENTOS LETAIS INTENCIONAIS",19/04/2019,14:00:00,MS,Campo Grande,5002704,VILA PALMIRA,VIOLENCIA DOMESTICA (LEGISLAÇÃO REVOGADA),False,True,False,2019,4
3325,66/2019 - DAM-NAVIRAÍ,"POSSE OU PORTE ILEGAL DE ARMA DE FOGO DE USO RESTRITO, FEMINICIDIO, VIOLENCIA DOMESTICA E FAMILIAR REVOGADO","FATOS TIPICOS, PORTE E POSSE DE ARMA DE FOGO, FEMINICIDIO, VIOLENCIA DOMESTICA, FATOS TIPICOS, PROJETO ACOLHIDA, CRIMES VIOLENTOS LETAIS INTENCIONAIS",03/04/2019,07:25:00,MS,Navirai,5005707,RESIDENCIAL IPE,VIOLENCIA DOMESTICA (LEGISLAÇÃO REVOGADA),False,True,False,2019,4
3329,529/2019 - DP-CHAPADÃO,"FEMINICIDIO, VIOLENCIA DOMESTICA E FAMILIAR REVOGADO","FEMINICIDIO, VIOLENCIA DOMESTICA, FATOS TIPICOS, PROJETO ACOLHIDA, CRIMES VIOLENTOS LETAIS INTENCIONAIS",31/03/2019,17:30:00,MS,Chapadão Do Sul,5002951,ESPLANADA II,VIOLENCIA DOMESTICA (LEGISLAÇÃO REVOGADA),False,True,False,2019,3
3345,449/2019 - DP-COSTA RICA,"FEMINICIDIO, VIOLENCIA DOMESTICA E FAMILIAR REVOGADO","FEMINICIDIO, VIOLENCIA DOMESTICA, FATOS TIPICOS, PROJETO ACOLHIDA, CRIMES VIOLENTOS LETAIS INTENCIONAIS",17/03/2019,00:20:00,MS,Costa Rica,5003256,CENTRO,VIOLENCIA DOMESTICA (LEGISLAÇÃO REVOGADA),False,True,False,2019,3
3375,284/2019 - DP-AMAMBAI,"FEMINICIDIO, VIOLENCIA DOMESTICA E FAMILIAR REVOGADO","FEMINICIDIO, VIOLENCIA DOMESTICA, FATOS TIPICOS, PROJETO ACOLHIDA, CRIMES VIOLENTOS LETAIS INTENCIONAIS",21/02/2019,06:00:00,MS,Amambai,5000609,ZONA RURAL,VIOLENCIA DOMESTICA (LEGISLAÇÃO REVOGADA),False,True,False,2019,2
3430,507/2019 - DEPAC-PIRATININGA-CG,"DESTRUICAO, SUBTRACAO OU OCULTACAO DE CADAVER, FEMINICIDIO, VIOLENCIA DOMESTICA E FAMILIAR REVOGADO","FATOS TIPICOS, FEMINICIDIO, VIOLENCIA DOMESTICA, FATOS TIPICOS, PROJETO ACOLHIDA, CRIMES VIOLENTOS LETAIS INTENCIONAIS",11/01/2019,18:30:00,MS,Campo Grande,5002704,PORTAL CAIOBA,VIOLENCIA DOMESTICA (LEGISLAÇÃO REVOGADA),False,True,False,2019,1
3452,1826/2018 - DP-MUNDO NOVO,"FEMINICIDIO MAJORADO, SE PRATICADO NA PRESENÇA DE DESCENDENTE OU DE ASCENDENTE DA VITIMA - REVOGADO, FEMINICIDIO, VIOLENCIA DOMESTICA E FAMILIAR, NA FORMA TENTADA REVOGADO, DESCUMPRIR DECISAO JUDICIAL QUE DEFERE MEDIDAS PROTETIVAS DE URGENCIA PREVISTAS NESTA LEI","CRIMES VIOLENTOS LETAIS INTENCIONAIS, FATOS TIPICOS, FEMINICIDIO, PROJETO ACOLHIDA, VIOLENCIA DOMESTICA, FATOS TIPICOS, FEMINICIDIO NA FORMA TENTADA, FATOS TIPICOS",25/12/2018,10:30:00,MS,Mundo Novo,5005681,SAO JORGE,VIOLENCIA DOMESTICA TENTADO,True,True,True,2018,12
3453,15693/2018 - DEPAC-PIRATININGA-CG,"HOMICIDIO QUALIFICADO MEDIANTE PAGA OU PROMESSA DE RECOMPENSA, OU POR OUTRO MOTIVO TORPE, HOMICIDIO QUALIFICADO COM EMPREGO DE VENENO, FOGO, EXPLOSIVO, ASFIXIA, TORTURA OU OUTRO MEIO INSIDIOSO, HOMICIDIO QUALIFICADO PELA TRAICAO, DE EMBOSCADA, OU MEDIANTE DISSIMULACAO OU OUTRO RECURSO QUE DIFICULTE OU TORNE IMPOSSIVEL A DEFESA DO OFENDIDO, FEMINICIDIO, VIOLENCIA DOMESTICA E FAMILIAR REVOGADO, DESCUMPRIR DECISAO JUDICIAL QUE DEFERE MEDIDAS PROTETIVAS DE URGENCIA PREVISTAS NESTA LEI","FATOS TIPICOS QUE RESULTAM EM MORTE, PROJETO ACOLHIDA, FATOS TIPICOS, CRIMES VIOLENTOS LETAIS INTENCIONAIS, HOMICIDIO DOLOSO, CRIMES VIOLENTOS LETAIS INTENCIONAIS, FATOS TIPICOS QUE RESULTAM EM MORTE, HOMICIDIO DOLOSO, PROJETO ACOLHIDA, FATOS TIPICOS, HOMICIDIO DOLOSO, CRIMES VIOLENTOS LETAIS INTENCIONAIS, PROJETO ACOLHIDA, FATOS TIPICOS, FATOS TIPICOS QUE RESULTAM EM MORTE, FEMINICIDIO, VIOLENCIA DOMESTICA, FATOS TIPICOS, PROJETO ACOLHIDA, CRIMES VIOLENTOS LETAIS INTENCIONAIS, FATOS TIPICOS",25/12/2018,08:10:00,MS,Campo Grande,5002704,VILA MORENINHA II,VIOLENCIA DOMESTICA (LEGISLAÇÃO REVOGADA),False,True,True,2018,12
3455,1050/2018 - DP-RIBAS RIO PARDO,"HOMICIDIO QUALIFICADO MEDIANTE PAGA OU PROMESSA DE RECOMPENSA, OU POR OUTRO MOTIVO TORPE, FEMINICIDIO, VIOLENCIA DOMESTICA E FAMILIAR, NA FORMA TENTADA REVOGADO","FATOS TIPICOS QUE RESULTAM EM MORTE, PROJETO ACOLHIDA, FATOS TIPICOS, CRIMES VIOLENTOS LETAIS INTENCIONAIS, HOMICIDIO DOLOSO, VIOLENCIA DOMESTICA, FATOS TIPICOS, FEMINICIDIO NA FORMA TENTADA",23/12/2018,04:30:00,MS,Ribas Do Rio Pardo,5007109,SANTOS DUMONT,VIOLENCIA DOMESTICA TENTADO,True,True,False,2018,12
3474,1471/2018 - DP-APARECIDA,"FEMINICIDIO, VIOLENCIA DOMESTICA E FAMILIAR REVOGADO","FEMINICIDIO, VIOLENCIA DOMESTICA, FATOS TIPICOS, PROJETO ACOLHIDA, CRIMES VIOLENTOS LETAIS INTENCIONAIS",15/12/2018,02:00:00,MS,Aparecida Do Taboado,5001003,JARDIM SANTO ANTONIO,VIOLENCIA DOMESTICA (LEGISLAÇÃO REVOGADA),False,True,False,2018,12
3478,1449/2018 - DP-APARECIDA,"LESAO CORPORAL DOLOSA (VIOLENCIA DOMESTICA), HOMICIDIO QUALIFICADO POR MOTIVO FUTIL","DOS CRIMES CONTRA A PESSOA, LESAO CORPORAL DOLOSA, VIOLENCIA DOMESTICA, FATOS TIPICOS, HOMICIDIO DOLOSO, FATOS TIPICOS QUE RESULTAM EM MORTE, CRIMES VIOLENTOS LETAIS INTENCIONAIS, PROJETO ACOLHIDA, FATOS TIPICOS",10/12/2018,12:00:00,MS,Aparecida Do Taboado,5001003,JARDIM SANTO ANTONIO,VIOLENCIA DOMESTICA,False,True,False,2018,12
3487,215/2018 - DP-DOURADINA,"FEMINICIDIO, VIOLENCIA DOMESTICA E FAMILIAR REVOGADO","FEMINICIDIO, VIOLENCIA DOMESTICA, FATOS TIPICOS, PROJETO ACOLHIDA, CRIMES VIOLENTOS LETAIS INTENCIONAIS",01/12/2018,09:00:00,MS,Douradina,5003504,,VIOLENCIA DOMESTICA (LEGISLAÇÃO REVOGADA),False,True,False,2018,12
3490,1540/2018 - DP-CAARAPO,LESAO CORPORAL SEGUIDA DE MORTE (VIOLENCIA DOMESTICA),"LESAO CORPORAL DOLOSA, VIOLENCIA DOMESTICA, FATOS TIPICOS, CRIMES VIOLENTOS LETAIS INTENCIONAIS",28/11/2018,23:58:00,MS,Caarapó,5002407,JARDIM SANTA MARTA,VIOLENCIA DOMESTICA,False,True,False,2018,11
3493,6695/2018 - 1DEAM,"HOMICIDIO QUALIFICADO COM EMPREGO DE VENENO, FOGO, EXPLOSIVO, ASFIXIA, TORTURA OU OUTRO MEIO INSIDIOSO, FEMINICIDIO, VIOLENCIA DOMESTICA E FAMILIAR, NA FORMA TENTADA REVOGADO","CRIMES VIOLENTOS LETAIS INTENCIONAIS, FATOS TIPICOS QUE RESULTAM EM MORTE, HOMICIDIO DOLOSO, PROJETO ACOLHIDA, FATOS TIPICOS, VIOLENCIA DOMESTICA, FATOS TIPICOS, FEMINICIDIO NA FORMA TENTADA",27/11/2018,00:30:00,MS,Campo Grande,5002704,JARDIM AERO RANCHO,VIOLENCIA DOMESTICA TENTADO,True,True,False,2018,11
3494,807/2018 - DAM-DOURADOS,"FEMINICIDIO, VIOLENCIA DOMESTICA E FAMILIAR REVOGADO, FEMINICIDIO MAJORADO, SE PRATICADO CONTRA PESSOA MAIOR DE 60 (SESSENTA) ANOS, COM DEFICIENCIA OU COM DOENÇAS DEGENERATIVAS QUE ACARRETEM CONDIÇAO LIMITANTE OU DE VULNERABILIDADE FISICA OU MENTAL - REVOGADO","FEMINICIDIO, VIOLENCIA DOMESTICA, FATOS TIPICOS, PROJETO ACOLHIDA, CRIMES VIOLENTOS LETAIS INTENCIONAIS, FEMINICIDIO, PROJETO ACOLHIDA, FATOS TIPICOS, CRIMES VIOLENTOS LETAIS INTENCIONAIS",25/11/2018,22:30:00,MS,Dourados,5003702,JARDIM SAO PEDRO,VIOLENCIA DOMESTICA MAJORADO,False,True,False,2018,11
3514,6276/2018 - 1DEAM,"FEMINICIDIO, VIOLENCIA DOMESTICA E FAMILIAR REVOGADO, FEMINICIDIO MAJORADO, SE PRATICADO CONTRA PESSOA MAIOR DE 60 (SESSENTA) ANOS, COM DEFICIENCIA OU COM DOENÇAS DEGENERATIVAS QUE ACARRETEM CONDIÇAO LIMITANTE OU DE VULNERABILIDADE FISICA OU MENTAL - REVOGADO","FEMINICIDIO, VIOLENCIA DOMESTICA, FATOS TIPICOS, PROJETO ACOLHIDA, CRIMES VIOLENTOS LETAIS INTENCIONAIS, FEMINICIDIO, PROJETO ACOLHIDA, FATOS TIPICOS, CRIMES VIOLENTOS LETAIS INTENCIONAIS",07/11/2018,11:00:00,MS,Campo Grande,5002704,JARDIM SAO CONRADO,VIOLENCIA DOMESTICA MAJORADO,False,True,False,2018,11
3529,143/2018 - DRP-TRÊS LAGOAS,"HOMICIDIO SIMPLES, DESTRUICAO, SUBTRACAO OU OCULTACAO DE CADAVER, MAUS TRATOS (VIOLENCIA DOMESTICA)","FATOS TIPICOS, CRIMES VIOLENTOS LETAIS INTENCIONAIS, HOMICIDIO DOLOSO, FATOS TIPICOS QUE RESULTAM EM MORTE, PROJETO ACOLHIDA, FATOS TIPICOS, FATOS TIPICOS, MAUS-TRATOS, VIOLENCIA DOMESTICA",22/10/2018,17:45:00,MS,Três Lagoas,5008305,SETSUL,VIOLENCIA DOMESTICA,False,True,False,2018,10
3560,1748/2018 - DP-COSTA RICA,"SUICIDIO, FEMINICIDIO, VIOLENCIA DOMESTICA E FAMILIAR REVOGADO","MORTE DECORRENTE DE FATO ATIPICO, FEMINICIDIO, VIOLENCIA DOMESTICA, FATOS TIPICOS, PROJETO ACOLHIDA, CRIMES VIOLENTOS LETAIS INTENCIONAIS",30/09/2018,02:50:00,MS,Costa Rica,5003256,CENTRO,VIOLENCIA DOMESTICA (LEGISLAÇÃO REVOGADA),False,True,False,2018,9
3572,1047/2018 - DP-BELA VISTA,"SUICIDIO, FEMINICIDIO, VIOLENCIA DOMESTICA E FAMILIAR REVOGADO","MORTE DECORRENTE DE FATO ATIPICO, FEMINICIDIO, VIOLENCIA DOMESTICA, FATOS TIPICOS, PROJETO ACOLHIDA, CRIMES VIOLENTOS LETAIS INTENCIONAIS",21/09/2018,17:15:00,MS,Bela Vista,5002100,COSTA E SILVA,VIOLENCIA DOMESTICA (LEGISLAÇÃO REVOGADA),False,True,False,2018,9
3583,5016/2018 - 1DEAM,"LESAO CORPORAL DOLOSA (VIOLENCIA DOMESTICA), HOMICIDIO QUALIFICADO COM EMPREGO DE VENENO, FOGO, EXPLOSIVO, ASFIXIA, TORTURA OU OUTRO MEIO INSIDIOSO, FEMINICIDIO MAJORADO, SE PRATICADO CONTRA PESSOA MAIOR DE 60 (SESSENTA) ANOS, COM DEFICIENCIA OU COM DOENÇAS DEGENERATIVAS QUE ACARRETEM CONDIÇAO LIMITANTE OU DE VULNERABILIDADE FISICA OU MENTAL - REVOGADO, FEMINICIDIO, VIOLENCIA DOMESTICA E FAMILIAR, NA FORMA TENTADA REVOGADO","DOS CRIMES CONTRA A PESSOA, LESAO CORPORAL DOLOSA, VIOLENCIA DOMESTICA, FATOS TIPICOS, CRIMES VIOLENTOS LETAIS INTENCIONAIS, FATOS TIPICOS QUE RESULTAM EM MORTE, HOMICIDIO DOLOSO, PROJETO ACOLHIDA, FATOS TIPICOS, FEMINICIDIO, PROJETO ACOLHIDA, FATOS TIPICOS, CRIMES VIOLENTOS LETAIS INTENCIONAIS, VIOLENCIA DOMESTICA, FATOS TIPICOS, FEMINICIDIO NA FORMA TENTADA",10/09/2018,05:00:00,MS,Campo Grande,5002704,PAULO COELHO MACHADO,VIOLENCIA DOMESTICA TENTADO,True,True,False,2018,9
3594,10735/2018 - DEPAC-PIRATININGA-CG,"HOMICIDIO SIMPLES, HOMICIDIO QUALIFICADO MEDIANTE PAGA OU PROMESSA DE RECOMPENSA, OU POR OUTRO MOTIVO TORPE, HOMICIDIO QUALIFICADO PELA TRAICAO, DE EMBOSCADA, OU MEDIANTE DISSIMULACAO OU OUTRO RECURSO QUE DIFICULTE OU TORNE IMPOSSIVEL A DEFESA DO OFENDIDO, FEMINICIDIO, VIOLENCIA DOMESTICA E FAMILIAR REVOGADO, FEMINICIDIO MAJORADO, SE PRATICADO CONTRA PESSOA MAIOR DE 60 (SESSENTA) ANOS, COM DEFICIENCIA OU COM DOENÇAS DEGENERATIVAS QUE ACARRETEM CONDIÇAO LIMITANTE OU DE VULNERABILIDADE FISICA OU MENTAL - REVOGADO","FATOS TIPICOS, CRIMES VIOLENTOS LETAIS INTENCIONAIS, HOMICIDIO DOLOSO, FATOS TIPICOS QUE RESULTAM EM MORTE, PROJETO ACOLHIDA, FATOS TIPICOS QUE RESULTAM EM MORTE, PROJETO ACOLHIDA, FATOS TIPICOS, CRIMES VIOLENTOS LETAIS INTENCIONAIS, HOMICIDIO DOLOSO, HOMICIDIO DOLOSO, CRIMES VIOLENTOS LETAIS INTENCIONAIS, PROJETO ACOLHIDA, FATOS TIPICOS, FATOS TIPICOS QUE RESULTAM EM MORTE, FEMINICIDIO, VIOLENCIA DOMESTICA, FATOS TIPICOS, PROJETO ACOLHIDA, CRIMES VIOLENTOS LETAIS INTENCIONAIS, FEMINICIDIO, PROJETO ACOLHIDA, FATOS TIPICOS, CRIMES VIOLENTOS LETAIS INTENCIONAIS",01/09/2018,19:30:00,MS,Campo Grande,5002704,JARDIM LEBLON,VIOLENCIA DOMESTICA MAJORADO,False,True,False,2018,9
3598,514/2018 - DP-DEODÁPOLIS,"FEMINICIDIO, VIOLENCIA DOMESTICA E FAMILIAR REVOGADO","FEMINICIDIO, VIOLENCIA DOMESTICA, FATOS TIPICOS, PROJETO ACOLHIDA, CRIMES VIOLENTOS LETAIS INTENCIONAIS",29/08/2018,22:00:00,MS,Deodápolis,5003454,,VIOLENCIA DOMESTICA (LEGISLAÇÃO REVOGADA),False,True,False,2018,8
3644,435/2018 - DAM-TRÊS LAGOAS,"SUICIDIO, FEMINICIDIO, VIOLENCIA DOMESTICA E FAMILIAR REVOGADO","MORTE DECORRENTE DE FATO ATIPICO, FEMINICIDIO, VIOLENCIA DOMESTICA, FATOS TIPICOS, PROJETO ACOLHIDA, CRIMES VIOLENTOS LETAIS INTENCIONAIS",25/07/2018,07:00:00,MS,Três Lagoas,5008305,ZONA RURAL,VIOLENCIA DOMESTICA (LEGISLAÇÃO REVOGADA),False,True,False,2018,7
3685,502/2018 - DP-RIO VERDE,"FEMINICIDIO, VIOLENCIA DOMESTICA E FAMILIAR REVOGADO","FEMINICIDIO, VIOLENCIA DOMESTICA, FATOS TIPICOS, PROJETO ACOLHIDA, CRIMES VIOLENTOS LETAIS INTENCIONAIS",26/06/2018,07:30:00,MS,Rio Verde De Mato Grosso,5007406,CENTRO,VIOLENCIA DOMESTICA (LEGISLAÇÃO REVOGADA),False,True,False,2018,6
3687,408/2018 - DAM-DOURADOS,"FEMINICIDIO, VIOLENCIA DOMESTICA E FAMILIAR REVOGADO, FEMINICIDIO, VIOLENCIA DOMESTICA E FAMILIAR, NA FORMA TENTADA REVOGADO","FEMINICIDIO, VIOLENCIA DOMESTICA, FATOS TIPICOS, PROJETO ACOLHIDA, CRIMES VIOLENTOS LETAIS INTENCIONAIS, VIOLENCIA DOMESTICA, FATOS TIPICOS, FEMINICIDIO NA FORMA TENTADA",25/06/2018,15:25:00,MS,Dourados,5003702,PARQUE DAS NACOES I,VIOLENCIA DOMESTICA TENTADO,True,True,False,2018,6
3689,496/2018 - DP-AGUA CLARA,"DANO, LESAO CORPORAL DOLOSA (VIOLENCIA DOMESTICA), HOMICIDIO QUALIFICADO POR MOTIVO FUTIL","FATOS TIPICOS, DANO, DOS CRIMES CONTRA A PESSOA, LESAO CORPORAL DOLOSA, VIOLENCIA DOMESTICA, FATOS TIPICOS, HOMICIDIO DOLOSO, FATOS TIPICOS QUE RESULTAM EM MORTE, CRIMES VIOLENTOS LETAIS INTENCIONAIS, PROJETO ACOLHIDA, FATOS TIPICOS",24/06/2018,02:00:00,MS,Água Clara,5000203,JARDIM NOVA AGUA CLARA,VIOLENCIA DOMESTICA,False,True,False,2018,6
3727,419/2018 - DP-RIBAS RIO PARDO,"POSSE IRREGULAR DE ARMA DE FOGO DE USO PERMITIDO, HOMICIDIO QUALIFICADO POR MOTIVO FUTIL, HOMICIDIO QUALIFICADO PELA TRAICAO, DE EMBOSCADA, OU MEDIANTE DISSIMULACAO OU OUTRO RECURSO QUE DIFICULTE OU TORNE IMPOSSIVEL A DEFESA DO OFENDIDO, AMEACA (VIOLENCIA DOMESTICA)","FATOS TIPICOS, PORTE E POSSE DE ARMA DE FOGO, HOMICIDIO DOLOSO, FATOS TIPICOS QUE RESULTAM EM MORTE, CRIMES VIOLENTOS LETAIS INTENCIONAIS, PROJETO ACOLHIDA, FATOS TIPICOS, HOMICIDIO DOLOSO, CRIMES VIOLENTOS LETAIS INTENCIONAIS, PROJETO ACOLHIDA, FATOS TIPICOS, FATOS TIPICOS QUE RESULTAM EM MORTE, VIOLENCIA DOMESTICA, FATOS TIPICOS, AMEAÇA",30/05/2018,02:14:00,MS,Ribas Do Rio Pardo,5007109,CENTRO,VIOLENCIA DOMESTICA,False,True,False,2018,5
3745,2943/2018 - 1DEAM,"FEMINICIDIO, VIOLENCIA DOMESTICA E FAMILIAR REVOGADO, FEMINICIDIO MAJORADO, SE PRATICADO NA PRESENÇA DE DESCENDENTE OU DE ASCENDENTE DA VITIMA - REVOGADO","FEMINICIDIO, VIOLENCIA DOMESTICA, FATOS TIPICOS, PROJETO ACOLHIDA, CRIMES VIOLENTOS LETAIS INTENCIONAIS, CRIMES VIOLENTOS LETAIS INTENCIONAIS, FATOS TIPICOS, FEMINICIDIO, PROJETO ACOLHIDA",18/05/2018,12:00:00,MS,Campo Grande,5002704,JARDIM ITAMARACA,VIOLENCIA DOMESTICA MAJORADO,False,True,False,2018,5
3773,655/2018 - DP-RIO BRILHANTE,"FEMINICIDIO, VIOLENCIA DOMESTICA E FAMILIAR REVOGADO","FEMINICIDIO, VIOLENCIA DOMESTICA, FATOS TIPICOS, PROJETO ACOLHIDA, CRIMES VIOLENTOS LETAIS INTENCIONAIS",01/05/2018,16:50:00,MS,Rio Brilhante,5007208,,VIOLENCIA DOMESTICA (LEGISLAÇÃO REVOGADA),False,True,False,2018,5
3777,1011/2018 - DP-SIDROLANDIA,"FEMINICIDIO - REVOGADO, FEMINICIDIO, VIOLENCIA DOMESTICA E FAMILIAR REVOGADO, FEMINICIDIO MAJORADO, SE PRATICADO NA PRESENÇA DE DESCENDENTE OU DE ASCENDENTE DA VITIMA - REVOGADO","FEMINICIDIO, CRIMES VIOLENTOS LETAIS INTENCIONAIS, PROJETO ACOLHIDA, FATOS TIPICOS, FEMINICIDIO, VIOLENCIA DOMESTICA, FATOS TIPICOS, PROJETO ACOLHIDA, CRIMES VIOLENTOS LETAIS INTENCIONAIS, CRIMES VIOLENTOS LETAIS INTENCIONAIS, FATOS TIPICOS, FEMINICIDIO, PROJETO ACOLHIDA",27/04/2018,00:00:00,MS,Sidrolândia,5007901,SAO BENTO,VIOLENCIA DOMESTICA MAJORADO,False,True,False,2018,4
3806,419/2018 - DP-BELA VISTA,"FEMINICIDIO, VIOLENCIA DOMESTICA E FAMILIAR REVOGADO, FEMINICIDIO, VIOLENCIA DOMESTICA E FAMILIAR, NA FORMA TENTADA REVOGADO","FEMINICIDIO, VIOLENCIA DOMESTICA, FATOS TIPICOS, PROJETO ACOLHIDA, CRIMES VIOLENTOS LETAIS INTENCIONAIS, VIOLENCIA DOMESTICA, FATOS TIPICOS, FEMINICIDIO NA FORMA TENTADA",08/04/2018,17:30:00,MS,Bela Vista,5002100,,VIOLENCIA DOMESTICA TENTADO,True,True,False,2018,4
3811,493/2018 - DP-AMAMBAI,"MORTE POR CAUSA INDETERMINADA (SEM INDICIO DE CRIME), FEMINICIDIO, VIOLENCIA DOMESTICA E FAMILIAR REVOGADO","MORTE DECORRENTE DE FATO ATIPICO, FATOS ATIPICOS, FEMINICIDIO, VIOLENCIA DOMESTICA, FATOS TIPICOS, PROJETO ACOLHIDA, CRIMES VIOLENTOS LETAIS INTENCIONAIS",03/04/2018,12:00:00,MS,Amambai,5000609,ZONA RURAL,VIOLENCIA DOMESTICA (LEGISLAÇÃO REVOGADA),False,True,False,2018,4
3875,139/2018 - DP-ELDORADO,"SUICIDIO, FEMINICIDIO, VIOLENCIA DOMESTICA E FAMILIAR REVOGADO","MORTE DECORRENTE DE FATO ATIPICO, FEMINICIDIO, VIOLENCIA DOMESTICA, FATOS TIPICOS, PROJETO ACOLHIDA, CRIMES VIOLENTOS LETAIS INTENCIONAIS",17/02/2018,13:36:00,MS,Eldorado,5003751,CENTRO,VIOLENCIA DOMESTICA (LEGISLAÇÃO REVOGADA),False,True,False,2018,2
3890,95/2018 - DAM-TRÊS LAGOAS,"SUICIDIO, FEMINICIDIO, VIOLENCIA DOMESTICA E FAMILIAR REVOGADO","MORTE DECORRENTE DE FATO ATIPICO, FEMINICIDIO, VIOLENCIA DOMESTICA, FATOS TIPICOS, PROJETO ACOLHIDA, CRIMES VIOLENTOS LETAIS INTENCIONAIS",09/02/2018,16:05:00,MS,Três Lagoas,5008305,JARDIM ALVORADA,VIOLENCIA DOMESTICA (LEGISLAÇÃO REVOGADA),False,True,False,2018,2
3913,452/2018 - 1DEAM,"FEMINICIDIO, VIOLENCIA DOMESTICA E FAMILIAR REVOGADO","FEMINICIDIO, VIOLENCIA DOMESTICA, FATOS TIPICOS, PROJETO ACOLHIDA, CRIMES VIOLENTOS LETAIS INTENCIONAIS",22/01/2018,18:30:00,MS,Campo Grande,5002704,JARDIM SANTA EMILIA,VIOLENCIA DOMESTICA (LEGISLAÇÃO REVOGADA),False,True,False,2018,1
3928,51/2018 - DP-MARACAJU,"FEMINICIDIO, VIOLENCIA DOMESTICA E FAMILIAR REVOGADO","FEMINICIDIO, VIOLENCIA DOMESTICA, FATOS TIPICOS, PROJETO ACOLHIDA, CRIMES VIOLENTOS LETAIS INTENCIONAIS",09/01/2018,20:00:00,MS,Maracaju,5005400,DISTRITO - VISTA ALEGRE,VIOLENCIA DOMESTICA (LEGISLAÇÃO REVOGADA),False,True,False,2018,1
3956,3925/2017 - 1DP-PARANAIBA,"LESAO CORPORAL DOLOSA (VIOLENCIA DOMESTICA), HOMICIDIO QUALIFICADO PELA TRAICAO, DE EMBOSCADA, OU MEDIANTE DISSIMULACAO OU OUTRO RECURSO QUE DIFICULTE OU TORNE IMPOSSIVEL A DEFESA DO OFENDIDO","DOS CRIMES CONTRA A PESSOA, LESAO CORPORAL DOLOSA, VIOLENCIA DOMESTICA, FATOS TIPICOS, HOMICIDIO DOLOSO, CRIMES VIOLENTOS LETAIS INTENCIONAIS, PROJETO ACOLHIDA, FATOS TIPICOS, FATOS TIPICOS QUE RESULTAM EM MORTE",17/12/2017,22:45:00,MS,Paranaíba,5006309,CENTRO,VIOLENCIA DOMESTICA,False,True,False,2017,12
3975,859/2017 - DP-NIOAQUE,"HOMICIDIO SIMPLES, LESAO CORPORAL DOLOSA (VIOLENCIA DOMESTICA)","FATOS TIPICOS, CRIMES VIOLENTOS LETAIS INTENCIONAIS, HOMICIDIO DOLOSO, FATOS TIPICOS QUE RESULTAM EM MORTE, PROJETO ACOLHIDA, DOS CRIMES CONTRA A PESSOA, LESAO CORPORAL DOLOSA, VIOLENCIA DOMESTICA, FATOS TIPICOS",08/12/2017,02:12:00,MS,Nioaque,5005806,,VIOLENCIA DOMESTICA,False,True,False,2017,12
3977,4857/2017 - DEPAC-DDOS,"FEMINICIDIO, VIOLENCIA DOMESTICA E FAMILIAR REVOGADO","FEMINICIDIO, VIOLENCIA DOMESTICA, FATOS TIPICOS, PROJETO ACOLHIDA, CRIMES VIOLENTOS LETAIS INTENCIONAIS",06/12/2017,17:00:00,MS,Dourados,5003702,PARQUE ALVORADA,VIOLENCIA DOMESTICA (LEGISLAÇÃO REVOGADA),False,True,False,2017,12
3985,389/2017 - DAM-NOVA ANDRADINA,"VIOLACAO DE DOMICILIO, LESAO CORPORAL DOLOSA (VIOLENCIA DOMESTICA), VIAS DE FATO (VIOLENCIA DOMESTICA), LESAO CORPORAL SEGUIDA DE MORTE (VIOLENCIA DOMESTICA), DANO (VIOLENCIA DOMESTICA)","FATOS TIPICOS, VIOLAÇAO DE DOMICILIO, DOS CRIMES CONTRA A PESSOA, LESAO CORPORAL DOLOSA, VIOLENCIA DOMESTICA, FATOS TIPICOS, VIAS DE FATO, FATOS TIPICOS, DAS CONTRAVENCOES PENAIS, VIOLENCIA DOMESTICA, LESAO CORPORAL DOLOSA, VIOLENCIA DOMESTICA, FATOS TIPICOS, CRIMES VIOLENTOS LETAIS INTENCIONAIS, FATOS TIPICOS",03/12/2017,05:45:00,MS,Nova Andradina,5006200,CAPILE,VIOLENCIA DOMESTICA,False,True,False,2017,12
4037,6058/2017 - 1DEAM,"FEMINICIDIO, VIOLENCIA DOMESTICA E FAMILIAR REVOGADO","FEMINICIDIO, VIOLENCIA DOMESTICA, FATOS TIPICOS, PROJETO ACOLHIDA, CRIMES VIOLENTOS LETAIS INTENCIONAIS",02/11/2017,02:00:00,MS,Campo Grande,5002704,,VIOLENCIA DOMESTICA (LEGISLAÇÃO REVOGADA),False,True,False,2017,11
4102,974/2017 - DP-BELA VISTA,"HOMICIDIO SIMPLES, FEMINICIDIO, VIOLENCIA DOMESTICA E FAMILIAR, NA FORMA TENTADA REVOGADO","FATOS TIPICOS, CRIMES VIOLENTOS LETAIS INTENCIONAIS, HOMICIDIO DOLOSO, FATOS TIPICOS QUE RESULTAM EM MORTE, PROJETO ACOLHIDA, VIOLENCIA DOMESTICA, FATOS TIPICOS, FEMINICIDIO NA FORMA TENTADA",23/09/2017,17:58:00,MS,Bela Vista,5002100,,VIOLENCIA DOMESTICA TENTADO,True,True,False,2017,9
4115,5049/2017 - 1DEAM,"FEMINICIDIO, VIOLENCIA DOMESTICA E FAMILIAR REVOGADO","FEMINICIDIO, VIOLENCIA DOMESTICA, FATOS TIPICOS, PROJETO ACOLHIDA, CRIMES VIOLENTOS LETAIS INTENCIONAIS",15/09/2017,19:00:00,MS,Campo Grande,5002704,JARDIM MONUMENTO,VIOLENCIA DOMESTICA (LEGISLAÇÃO REVOGADA),False,True,False,2017,9
4138,348/2017 - DP-INOCÊNCIA,"FEMINICIDIO, VIOLENCIA DOMESTICA E FAMILIAR REVOGADO","FEMINICIDIO, VIOLENCIA DOMESTICA, FATOS TIPICOS, PROJETO ACOLHIDA, CRIMES VIOLENTOS LETAIS INTENCIONAIS",31/08/2017,20:50:00,MS,Inocência,5004403,CENTRO,VIOLENCIA DOMESTICA (LEGISLAÇÃO REVOGADA),False,True,False,2017,8
4217,2195/2017 - 1DP-PARANAIBA,"SUICIDIO (TENTATIVA), FEMINICIDIO, VIOLENCIA DOMESTICA E FAMILIAR REVOGADO","FEMINICIDIO, VIOLENCIA DOMESTICA, FATOS TIPICOS, PROJETO ACOLHIDA, CRIMES VIOLENTOS LETAIS INTENCIONAIS",13/07/2017,22:30:00,MS,Paranaíba,5006309,DE LOURDES,VIOLENCIA DOMESTICA TENTADO,True,True,False,2017,7
4242,1350/2017 - DP-IVINHEMA,"FEMINICIDIO, VIOLENCIA DOMESTICA E FAMILIAR REVOGADO","FEMINICIDIO, VIOLENCIA DOMESTICA, FATOS TIPICOS, PROJETO ACOLHIDA, CRIMES VIOLENTOS LETAIS INTENCIONAIS",30/06/2017,20:50:00,MS,Ivinhema,5004700,,VIOLENCIA DOMESTICA (LEGISLAÇÃO REVOGADA),False,True,False,2017,6
4250,2054/2017 - DEPAC-TL,"FEMINICIDIO, VIOLENCIA DOMESTICA E FAMILIAR REVOGADO","FEMINICIDIO, VIOLENCIA DOMESTICA, FATOS TIPICOS, PROJETO ACOLHIDA, CRIMES VIOLENTOS LETAIS INTENCIONAIS",25/06/2017,15:54:00,MS,Três Lagoas,5008305,JARDIM DAS OLIVEIRAS,VIOLENCIA DOMESTICA (LEGISLAÇÃO REVOGADA),False,True,False,2017,6
4280,917/2017 - DP-RIO BRILHANTE,"POSSE IRREGULAR DE ARMA DE FOGO DE USO PERMITIDO, FEMINICIDIO - REVOGADO, FEMINICIDIO, VIOLENCIA DOMESTICA E FAMILIAR, NA FORMA TENTADA REVOGADO","FATOS TIPICOS, PORTE E POSSE DE ARMA DE FOGO, FEMINICIDIO, CRIMES VIOLENTOS LETAIS INTENCIONAIS, PROJETO ACOLHIDA, FATOS TIPICOS, VIOLENCIA DOMESTICA, FATOS TIPICOS, FEMINICIDIO NA FORMA TENTADA",07/06/2017,18:30:00,MS,Rio Brilhante,5007208,BENEDITO RONDON,VIOLENCIA DOMESTICA TENTADO,True,True,False,2017,6
4283,3113/2017 - 1DEAM,"FEMINICIDIO, VIOLENCIA DOMESTICA E FAMILIAR REVOGADO","FEMINICIDIO, VIOLENCIA DOMESTICA, FATOS TIPICOS, PROJETO ACOLHIDA, CRIMES VIOLENTOS LETAIS INTENCIONAIS",04/06/2017,18:30:00,MS,Campo Grande,5002704,PORTAL CAIOBA,VIOLENCIA DOMESTICA (LEGISLAÇÃO REVOGADA),False,True,False,2017,6
4292,2934/2017 - 1DEAM,"FEMINICIDIO, VIOLENCIA DOMESTICA E FAMILIAR REVOGADO","FEMINICIDIO, VIOLENCIA DOMESTICA, FATOS TIPICOS, PROJETO ACOLHIDA, CRIMES VIOLENTOS LETAIS INTENCIONAIS",26/05/2017,05:30:00,MS,Campo Grande,5002704,ZONA RURAL AREA 2 - RU DO SEGREDO,VIOLENCIA DOMESTICA (LEGISLAÇÃO REVOGADA),False,True,False,2017,5
4300,1319/2017 - 1DP-AQUIDAUANA,"CONSTRANGIMENTO ILEGAL, FURTO QUALIFICADO COM ABUSO DE CONFIANCA, OU MEDIANTE FRAUDE OU ESCALADA E DESTREZA, FEMINICIDIO, VIOLENCIA DOMESTICA E FAMILIAR REVOGADO","FATOS TIPICOS, FATOS TIPICOS, FURTO, FURTO (SEM ART. 155, § 3° DO CP), FEMINICIDIO, VIOLENCIA DOMESTICA, FATOS TIPICOS, PROJETO ACOLHIDA, CRIMES VIOLENTOS LETAIS INTENCIONAIS",21/05/2017,15:00:00,MS,Aquidauana,5001102,,VIOLENCIA DOMESTICA (LEGISLAÇÃO REVOGADA),False,True,False,2017,5
4347,1299/2017 - DEPAC-TL,"FEMINICIDIO, VIOLENCIA DOMESTICA E FAMILIAR REVOGADO","FEMINICIDIO, VIOLENCIA DOMESTICA, FATOS TIPICOS, PROJETO ACOLHIDA, CRIMES VIOLENTOS LETAIS INTENCIONAIS",23/04/2017,08:15:00,MS,Três Lagoas,5008305,,VIOLENCIA DOMESTICA (LEGISLAÇÃO REVOGADA),False,True,False,2017,4
4352,1244/2017 - DEPAC-TL,"HOMICIDIO QUALIFICADO PELA TRAICAO, DE EMBOSCADA, OU MEDIANTE DISSIMULACAO OU OUTRO RECURSO QUE DIFICULTE OU TORNE IMPOSSIVEL A DEFESA DO OFENDIDO, NA FORMA TENTADA, FEMINICIDIO, VIOLENCIA DOMESTICA E FAMILIAR REVOGADO","HOMICIDIO DOLOSO NA FORMA TENTADA, FATOS TIPICOS, FEMINICIDIO, VIOLENCIA DOMESTICA, FATOS TIPICOS, PROJETO ACOLHIDA, CRIMES VIOLENTOS LETAIS INTENCIONAIS",19/04/2017,21:15:00,MS,Três Lagoas,5008305,,VIOLENCIA DOMESTICA TENTADO,True,True,False,2017,4
4386,1167/2017 - DEPAC-DDOS,"FEMINICIDIO, VIOLENCIA DOMESTICA E FAMILIAR REVOGADO","FEMINICIDIO, VIOLENCIA DOMESTICA, FATOS TIPICOS, PROJETO ACOLHIDA, CRIMES VIOLENTOS LETAIS INTENCIONAIS",26/03/2017,22:00:00,MS,Dourados,5003702,JARDIM FLORIDA,VIOLENCIA DOMESTICA (LEGISLAÇÃO REVOGADA),False,True,False,2017,3
4392,1704/2017 - 1DEAM,"HOMICIDIO QUALIFICADO MEDIANTE PAGA OU PROMESSA DE RECOMPENSA, OU POR OUTRO MOTIVO TORPE, NA FORMA TENTADA, HOMICIDIO QUALIFICADO PELA TRAICAO, DE EMBOSCADA, OU MEDIANTE DISSIMULACAO OU OUTRO RECURSO QUE DIFICULTE OU TORNE IMPOSSIVEL A DEFESA DO OFENDIDO, NA FORMA TENTADA, FEMINICIDIO, VIOLENCIA DOMESTICA E FAMILIAR REVOGADO, FEMINICIDIO, VIOLENCIA DOMESTICA E FAMILIAR, NA FORMA TENTADA REVOGADO","FATOS TIPICOS, HOMICIDIO DOLOSO NA FORMA TENTADA, FATOS TIPICOS, FEMINICIDIO, VIOLENCIA DOMESTICA, FATOS TIPICOS, PROJETO ACOLHIDA, CRIMES VIOLENTOS LETAIS INTENCIONAIS, VIOLENCIA DOMESTICA, FATOS TIPICOS, FEMINICIDIO NA FORMA TENTADA",23/03/2017,14:45:00,MS,Campo Grande,5002704,MONTE CASTELO,VIOLENCIA DOMESTICA TENTADO,True,True,False,2017,3
4399,578/2017 - 1DP-COXIM,"FEMINICIDIO, VIOLENCIA DOMESTICA E FAMILIAR REVOGADO","FEMINICIDIO, VIOLENCIA DOMESTICA, FATOS TIPICOS, PROJETO ACOLHIDA, CRIMES VIOLENTOS LETAIS INTENCIONAIS",20/03/2017,00:30:00,MS,Coxim,5003306,NOVA COXIM,VIOLENCIA DOMESTICA (LEGISLAÇÃO REVOGADA),False,True,False,2017,3
4451,1915/2017 - DEPAC-PIRATININGA-CG,"FEMINICIDIO, VIOLENCIA DOMESTICA E FAMILIAR REVOGADO","FEMINICIDIO, VIOLENCIA DOMESTICA, FATOS TIPICOS, PROJETO ACOLHIDA, CRIMES VIOLENTOS LETAIS INTENCIONAIS",13/02/2017,07:00:00,MS,Campo Grande,5002704,VILA MARCOS ROBERTO,VIOLENCIA DOMESTICA (LEGISLAÇÃO REVOGADA),False,True,False,2017,2
4534,7310/2016 - 1DEAM,"FEMINICIDIO, VIOLENCIA DOMESTICA E FAMILIAR REVOGADO","FEMINICIDIO, VIOLENCIA DOMESTICA, FATOS TIPICOS, PROJETO ACOLHIDA, CRIMES VIOLENTOS LETAIS INTENCIONAIS",29/12/2016,22:38:00,MS,Campo Grande,5002704,JARDIM VIDA NOVA,VIOLENCIA DOMESTICA (LEGISLAÇÃO REVOGADA),False,True,False,2016,12
4545,663/2016 - DP-SETE QUEDAS,"FEMINICIDIO, VIOLENCIA DOMESTICA E FAMILIAR REVOGADO","FEMINICIDIO, VIOLENCIA DOMESTICA, FATOS TIPICOS, PROJETO ACOLHIDA, CRIMES VIOLENTOS LETAIS INTENCIONAIS",24/12/2016,21:40:00,MS,Sete Quedas,5007703,CENTRO,VIOLENCIA DOMESTICA (LEGISLAÇÃO REVOGADA),False,True,False,2016,12
4553,3874/2016 - 1DP-PARANAIBA,"POSSE IRREGULAR DE ARMA DE FOGO DE USO PERMITIDO, PERMITIR, CONFIAR OU ENTREGAR A DIREÇAO DE VEICULO AUTOMOTOR A PESSOA NAO HABILITADA, COM HABILITAÇAO CASSADA OU COM O DIREITO DE DIRIGIR SUSPENSO, OU, AINDA, A QUEM, POR SEU ESTADO DE SAUDE, FISICA OU MENTAL, OU POR EMBRIAGUEZ, NAO ESTEJA EM CONDIÇOES DE CONDUZI-LO COM SEGURANÇA, HOMICIDIO QUALIFICADO MEDIANTE PAGA OU PROMESSA DE RECOMPENSA, OU POR OUTRO MOTIVO TORPE, HOMICIDIO QUALIFICADO PELA TRAICAO, DE EMBOSCADA, OU MEDIANTE DISSIMULACAO OU OUTRO RECURSO QUE DIFICULTE OU TORNE IMPOSSIVEL A DEFESA DO OFENDIDO, CORROMPER OU FACILITAR A CORRUPCAO DE MENOR DE 18 (DEZOITO) ANOS, COM ELE PRATICANDO INFRACAO PENAL OU INDUZINDO-O A PRATICA-LA, FEMINICIDIO, VIOLENCIA DOMESTICA E FAMILIAR REVOGADO","FATOS TIPICOS, PORTE E POSSE DE ARMA DE FOGO, CRIMES DE TRANSITO (ART. 304 AO 312 DA LEI 9.503/97), FATOS TIPICOS, FATOS TIPICOS QUE RESULTAM EM MORTE, PROJETO ACOLHIDA, FATOS TIPICOS, CRIMES VIOLENTOS LETAIS INTENCIONAIS, HOMICIDIO DOLOSO, HOMICIDIO DOLOSO, CRIMES VIOLENTOS LETAIS INTENCIONAIS, PROJETO ACOLHIDA, FATOS TIPICOS, FATOS TIPICOS QUE RESULTAM EM MORTE, CORRUPCAO DE MENOR, FATOS TIPICOS, FEMINICIDIO, VIOLENCIA DOMESTICA, FATOS TIPICOS, PROJETO ACOLHIDA, CRIMES VIOLENTOS LETAIS INTENCIONAIS",17/12/2016,22:00:00,MS,Paranaíba,5006309,SANTO ANTONIO,VIOLENCIA DOMESTICA (LEGISLAÇÃO REVOGADA),False,True,False,2016,12
4632,6263/2016 - 1DEAM,"EXPOR A PERIGO A INTEGRIDADE E A SAUDE, FISICA OU PSIQUICA, DA PESSOA IDOSA, SUBMETENDO-A A CONDIÇOES DESUMANAS OU DEGRADANTES OU PRIVANDO-A DE ALIMENTOS E CUIDADOS INDISPENSAVEIS, QUANDO OBRIGADO A FAZE-LO, OU SUJEITANDO-A A TRABALHO EXCESSIVO OU INADEQUADO, SE RESULTA MORTE, FEMINICIDIO, VIOLENCIA DOMESTICA E FAMILIAR REVOGADO","FATOS TIPICOS QUE RESULTAM EM MORTE, FATOS TIPICOS, ESTATUTO DO IDOSO, FEMINICIDIO, VIOLENCIA DOMESTICA, FATOS TIPICOS, PROJETO ACOLHIDA, CRIMES VIOLENTOS LETAIS INTENCIONAIS",10/11/2016,16:30:00,MS,Campo Grande,5002704,,VIOLENCIA DOMESTICA (LEGISLAÇÃO REVOGADA),False,True,False,2016,11
4679,5709/2016 - 1DEAM,"FEMINICIDIO, VIOLENCIA DOMESTICA E FAMILIAR REVOGADO","FEMINICIDIO, VIOLENCIA DOMESTICA, FATOS TIPICOS, PROJETO ACOLHIDA, CRIMES VIOLENTOS LETAIS INTENCIONAIS",15/10/2016,19:43:00,MS,Campo Grande,5002704,VILA MORENINHA II,VIOLENCIA DOMESTICA (LEGISLAÇÃO REVOGADA),False,True,False,2016,10
4683,759/2016 - DP-CAMAPUÃ,"FEMINICIDIO, VIOLENCIA DOMESTICA E FAMILIAR REVOGADO","FEMINICIDIO, VIOLENCIA DOMESTICA, FATOS TIPICOS, PROJETO ACOLHIDA, CRIMES VIOLENTOS LETAIS INTENCIONAIS",12/10/2016,15:10:00,MS,Figueirão,5003900,,VIOLENCIA DOMESTICA (LEGISLAÇÃO REVOGADA),False,True,False,2016,10
4696,294/2016 - DAM-PONTA PORÃ,"FEMINICIDIO, VIOLENCIA DOMESTICA E FAMILIAR REVOGADO","FEMINICIDIO, VIOLENCIA DOMESTICA, FATOS TIPICOS, PROJETO ACOLHIDA, CRIMES VIOLENTOS LETAIS INTENCIONAIS",03/10/2016,06:30:00,MS,Ponta Porã,5006606,JARDIM AMERICA,VIOLENCIA DOMESTICA (LEGISLAÇÃO REVOGADA),False,True,False,2016,10
4708,883/2016 - DP-RIBAS RIO PARDO,"FEMINICIDIO, VIOLENCIA DOMESTICA E FAMILIAR REVOGADO, FEMINICIDIO MAJORADO, SE PRATICADO NA PRESENÇA DE DESCENDENTE OU DE ASCENDENTE DA VITIMA - REVOGADO","FEMINICIDIO, VIOLENCIA DOMESTICA, FATOS TIPICOS, PROJETO ACOLHIDA, CRIMES VIOLENTOS LETAIS INTENCIONAIS, CRIMES VIOLENTOS LETAIS INTENCIONAIS, FATOS TIPICOS, FEMINICIDIO, PROJETO ACOLHIDA",24/09/2016,20:10:00,MS,Ribas Do Rio Pardo,5007109,,VIOLENCIA DOMESTICA MAJORADO,False,True,False,2016,9
4734,326/2016 - DP-SANTA RITA PARDO,"FEMINICIDIO, VIOLENCIA DOMESTICA E FAMILIAR REVOGADO","FEMINICIDIO, VIOLENCIA DOMESTICA, FATOS TIPICOS, PROJETO ACOLHIDA, CRIMES VIOLENTOS LETAIS INTENCIONAIS",03/09/2016,21:30:00,MS,Santa Rita Do Pardo,5007554,NOVO HORIZONTE,VIOLENCIA DOMESTICA (LEGISLAÇÃO REVOGADA),False,True,False,2016,9
4743,13590/2016 - DEPAC-CENTRO-CG,"DESTRUICAO, SUBTRACAO OU OCULTACAO DE CADAVER, FEMINICIDIO, VIOLENCIA DOMESTICA E FAMILIAR REVOGADO","FATOS TIPICOS, FEMINICIDIO, VIOLENCIA DOMESTICA, FATOS TIPICOS, PROJETO ACOLHIDA, CRIMES VIOLENTOS LETAIS INTENCIONAIS",31/08/2016,20:30:00,MS,Campo Grande,5002704,VILA SANTA LUZIA,VIOLENCIA DOMESTICA (LEGISLAÇÃO REVOGADA),False,True,False,2016,8
4749,1452/2016 - DP-CASSILÂNDIA,"FEMINICIDIO, VIOLENCIA DOMESTICA E FAMILIAR REVOGADO","FEMINICIDIO, VIOLENCIA DOMESTICA, FATOS TIPICOS, PROJETO ACOLHIDA, CRIMES VIOLENTOS LETAIS INTENCIONAIS",26/08/2016,15:00:00,MS,Cassilândia,5002902,CENTRO,VIOLENCIA DOMESTICA (LEGISLAÇÃO REVOGADA),False,True,False,2016,8
4757,782/2016 - DP-RIBAS RIO PARDO,"LESAO CORPORAL DOLOSA (VIOLENCIA DOMESTICA), HOMICIDIO QUALIFICADO PELA TRAICAO, DE EMBOSCADA, OU MEDIANTE DISSIMULACAO OU OUTRO RECURSO QUE DIFICULTE OU TORNE IMPOSSIVEL A DEFESA DO OFENDIDO","DOS CRIMES CONTRA A PESSOA, LESAO CORPORAL DOLOSA, VIOLENCIA DOMESTICA, FATOS TIPICOS, HOMICIDIO DOLOSO, CRIMES VIOLENTOS LETAIS INTENCIONAIS, PROJETO ACOLHIDA, FATOS TIPICOS, FATOS TIPICOS QUE RESULTAM EM MORTE",20/08/2016,00:30:00,MS,Ribas Do Rio Pardo,5007109,PARQUE ESTORIL,VIOLENCIA DOMESTICA,False,True,False,2016,8
4771,10112/2016 - DEPAC-PIRATININGA-CG,"FEMINICIDIO, VIOLENCIA DOMESTICA E FAMILIAR REVOGADO","FEMINICIDIO, VIOLENCIA DOMESTICA, FATOS TIPICOS, PROJETO ACOLHIDA, CRIMES VIOLENTOS LETAIS INTENCIONAIS",08/08/2016,03:30:00,MS,Campo Grande,5002704,PARQUE DO LAGEADO,VIOLENCIA DOMESTICA (LEGISLAÇÃO REVOGADA),False,True,False,2016,8
4783,560/2016 - DAM-DOURADOS,"FEMINICIDIO, VIOLENCIA DOMESTICA E FAMILIAR REVOGADO","FEMINICIDIO, VIOLENCIA DOMESTICA, FATOS TIPICOS, PROJETO ACOLHIDA, CRIMES VIOLENTOS LETAIS INTENCIONAIS",01/08/2016,00:00:00,MS,Dourados,5003702,,VIOLENCIA DOMESTICA (LEGISLAÇÃO REVOGADA),False,True,False,2016,8
4784,11784/2016 - DEPAC-CENTRO-CG,"HOMICIDIO SIMPLES, FEMINICIDIO, VIOLENCIA DOMESTICA E FAMILIAR, NA FORMA TENTADA REVOGADO","FATOS TIPICOS, CRIMES VIOLENTOS LETAIS INTENCIONAIS, HOMICIDIO DOLOSO, FATOS TIPICOS QUE RESULTAM EM MORTE, PROJETO ACOLHIDA, VIOLENCIA DOMESTICA, FATOS TIPICOS, FEMINICIDIO NA FORMA TENTADA",31/07/2016,18:40:00,MS,Campo Grande,5002704,CONJUNTO RESIDENCIAL MATA DO JACINTO,VIOLENCIA DOMESTICA TENTADO,True,True,False,2016,7
4834,416/2016 - DAM-TRÊS LAGOAS,"FEMINICIDIO, VIOLENCIA DOMESTICA E FAMILIAR REVOGADO","FEMINICIDIO, VIOLENCIA DOMESTICA, FATOS TIPICOS, PROJETO ACOLHIDA, CRIMES VIOLENTOS LETAIS INTENCIONAIS",29/06/2016,09:00:00,MS,Três Lagoas,5008305,NOVO IPANEMA,VIOLENCIA DOMESTICA (LEGISLAÇÃO REVOGADA),False,True,False,2016,6
4838,287/2016 - DP-PEDRO GOMES,"FEMINICIDIO, VIOLENCIA DOMESTICA E FAMILIAR REVOGADO","FEMINICIDIO, VIOLENCIA DOMESTICA, FATOS TIPICOS, PROJETO ACOLHIDA, CRIMES VIOLENTOS LETAIS INTENCIONAIS",28/06/2016,22:20:00,MS,Pedro Gomes,5006408,VILA NOVA ERA,VIOLENCIA DOMESTICA (LEGISLAÇÃO REVOGADA),False,True,False,2016,6
4872,206/2016 - DP-ANAURILÂNDIA,"FEMINICIDIO, VIOLENCIA DOMESTICA E FAMILIAR REVOGADO","FEMINICIDIO, VIOLENCIA DOMESTICA, FATOS TIPICOS, PROJETO ACOLHIDA, CRIMES VIOLENTOS LETAIS INTENCIONAIS",04/06/2016,20:00:00,MS,Anaurilândia,5000807,VILA QUEBRACHO,VIOLENCIA DOMESTICA (LEGISLAÇÃO REVOGADA),False,True,False,2016,6
4944,2372/2016 - 1DEAM,"FEMINICIDIO, VIOLENCIA DOMESTICA E FAMILIAR REVOGADO","FEMINICIDIO, VIOLENCIA DOMESTICA, FATOS TIPICOS, PROJETO ACOLHIDA, CRIMES VIOLENTOS LETAIS INTENCIONAIS",22/04/2016,02:00:00,MS,Campo Grande,5002704,JARDIM AERO RANCHO,VIOLENCIA DOMESTICA (LEGISLAÇÃO REVOGADA),False,True,False,2016,4
4948,154/2016 - DP-TACURU,"FEMINICIDIO, VIOLENCIA DOMESTICA E FAMILIAR REVOGADO","FEMINICIDIO, VIOLENCIA DOMESTICA, FATOS TIPICOS, PROJETO ACOLHIDA, CRIMES VIOLENTOS LETAIS INTENCIONAIS",20/04/2016,23:00:00,MS,Tacuru,5007950,,VIOLENCIA DOMESTICA (LEGISLAÇÃO REVOGADA),False,True,False,2016,4
4973,95/2016 - DAM-NOVA ANDRADINA,"FEMINICIDIO, VIOLENCIA DOMESTICA E FAMILIAR REVOGADO","FEMINICIDIO, VIOLENCIA DOMESTICA, FATOS TIPICOS, PROJETO ACOLHIDA, CRIMES VIOLENTOS LETAIS INTENCIONAIS",08/04/2016,17:40:00,MS,Nova Andradina,5006200,,VIOLENCIA DOMESTICA (LEGISLAÇÃO REVOGADA),False,True,False,2016,4
4975,516/2016 - DP-AMAMBAI,"FEMINICIDIO, VIOLENCIA DOMESTICA E FAMILIAR REVOGADO","FEMINICIDIO, VIOLENCIA DOMESTICA, FATOS TIPICOS, PROJETO ACOLHIDA, CRIMES VIOLENTOS LETAIS INTENCIONAIS",06/04/2016,18:00:00,MS,Amambai,5000609,,VIOLENCIA DOMESTICA (LEGISLAÇÃO REVOGADA),False,True,False,2016,4
5063,213/2016 - DP-BONITO,"FEMINICIDIO, VIOLENCIA DOMESTICA E FAMILIAR REVOGADO","FEMINICIDIO, VIOLENCIA DOMESTICA, FATOS TIPICOS, PROJETO ACOLHIDA, CRIMES VIOLENTOS LETAIS INTENCIONAIS",15/02/2016,00:00:00,MS,Bonito,5002209,JARDIM ANDREIA,VIOLENCIA DOMESTICA (LEGISLAÇÃO REVOGADA),False,True,False,2016,2
5074,83/2016 - DP-CORONEL SAPUCAIA,"HOMICIDIO SIMPLES, LESAO CORPORAL DOLOSA (VIOLENCIA DOMESTICA)","FATOS TIPICOS, CRIMES VIOLENTOS LETAIS INTENCIONAIS, HOMICIDIO DOLOSO, FATOS TIPICOS QUE RESULTAM EM MORTE, PROJETO ACOLHIDA, DOS CRIMES CONTRA A PESSOA, LESAO CORPORAL DOLOSA, VIOLENCIA DOMESTICA, FATOS TIPICOS",09/02/2016,04:00:00,MS,Coronel Sapucaia,5003157,,VIOLENCIA DOMESTICA,False,True,False,2016,2
5079,466/2016 - 1DP-NAVIRAÍ,"FEMINICIDIO, VIOLENCIA DOMESTICA E FAMILIAR REVOGADO","FEMINICIDIO, VIOLENCIA DOMESTICA, FATOS TIPICOS, PROJETO ACOLHIDA, CRIMES VIOLENTOS LETAIS INTENCIONAIS",07/02/2016,02:30:00,MS,Navirai,5005707,RESIDENCIAL SOL NASCENTE,VIOLENCIA DOMESTICA (LEGISLAÇÃO REVOGADA),False,True,False,2016,2
5124,32/2016 - DP-NIOAQUE,"SUICIDIO, FEMINICIDIO, VIOLENCIA DOMESTICA E FAMILIAR REVOGADO","MORTE DECORRENTE DE FATO ATIPICO, FEMINICIDIO, VIOLENCIA DOMESTICA, FATOS TIPICOS, PROJETO ACOLHIDA, CRIMES VIOLENTOS LETAIS INTENCIONAIS",17/01/2016,14:00:00,MS,Nioaque,5005806,,VIOLENCIA DOMESTICA (LEGISLAÇÃO REVOGADA),False,True,False,2016,1
5143,85/2016 - 1DEAM,"FEMINICIDIO, VIOLENCIA DOMESTICA E FAMILIAR REVOGADO","FEMINICIDIO, VIOLENCIA DOMESTICA, FATOS TIPICOS, PROJETO ACOLHIDA, CRIMES VIOLENTOS LETAIS INTENCIONAIS",05/01/2016,16:45:00,MS,Campo Grande,5002704,CONJUNTO AERO RANCHO,VIOLENCIA DOMESTICA (LEGISLAÇÃO REVOGADA),False,True,False,2016,1
